ISO-10303-21;
HEADER;
FILE_DESCRIPTION (( 'STEP AP214' ),
    '1' );
FILE_NAME ('b_inferior.STEP',
    '2026-08-31T04:26:45',
    ( '' ),
    ( '' ),
    'SwSTEP 2.0',
    'SolidWorks 2026',
    '' );
FILE_SCHEMA (( 'AUTOMOTIVE_DESIGN' ));
ENDSEC;

DATA;
#1 = DIRECTION ( 'NONE',  ( 0.000000000000000000, -1.000000000000000000, 0.000000000000000000 ) ) ;
#2 = VERTEX_POINT ( 'NONE', #1736 ) ;
#3 = LINE ( 'NONE', #2997, #704 ) ;
#4 = CARTESIAN_POINT ( 'NONE',  ( 0.000000000000000000, 20.69999999999999929, 0.000000000000000000 ) ) ;
#5 = CARTESIAN_POINT ( 'NONE',  ( 1.660000000000001696, 11.74000000000000021, -46.56000000000000227 ) ) ;
#6 = ORIENTED_EDGE ( 'NONE', *, *, #2663, .T. ) ;
#7 = FACE_OUTER_BOUND ( 'NONE', #891, .T. ) ;
#8 = ORIENTED_EDGE ( 'NONE', *, *, #4629, .F. ) ;
#9 = FACE_OUTER_BOUND ( 'NONE', #609, .T. ) ;
#10 = VECTOR ( 'NONE', #620, 1000.000000000000000 ) ;
#11 = CIRCLE ( 'NONE', #2185, 3.360000000000002096 ) ;
#12 = CARTESIAN_POINT ( 'NONE',  ( 0.000000000000000000, 20.69999999999999929, 0.000000000000000000 ) ) ;
#13 = DIRECTION ( 'NONE',  ( 1.000000000000000000, 0.000000000000000000, 0.000000000000000000 ) ) ;
#14 = ORIENTED_EDGE ( 'NONE', *, *, #3192, .F. ) ;
#15 = EDGE_CURVE ( 'NONE', #1422, #668, #290, .T. ) ;
#16 = LINE ( 'NONE', #3516, #4758 ) ;
#17 = FACE_OUTER_BOUND ( 'NONE', #474, .T. ) ;
#18 = CARTESIAN_POINT ( 'NONE',  ( 0.000000000000000000, 0.000000000000000000, -60.00000000000000000 ) ) ;
#19 = ADVANCED_FACE ( 'NONE', ( #4434, #1457, #1784 ), #2114, .T. ) ;
#20 = CARTESIAN_POINT ( 'NONE',  ( 0.000000000000000000, 17.50000000000000000, -5.000000000000000888 ) ) ;
#21 = LINE ( 'NONE', #2220, #3317 ) ;
#22 = PRODUCT_DEFINITION_SHAPE ( 'NONE', 'NONE',  #715 ) ;
#23 = CIRCLE ( 'NONE', #4931, 9.999999999999994671 ) ;
#24 = EDGE_CURVE ( 'NONE', #809, #1158, #4529, .T. ) ;
#25 = ORIENTED_EDGE ( 'NONE', *, *, #3221, .T. ) ;
#26 = ORIENTED_EDGE ( 'NONE', *, *, #953, .F. ) ;
#27 = VECTOR ( 'NONE', #529, 1000.000000000000000 ) ;
#28 = DIRECTION ( 'NONE',  ( 1.156482317317871478E-16, 0.000000000000000000, 1.000000000000000000 ) ) ;
#29 = FACE_OUTER_BOUND ( 'NONE', #2023, .T. ) ;
#30 = DIRECTION ( 'NONE',  ( 1.000000000000000000, -0.000000000000000000, -0.000000000000000000 ) ) ;
#31 = ORIENTED_EDGE ( 'NONE', *, *, #2247, .T. ) ;
#32 = FACE_OUTER_BOUND ( 'NONE', #1134, .T. ) ;
#33 = VERTEX_POINT ( 'NONE', #3318 ) ;
#34 = CARTESIAN_POINT ( 'NONE',  ( 0.000000000000000000, 2.999999999999995559, 0.000000000000000000 ) ) ;
#35 = AXIS2_PLACEMENT_3D ( 'NONE', #2549, #2976, #2596 ) ;
#36 = PLANE ( 'NONE',  #126 ) ;
#37 = DIRECTION ( 'NONE',  ( 0.000000000000000000, 1.000000000000000000, 0.000000000000000000 ) ) ;
#38 = ORIENTED_EDGE ( 'NONE', *, *, #4674, .F. ) ;
#39 = VECTOR ( 'NONE', #2777, 1000.000000000000000 ) ;
#40 = ADVANCED_FACE ( 'NONE', ( #3297 ), #4883, .F. ) ;
#41 = ORIENTED_EDGE ( 'NONE', *, *, #3677, .T. ) ;
#42 = CYLINDRICAL_SURFACE ( 'NONE', #2565, 1.700000000000000178 ) ;
#43 = CARTESIAN_POINT ( 'NONE',  ( 0.000000000000000000, 3.000000000000000000, 0.000000000000000000 ) ) ;
#44 = AXIS2_PLACEMENT_3D ( 'NONE', #3870, #3412, #1976 ) ;
#45 = CARTESIAN_POINT ( 'NONE',  ( 82.50000000000000000, 3.000000000000000000, -52.50000000000000000 ) ) ;
#46 = AXIS2_PLACEMENT_3D ( 'NONE', #2051, #3992, #2080 ) ;
#47 = LINE ( 'NONE', #3116, #3645 ) ;
#48 = EDGE_CURVE ( 'NONE', #1215, #215, #1056, .T. ) ;
#49 = EDGE_LOOP ( 'NONE', ( #4848, #2419, #2753 ) ) ;
#50 = ORIENTED_EDGE ( 'NONE', *, *, #3096, .T. ) ;
#51 = VECTOR ( 'NONE', #3925, 1000.000000000000000 ) ;
#52 = LINE ( 'NONE', #1186, #3604 ) ;
#53 = LINE ( 'NONE', #2846, #4294 ) ;
#54 = LINE ( 'NONE', #3784, #4814 ) ;
#55 = ORIENTED_EDGE ( 'NONE', *, *, #887, .F. ) ;
#56 = DIRECTION ( 'NONE',  ( 1.000000000000000000, 0.000000000000000000, -2.392722035830078972E-16 ) ) ;
#57 = EDGE_LOOP ( 'NONE', ( #4107, #3343, #234, #2248 ) ) ;
#58 = EDGE_CURVE ( 'NONE', #1149, #3838, #2612, .T. ) ;
#59 = CARTESIAN_POINT ( 'NONE',  ( 89.50000000000001421, 22.25000000000003553, -51.37499999999987921 ) ) ;
#60 = FACE_OUTER_BOUND ( 'NONE', #2668, .T. ) ;
#61 = LINE ( 'NONE', #1549, #840 ) ;
#62 = ORIENTED_EDGE ( 'NONE', *, *, #506, .T. ) ;
#63 = CARTESIAN_POINT ( 'NONE',  ( 10.05000000000001670, 11.75000000000000000, -57.74999999999997868 ) ) ;
#64 = VECTOR ( 'NONE', #1137, 1000.000000000000000 ) ;
#65 = VECTOR ( 'NONE', #4312, 1000.000000000000000 ) ;
#66 = EDGE_LOOP ( 'NONE', ( #3203, #4088, #369, #4064 ) ) ;
#67 = CARTESIAN_POINT ( 'NONE',  ( 100.0000000000000000, 11.74000000000000021, -11.75000000000000178 ) ) ;
#68 = CARTESIAN_POINT ( 'NONE',  ( 93.50000000000000000, 2.999999999999995559, -57.75000000000000000 ) ) ;
#69 = EDGE_CURVE ( 'NONE', #2979, #3753, #597, .T. ) ;
#70 = AXIS2_PLACEMENT_3D ( 'NONE', #443, #2812, #1250 ) ;
#71 = DIRECTION ( 'NONE',  ( -0.000000000000000000, 1.000000000000000000, -0.000000000000000000 ) ) ;
#72 = DIRECTION ( 'NONE',  ( 0.000000000000000000, 0.000000000000000000, -1.000000000000000000 ) ) ;
#73 = EDGE_LOOP ( 'NONE', ( #3232, #3811, #2058, #2995, #4001, #2649 ) ) ;
#74 = DIRECTION ( 'NONE',  ( 1.000000000000000000, 0.000000000000000000, 0.000000000000000000 ) ) ;
#75 = AXIS2_PLACEMENT_3D ( 'NONE', #3267, #4806, #146 ) ;
#76 = EDGE_CURVE ( 'NONE', #3398, #124, #572, .T. ) ;
#77 = ORIENTED_EDGE ( 'NONE', *, *, #2095, .T. ) ;
#78 = DIRECTION ( 'NONE',  ( -0.000000000000000000, -1.000000000000000000, -0.000000000000000000 ) ) ;
#79 = CARTESIAN_POINT ( 'NONE',  ( 88.26000000000000512, 3.000000000000000000, -49.94999999999999574 ) ) ;
#80 = DIRECTION ( 'NONE',  ( -1.000000000000000000, 0.000000000000000000, -4.984837574645997858E-18 ) ) ;
#81 = ORIENTED_EDGE ( 'NONE', *, *, #84, .T. ) ;
#82 = PLANE ( 'NONE',  #2054 ) ;
#83 = ORIENTED_EDGE ( 'NONE', *, *, #4136, .F. ) ;
#84 = EDGE_CURVE ( 'NONE', #2330, #388, #4435, .T. ) ;
#85 = LINE ( 'NONE', #1617, #2984 ) ;
#86 = DIRECTION ( 'NONE',  ( 1.000000000000000000, 0.000000000000000000, 2.891205793294675861E-16 ) ) ;
#87 = DIRECTION ( 'NONE',  ( 0.000000000000000000, 1.000000000000000000, 2.282530889443167022E-16 ) ) ;
#88 = ORIENTED_EDGE ( 'NONE', *, *, #1874, .T. ) ;
#89 = VERTEX_POINT ( 'NONE', #4811 ) ;
#90 = ADVANCED_FACE ( 'NONE', ( #2140 ), #3678, .F. ) ;
#91 = CARTESIAN_POINT ( 'NONE',  ( 2.250000000000000000, 7.500000000000013323, -52.50000000000000711 ) ) ;
#92 = VECTOR ( 'NONE', #4909, 1000.000000000000000 ) ;
#93 = CARTESIAN_POINT ( 'NONE',  ( 7.500000000000007105, 17.50000000000000000, -57.74999999999999289 ) ) ;
#94 = CIRCLE ( 'NONE', #1300, 1.700000000000000178 ) ;
#95 = DIRECTION ( 'NONE',  ( 1.156482317317871478E-16, 0.000000000000000000, 1.000000000000000000 ) ) ;
#96 = LINE ( 'NONE', #1656, #3511 ) ;
#97 = CARTESIAN_POINT ( 'NONE',  ( 97.74999999999998579, 11.74000000000000021, -11.75000000000000178 ) ) ;
#98 = VERTEX_POINT ( 'NONE', #3722 ) ;
#99 = ORIENTED_EDGE ( 'NONE', *, *, #4275, .F. ) ;
#100 = CARTESIAN_POINT ( 'NONE',  ( 0.000000000000000000, 11.74000000000000021, -15.11000000000000121 ) ) ;
#101 = EDGE_CURVE ( 'NONE', #367, #649, #2586, .T. ) ;
#102 = LINE ( 'NONE', #530, #1754 ) ;
#103 = VERTEX_POINT ( 'NONE', #3748 ) ;
#104 = CARTESIAN_POINT ( 'NONE',  ( 2.250000000000007105, 17.50000000000030553, -8.078182774007718200E-14 ) ) ;
#105 = ORIENTED_EDGE ( 'NONE', *, *, #214, .F. ) ;
#106 = VECTOR ( 'NONE', #4507, 1000.000000000000000 ) ;
#107 = CARTESIAN_POINT ( 'NONE',  ( 0.000000000000000000, 17.50000000000000711, -6.500000000000000000 ) ) ;
#108 = DIRECTION ( 'NONE',  ( -0.000000000000000000, -0.000000000000000000, 1.000000000000000000 ) ) ;
#109 = CARTESIAN_POINT ( 'NONE',  ( 10.50000000000000000, 17.50000000000001776, -53.62500000000000000 ) ) ;
#110 = ORIENTED_EDGE ( 'NONE', *, *, #1180, .F. ) ;
#111 = VERTEX_POINT ( 'NONE', #4074 ) ;
#112 = EDGE_CURVE ( 'NONE', #2641, #1911, #1407, .T. ) ;
#113 = AXIS2_PLACEMENT_3D ( 'NONE', #822, #2758, #4722 ) ;
#114 = CARTESIAN_POINT ( 'NONE',  ( 0.000000000000000000, 17.50000000000030553, -9.714451465470307793E-14 ) ) ;
#115 = CARTESIAN_POINT ( 'NONE',  ( 92.50000000000000000, 17.50000000000000000, -2.250000000000000000 ) ) ;
#116 = ADVANCED_FACE ( 'NONE', ( #4600, #2712 ), #3773, .F. ) ;
#117 = AXIS2_PLACEMENT_3D ( 'NONE', #4545, #1169, #4949 ) ;
#118 = ORIENTED_EDGE ( 'NONE', *, *, #1804, .T. ) ;
#119 = DIRECTION ( 'NONE',  ( 0.000000000000000000, 0.000000000000000000, 1.000000000000000000 ) ) ;
#120 = FACE_OUTER_BOUND ( 'NONE', #239, .T. ) ;
#121 = AXIS2_PLACEMENT_3D ( 'NONE', #503, #3989, #4361 ) ;
#122 = DIRECTION ( 'NONE',  ( -0.000000000000000000, 0.000000000000000000, 1.000000000000000000 ) ) ;
#123 = PLANE ( 'NONE',  #2517 ) ;
#124 = VERTEX_POINT ( 'NONE', #2290 ) ;
#125 = ORIENTED_EDGE ( 'NONE', *, *, #281, .F. ) ;
#126 = AXIS2_PLACEMENT_3D ( 'NONE', #1196, #2707, #3411 ) ;
#127 = LINE ( 'NONE', #3605, #786 ) ;
#128 = DIRECTION ( 'NONE',  ( 0.000000000000000000, -1.000000000000000000, 0.000000000000000000 ) ) ;
#129 = LINE ( 'NONE', #4738, #1110 ) ;
#130 = EDGE_LOOP ( 'NONE', ( #3053, #696, #3459, #212, #2709, #1536, #4761, #4270 ) ) ;
#131 = DIRECTION ( 'NONE',  ( 1.000000000000000000, 0.000000000000000000, -0.000000000000000000 ) ) ;
#132 = VECTOR ( 'NONE', #2037, 1000.000000000000000 ) ;
#133 = ORIENTED_EDGE ( 'NONE', *, *, #2361, .F. ) ;
#134 = EDGE_CURVE ( 'NONE', #4967, #4559, #4834, .T. ) ;
#135 = DIRECTION ( 'NONE',  ( -1.000000000000000000, 0.000000000000000000, 0.000000000000000000 ) ) ;
#136 = CARTESIAN_POINT ( 'NONE',  ( 7.500000000000000888, 24.50000000000002842, -54.75000000000002132 ) ) ;
#137 = FACE_BOUND ( 'NONE', #1664, .T. ) ;
#138 = VERTEX_POINT ( 'NONE', #697 ) ;
#139 = ORIENTED_EDGE ( 'NONE', *, *, #4524, .F. ) ;
#140 = FACE_OUTER_BOUND ( 'NONE', #3640, .T. ) ;
#141 = EDGE_LOOP ( 'NONE', ( #2573, #3212 ) ) ;
#142 = EDGE_CURVE ( 'NONE', #3061, #4320, #776, .T. ) ;
#143 = ORIENTED_EDGE ( 'NONE', *, *, #2183, .F. ) ;
#144 = VECTOR ( 'NONE', #4053, 1000.000000000000000 ) ;
#145 = DIRECTION ( 'NONE',  ( 1.000000000000000000, 0.000000000000000000, -0.000000000000000000 ) ) ;
#146 = DIRECTION ( 'NONE',  ( 0.000000000000000000, 0.000000000000000000, 1.000000000000000000 ) ) ;
#147 = ADVANCED_FACE ( 'NONE', ( #315 ), #1957, .F. ) ;
#148 = EDGE_CURVE ( 'NONE', #2113, #754, #727, .T. ) ;
#149 = VECTOR ( 'NONE', #1837, 1000.000000000000000 ) ;
#150 = DIRECTION ( 'NONE',  ( 0.000000000000000000, 0.000000000000000000, 1.000000000000000000 ) ) ;
#151 = CARTESIAN_POINT ( 'NONE',  ( 88.26000000000001933, 11.74999999999999645, -58.33999999999997499 ) ) ;
#152 = VECTOR ( 'NONE', #80, 1000.000000000000000 ) ;
#153 = ORIENTED_EDGE ( 'NONE', *, *, #4476, .F. ) ;
#154 = ORIENTED_EDGE ( 'NONE', *, *, #1156, .F. ) ;
#155 = EDGE_CURVE ( 'NONE', #1546, #4839, #2741, .T. ) ;
#156 = CARTESIAN_POINT ( 'NONE',  ( 10.50000000000000000, 17.50000000000001421, -5.250000000000018652 ) ) ;
#157 = DIRECTION ( 'NONE',  ( 0.000000000000000000, 0.000000000000000000, -1.000000000000000000 ) ) ;
#158 = VECTOR ( 'NONE', #4526, 1000.000000000000114 ) ;
#159 = FACE_OUTER_BOUND ( 'NONE', #2055, .T. ) ;
#160 = ORIENTED_EDGE ( 'NONE', *, *, #2365, .F. ) ;
#161 = LINE ( 'NONE', #1741, #4468 ) ;
#162 = ORIENTED_EDGE ( 'NONE', *, *, #2435, .F. ) ;
#163 = FACE_OUTER_BOUND ( 'NONE', #362, .T. ) ;
#164 = CARTESIAN_POINT ( 'NONE',  ( 11.75000000000000533, 11.75000000000000000, -60.00000000000000000 ) ) ;
#165 = ORIENTED_EDGE ( 'NONE', *, *, #4674, .T. ) ;
#166 = VERTEX_POINT ( 'NONE', #1129 ) ;
#167 = CARTESIAN_POINT ( 'NONE',  ( 94.75000000000000000, 17.50000000000000711, -6.500000000000000000 ) ) ;
#168 = CARTESIAN_POINT ( 'NONE',  ( 97.74999999999998579, 17.50000000000030553, -5.162832336588184998E-14 ) ) ;
#169 = ADVANCED_FACE ( 'NONE', ( #1205 ), #363, .T. ) ;
#170 = ORIENTED_EDGE ( 'NONE', *, *, #1780, .F. ) ;
#171 = VECTOR ( 'NONE', #2636, 1000.000000000000000 ) ;
#172 = LINE ( 'NONE', #4782, #1820 ) ;
#173 = LINE ( 'NONE', #1404, #2886 ) ;
#174 = ORIENTED_EDGE ( 'NONE', *, *, #766, .F. ) ;
#175 = ORIENTED_EDGE ( 'NONE', *, *, #4371, .F. ) ;
#176 = EDGE_CURVE ( 'NONE', #4367, #89, #4254, .T. ) ;
#177 = LINE ( 'NONE', #3679, #3849 ) ;
#178 = ADVANCED_FACE ( 'NONE', ( #391 ), #2503, .F. ) ;
#179 = CARTESIAN_POINT ( 'NONE',  ( 0.000000000000000000, 0.000000000000000000, -8.625000000000117240 ) ) ;
#180 = ORIENTED_EDGE ( 'NONE', *, *, #798, .T. ) ;
#181 = DIRECTION ( 'NONE',  ( -0.000000000000000000, 1.000000000000000000, 0.000000000000000000 ) ) ;
#182 = ORIENTED_EDGE ( 'NONE', *, *, #3346, .F. ) ;
#183 = FACE_OUTER_BOUND ( 'NONE', #2651, .T. ) ;
#184 = FACE_OUTER_BOUND ( 'NONE', #932, .T. ) ;
#185 = PLANE ( 'NONE',  #4378 ) ;
#186 = ORIENTED_EDGE ( 'NONE', *, *, #729, .T. ) ;
#187 = VECTOR ( 'NONE', #2318, 1000.000000000000000 ) ;
#188 = ORIENTED_EDGE ( 'NONE', *, *, #1587, .T. ) ;
#189 = DIRECTION ( 'NONE',  ( -0.000000000000000000, -0.000000000000000000, -1.000000000000000000 ) ) ;
#190 = AXIS2_PLACEMENT_3D ( 'NONE', #4336, #128, #2423 ) ;
#191 = VERTEX_POINT ( 'NONE', #2241 ) ;
#192 = CARTESIAN_POINT ( 'NONE',  ( 7.500000000000000000, 7.500000000000000000, -57.74999999999999289 ) ) ;
#193 = AXIS2_PLACEMENT_3D ( 'NONE', #4870, #277, #4040 ) ;
#194 = PRODUCT_RELATED_PRODUCT_CATEGORY ( 'part', '', ( #741 ) ) ;
#195 = VECTOR ( 'NONE', #3238, 1000.000000000000000 ) ;
#196 = DIRECTION ( 'NONE',  ( -0.000000000000000000, -1.000000000000000000, -0.000000000000000000 ) ) ;
#197 = DIRECTION ( 'NONE',  ( -0.000000000000000000, -1.000000000000000000, -0.000000000000000000 ) ) ;
#198 = ORIENTED_EDGE ( 'NONE', *, *, #3106, .T. ) ;
#199 = ORIENTED_EDGE ( 'NONE', *, *, #3163, .T. ) ;
#200 = VECTOR ( 'NONE', #3432, 1000.000000000000000 ) ;
#201 = EDGE_LOOP ( 'NONE', ( #4912, #2031, #2681, #1258, #1423, #2053 ) ) ;
#202 = LINE ( 'NONE', #3274, #3768 ) ;
#203 = EDGE_CURVE ( 'NONE', #3669, #2305, #1153, .T. ) ;
#204 = LINE ( 'NONE', #3630, #1712 ) ;
#205 = ORIENTED_EDGE ( 'NONE', *, *, #384, .T. ) ;
#206 = CARTESIAN_POINT ( 'NONE',  ( 6.500000000000000888, 2.999999999999995559, -56.99999999999999289 ) ) ;
#207 = ORIENTED_EDGE ( 'NONE', *, *, #1253, .T. ) ;
#208 = CARTESIAN_POINT ( 'NONE',  ( 7.500000000000006217, 3.000000000000000000, -7.500000000000000000 ) ) ;
#209 = DIRECTION ( 'NONE',  ( 1.000000000000000000, -0.000000000000000000, -0.000000000000000000 ) ) ;
#210 = PLANE ( 'NONE',  #3524 ) ;
#211 = ORIENTED_EDGE ( 'NONE', *, *, #4335, .T. ) ;
#212 = ORIENTED_EDGE ( 'NONE', *, *, #1412, .F. ) ;
#213 = DIRECTION ( 'NONE',  ( -1.000000000000000000, 0.000000000000000000, 0.000000000000000000 ) ) ;
#214 = EDGE_CURVE ( 'NONE', #1029, #1142, #1554, .T. ) ;
#215 = VERTEX_POINT ( 'NONE', #4962 ) ;
#216 = DIRECTION ( 'NONE',  ( -1.000000000000000000, 0.000000000000000000, -0.000000000000000000 ) ) ;
#217 = VERTEX_POINT ( 'NONE', #3395 ) ;
#218 = ADVANCED_FACE ( 'NONE', ( #720 ), #4780, .F. ) ;
#219 = EDGE_LOOP ( 'NONE', ( #3244, #2801, #2585, #4623 ) ) ;
#220 = CARTESIAN_POINT ( 'NONE',  ( 92.50000000000001421, 60.00000000000000000, -7.500000000000000000 ) ) ;
#221 = VECTOR ( 'NONE', #28, 1000.000000000000000 ) ;
#222 = CARTESIAN_POINT ( 'NONE',  ( 0.000000000000000000, -14.66612044244156898, -10.63293732077010034 ) ) ;
#223 = VECTOR ( 'NONE', #2238, 1000.000000000000114 ) ;
#224 = PLANE ( 'NONE',  #3240 ) ;
#225 = EDGE_CURVE ( 'NONE', #3506, #1415, #4628, .T. ) ;
#226 = EDGE_LOOP ( 'NONE', ( #3595, #1607, #4689, #4605 ) ) ;
#227 = DIRECTION ( 'NONE',  ( -1.000000000000000000, 0.000000000000000000, 0.000000000000000000 ) ) ;
#228 = ORIENTED_EDGE ( 'NONE', *, *, #853, .F. ) ;
#229 = VECTOR ( 'NONE', #4502, 1000.000000000000000 ) ;
#230 = DIRECTION ( 'NONE',  ( -0.000000000000000000, 1.000000000000000000, -0.000000000000000000 ) ) ;
#231 = DIRECTION ( 'NONE',  ( 0.000000000000000000, 0.000000000000000000, -1.000000000000000000 ) ) ;
#232 = DIRECTION ( 'NONE',  ( 0.000000000000000000, 1.000000000000000000, 0.000000000000000000 ) ) ;
#233 = VERTEX_POINT ( 'NONE', #747 ) ;
#234 = ORIENTED_EDGE ( 'NONE', *, *, #4236, .F. ) ;
#235 = DIRECTION ( 'NONE',  ( 0.000000000000000000, 0.000000000000000000, -1.000000000000000000 ) ) ;
#236 = VECTOR ( 'NONE', #1978, 1000.000000000000000 ) ;
#237 = EDGE_CURVE ( 'NONE', #4422, #1232, #1905, .T. ) ;
#238 = EDGE_CURVE ( 'NONE', #1771, #4784, #1481, .T. ) ;
#239 = EDGE_LOOP ( 'NONE', ( #3226, #4938, #4288, #3414 ) ) ;
#240 = VECTOR ( 'NONE', #145, 1000.000000000000000 ) ;
#241 = CARTESIAN_POINT ( 'NONE',  ( 7.500000000000006217, 0.000000000000000000, -7.500000000000000000 ) ) ;
#242 = FACE_OUTER_BOUND ( 'NONE', #4041, .T. ) ;
#243 = ORIENTED_EDGE ( 'NONE', *, *, #2262, .T. ) ;
#244 = VERTEX_POINT ( 'NONE', #18 ) ;
#245 = FACE_OUTER_BOUND ( 'NONE', #2025, .T. ) ;
#246 = LINE ( 'NONE', #270, #106 ) ;
#247 = ORIENTED_EDGE ( 'NONE', *, *, #3594, .T. ) ;
#248 = CARTESIAN_POINT ( 'NONE',  ( 0.000000000000000000, 11.74000000000000021, -10.05000000000000426 ) ) ;
#249 = ORIENTED_EDGE ( 'NONE', *, *, #3598, .F. ) ;
#250 = EDGE_CURVE ( 'NONE', #4734, #735, #3088, .T. ) ;
#251 = DIRECTION ( 'NONE',  ( 0.7071067811865441310, 0.000000000000000000, 0.7071067811865507924 ) ) ;
#252 = CARTESIAN_POINT ( 'NONE',  ( 94.75000000000000000, 7.500000000000000000, 0.000000000000000000 ) ) ;
#253 = CARTESIAN_POINT ( 'NONE',  ( 86.56000000000003070, 11.74999999999999645, -60.00000000000000000 ) ) ;
#254 = VERTEX_POINT ( 'NONE', #3948 ) ;
#255 = VERTEX_POINT ( 'NONE', #3974 ) ;
#256 = LINE ( 'NONE', #4423, #2770 ) ;
#257 = AXIS2_PLACEMENT_3D ( 'NONE', #3168, #857, #72 ) ;
#258 = EDGE_CURVE ( 'NONE', #1758, #1813, #1724, .T. ) ;
#259 = EDGE_LOOP ( 'NONE', ( #3563, #2346, #538, #2041 ) ) ;
#260 = AXIS2_PLACEMENT_3D ( 'NONE', #3122, #454, #157 ) ;
#261 = EDGE_CURVE ( 'NONE', #2305, #98, #2739, .T. ) ;
#262 = DIRECTION ( 'NONE',  ( 0.000000000000000000, -1.000000000000000000, 0.000000000000000000 ) ) ;
#263 = DIRECTION ( 'NONE',  ( 0.000000000000000000, 0.000000000000000000, -1.000000000000000000 ) ) ;
#264 = VERTEX_POINT ( 'NONE', #4326 ) ;
#265 = CARTESIAN_POINT ( 'NONE',  ( 88.26000000000001933, 11.74999999999999645, -57.75000000000000000 ) ) ;
#266 = VECTOR ( 'NONE', #4243, 1000.000000000000000 ) ;
#267 = EDGE_CURVE ( 'NONE', #4853, #2223, #1279, .T. ) ;
#268 = PRESENTATION_LAYER_ASSIGNMENT (  '', '', ( #2767 ) ) ;
#269 = FACE_OUTER_BOUND ( 'NONE', #595, .T. ) ;
#270 = CARTESIAN_POINT ( 'NONE',  ( 0.000000000000000000, 24.50000000000000000, -60.00000000000000000 ) ) ;
#271 = VERTEX_POINT ( 'NONE', #3519 ) ;
#272 = DIRECTION ( 'NONE',  ( -1.000000000000000000, -0.000000000000000000, -0.000000000000000000 ) ) ;
#273 = ORIENTED_EDGE ( 'NONE', *, *, #2872, .F. ) ;
#274 = AXIS2_PLACEMENT_3D ( 'NONE', #4215, #457, #865 ) ;
#275 = FACE_BOUND ( 'NONE', #403, .T. ) ;
#276 = CARTESIAN_POINT ( 'NONE',  ( 13.44999999999999396, 11.75000000000000000, -57.74999999999997868 ) ) ;
#277 = DIRECTION ( 'NONE',  ( 0.000000000000000000, 0.000000000000000000, 1.000000000000000000 ) ) ;
#278 = ORIENTED_EDGE ( 'NONE', *, *, #1560, .F. ) ;
#279 = LINE ( 'NONE', #3407, #432 ) ;
#280 = ORIENTED_EDGE ( 'NONE', *, *, #1533, .T. ) ;
#281 = EDGE_CURVE ( 'NONE', #814, #1773, #4279, .T. ) ;
#282 = CARTESIAN_POINT ( 'NONE',  ( 11.75000000000000711, 3.000000000000000000, -48.25000000000000000 ) ) ;
#283 = AXIS2_PLACEMENT_3D ( 'NONE', #136, #4342, #3155 ) ;
#284 = CARTESIAN_POINT ( 'NONE',  ( 89.50000000000001421, 24.50000000000009237, -5.249999999999979572 ) ) ;
#285 = ORIENTED_EDGE ( 'NONE', *, *, #2901, .T. ) ;
#286 = CONICAL_SURFACE ( 'NONE', #2867, 3.360000000000002096, 0.7853981633974510546 ) ;
#287 = CARTESIAN_POINT ( 'NONE',  ( 89.50000000000001421, 22.25000000000003553, -53.62500000000000711 ) ) ;
#288 = FACE_OUTER_BOUND ( 'NONE', #4259, .T. ) ;
#289 = EDGE_LOOP ( 'NONE', ( #2900, #4284 ) ) ;
#290 = LINE ( 'NONE', #3699, #92 ) ;
#291 = EDGE_CURVE ( 'NONE', #649, #458, #2602, .T. ) ;
#292 = DIRECTION ( 'NONE',  ( 0.000000000000000000, -1.000000000000000000, -0.000000000000000000 ) ) ;
#293 = DIRECTION ( 'NONE',  ( 0.000000000000000000, 0.000000000000000000, 1.000000000000000000 ) ) ;
#294 = ADVANCED_FACE ( 'NONE', ( #120 ), #3597, .F. ) ;
#295 = ORIENTED_EDGE ( 'NONE', *, *, #4486, .F. ) ;
#296 = CARTESIAN_POINT ( 'NONE',  ( 100.0000000000000000, 11.74000000000000021, -48.26000000000000512 ) ) ;
#297 = EDGE_LOOP ( 'NONE', ( #2615, #83 ) ) ;
#298 = AXIS2_PLACEMENT_3D ( 'NONE', #4356, #425, #2748 ) ;
#299 = LINE ( 'NONE', #1890, #872 ) ;
#300 = VECTOR ( 'NONE', #777, 1000.000000000000000 ) ;
#301 = DIRECTION ( 'NONE',  ( 1.000000000000000000, 0.000000000000000000, 4.984837574645997858E-18 ) ) ;
#302 = FACE_OUTER_BOUND ( 'NONE', #130, .T. ) ;
#303 = ORIENTED_EDGE ( 'NONE', *, *, #1303, .F. ) ;
#304 = CARTESIAN_POINT ( 'NONE',  ( 10.50000000000000000, 7.500000000000000000, -54.74999999999997868 ) ) ;
#305 = VERTEX_POINT ( 'NONE', #3165 ) ;
#306 = PLANE ( 'NONE',  #1483 ) ;
#307 = FACE_OUTER_BOUND ( 'NONE', #4234, .T. ) ;
#308 = ORIENTED_EDGE ( 'NONE', *, *, #4847, .T. ) ;
#309 = AXIS2_PLACEMENT_3D ( 'NONE', #2711, #4675, #3086 ) ;
#310 = EDGE_CURVE ( 'NONE', #138, #1013, #1227, .T. ) ;
#311 = CARTESIAN_POINT ( 'NONE',  ( 0.000000000000000000, 20.69999999999999929, 0.000000000000000000 ) ) ;
#312 = CARTESIAN_POINT ( 'NONE',  ( 0.000000000000000000, 20.69999999999999929, -54.99999999999999289 ) ) ;
#313 = FACE_OUTER_BOUND ( 'NONE', #2468, .T. ) ;
#314 = EDGE_LOOP ( 'NONE', ( #4882, #4510, #3371, #4381, #3151, #456, #782, #2276, #3475, #3289 ) ) ;
#315 = FACE_OUTER_BOUND ( 'NONE', #3259, .T. ) ;
#316 = FACE_OUTER_BOUND ( 'NONE', #1405, .T. ) ;
#317 = LINE ( 'NONE', #4204, #2996 ) ;
#318 = EDGE_CURVE ( 'NONE', #2717, #3988, #3135, .T. ) ;
#319 = ORIENTED_EDGE ( 'NONE', *, *, #310, .F. ) ;
#320 = DIRECTION ( 'NONE',  ( 1.000000000000000000, -0.000000000000000000, 3.083952846180990774E-16 ) ) ;
#321 = ORIENTED_EDGE ( 'NONE', *, *, #3310, .T. ) ;
#322 = VECTOR ( 'NONE', #4229, 1000.000000000000000 ) ;
#323 = EDGE_CURVE ( 'NONE', #2717, #3659, #4703, .T. ) ;
#324 = CARTESIAN_POINT ( 'NONE',  ( 93.50000000000000000, 20.69999999999999929, -54.75000000000000000 ) ) ;
#325 = CARTESIAN_POINT ( 'NONE',  ( 0.000000000000000000, 2.999999999999995559, 0.000000000000000000 ) ) ;
#326 = CARTESIAN_POINT ( 'NONE',  ( 93.50000000000000000, 17.50000000000000000, -54.75000000000008527 ) ) ;
#327 = VECTOR ( 'NONE', #640, 999.9999999999997726 ) ;
#328 = ORIENTED_EDGE ( 'NONE', *, *, #484, .F. ) ;
#329 = DIRECTION ( 'NONE',  ( -0.000000000000000000, -1.000000000000000000, -0.000000000000000000 ) ) ;
#330 = ORIENTED_EDGE ( 'NONE', *, *, #4323, .T. ) ;
#331 = LINE ( 'NONE', #3055, #266 ) ;
#332 = DIRECTION ( 'NONE',  ( 0.000000000000000000, 0.000000000000000000, 1.000000000000000000 ) ) ;
#333 = PLANE ( 'NONE',  #687 ) ;
#334 = ORIENTED_EDGE ( 'NONE', *, *, #1580, .T. ) ;
#335 = CARTESIAN_POINT ( 'NONE',  ( 0.000000000000000000, 17.50000000000001776, -52.50000000000000000 ) ) ;
#336 = ORIENTED_EDGE ( 'NONE', *, *, #3239, .T. ) ;
#337 = EDGE_CURVE ( 'NONE', #4967, #4006, #444, .T. ) ;
#338 = VECTOR ( 'NONE', #2442, 1000.000000000000000 ) ;
#339 = DIRECTION ( 'NONE',  ( -1.000000000000000000, 0.000000000000000000, -0.000000000000000000 ) ) ;
#340 = PLANE ( 'NONE',  #1195 ) ;
#341 = LINE ( 'NONE', #723, #1629 ) ;
#342 = ORIENTED_EDGE ( 'NONE', *, *, #559, .F. ) ;
#343 = ORIENTED_EDGE ( 'NONE', *, *, #847, .T. ) ;
#344 = EDGE_CURVE ( 'NONE', #627, #4816, #903, .T. ) ;
#345 = CARTESIAN_POINT ( 'NONE',  ( 0.000000000000000000, 18.94999999999999574, -3.000000000000001776 ) ) ;
#346 = FACE_OUTER_BOUND ( 'NONE', #201, .T. ) ;
#347 = CARTESIAN_POINT ( 'NONE',  ( 82.50000000000000000, 3.000000000000000000, -7.500000000000000000 ) ) ;
#348 = VERTEX_POINT ( 'NONE', #3139 ) ;
#349 = CARTESIAN_POINT ( 'NONE',  ( 92.50000000000000000, 17.50000000000000711, -6.375000000000019540 ) ) ;
#350 = EDGE_LOOP ( 'NONE', ( #3990, #4596, #4467, #1376, #1893, #1367, #2892, #3777, #958 ) ) ;
#351 = DIRECTION ( 'NONE',  ( -0.000000000000000000, -1.000000000000000000, -0.000000000000000000 ) ) ;
#352 = AXIS2_PLACEMENT_3D ( 'NONE', #1191, #4688, #2352 ) ;
#353 = EDGE_CURVE ( 'NONE', #2108, #4320, #1302, .T. ) ;
#354 = FACE_OUTER_BOUND ( 'NONE', #2806, .T. ) ;
#355 = DIRECTION ( 'NONE',  ( 8.659560562354956277E-17, -0.7071067811865455743, 0.7071067811865493491 ) ) ;
#356 = ORIENTED_EDGE ( 'NONE', *, *, #1041, .F. ) ;
#357 = EDGE_CURVE ( 'NONE', #2522, #1773, #3216, .T. ) ;
#358 = AXIS2_PLACEMENT_3D ( 'NONE', #2678, #3028, #2730 ) ;
#359 = CARTESIAN_POINT ( 'NONE',  ( 0.000000000000000000, 24.50000000000036948, -1.467961554782173836E-13 ) ) ;
#360 = DIRECTION ( 'NONE',  ( -0.000000000000000000, -0.000000000000000000, -1.000000000000000000 ) ) ;
#361 = AXIS2_PLACEMENT_3D ( 'NONE', #3328, #2878, #4821 ) ;
#362 = EDGE_LOOP ( 'NONE', ( #4778, #4975, #3433, #1705, #3913, #4872, #3865, #4313, #1413 ) ) ;
#363 = PLANE ( 'NONE',  #405 ) ;
#364 = CARTESIAN_POINT ( 'NONE',  ( 100.0000000000000000, 24.50000000000000000, -54.99999999999999289 ) ) ;
#365 = EDGE_CURVE ( 'NONE', #3051, #1114, #1654, .T. ) ;
#366 = FACE_OUTER_BOUND ( 'NONE', #1265, .T. ) ;
#367 = VERTEX_POINT ( 'NONE', #4302 ) ;
#368 = LINE ( 'NONE', #4184, #3668 ) ;
#369 = ORIENTED_EDGE ( 'NONE', *, *, #2560, .T. ) ;
#370 = LINE ( 'NONE', #4512, #1109 ) ;
#371 = ADVANCED_FACE ( 'NONE', ( #852 ), #3544, .F. ) ;
#372 = DIRECTION ( 'NONE',  ( 0.000000000000000000, 0.000000000000000000, -1.000000000000000000 ) ) ;
#373 = FACE_OUTER_BOUND ( 'NONE', #2311, .T. ) ;
#374 = AXIS2_PLACEMENT_3D ( 'NONE', #1286, #3147, #4637 ) ;
#375 = VERTEX_POINT ( 'NONE', #3842 ) ;
#376 = CARTESIAN_POINT ( 'NONE',  ( 11.75000000000000533, 11.75000000000000000, -58.33999999999997499 ) ) ;
#377 = ORIENTED_EDGE ( 'NONE', *, *, #1049, .T. ) ;
#378 = DIRECTION ( 'NONE',  ( 0.000000000000000000, 0.000000000000000000, 1.000000000000000000 ) ) ;
#379 = AXIS2_PLACEMENT_3D ( 'NONE', #4409, #2844, #4835 ) ;
#380 = LINE ( 'NONE', #819, #1980 ) ;
#381 = CARTESIAN_POINT ( 'NONE',  ( 89.50000000000001421, 17.50000000000000711, -53.62499999999997868 ) ) ;
#382 = VECTOR ( 'NONE', #3864, 1000.000000000000000 ) ;
#383 = ORIENTED_EDGE ( 'NONE', *, *, #1011, .F. ) ;
#384 = EDGE_CURVE ( 'NONE', #420, #1297, #2260, .T. ) ;
#385 = PLANE ( 'NONE',  #2507 ) ;
#386 = ADVANCED_FACE ( 'NONE', ( #4269 ), #333, .F. ) ;
#387 = VECTOR ( 'NONE', #1931, 1000.000000000000000 ) ;
#388 = VERTEX_POINT ( 'NONE', #4594 ) ;
#389 = DIRECTION ( 'NONE',  ( -0.000000000000000000, 0.000000000000000000, -1.000000000000000000 ) ) ;
#390 = VERTEX_POINT ( 'NONE', #1950 ) ;
#391 = FACE_OUTER_BOUND ( 'NONE', #3251, .T. ) ;
#392 = VECTOR ( 'NONE', #2434, 1000.000000000000000 ) ;
#393 = CARTESIAN_POINT ( 'NONE',  ( 0.000000000000000000, 17.50000000000000711, -53.50000000000000000 ) ) ;
#394 = LINE ( 'NONE', #4231, #2039 ) ;
#395 = ORIENTED_EDGE ( 'NONE', *, *, #3953, .F. ) ;
#396 = CYLINDRICAL_SURFACE ( 'NONE', #666, 10.00000000000000533 ) ;
#397 = VERTEX_POINT ( 'NONE', #4293 ) ;
#398 = CARTESIAN_POINT ( 'NONE',  ( 2.250000000000000444, 2.999999999999995559, -53.50000000000000000 ) ) ;
#399 = PLANE ( 'NONE',  #2840 ) ;
#400 = LINE ( 'NONE', #1494, #1275 ) ;
#401 = EDGE_LOOP ( 'NONE', ( #4908, #1919, #3755, #4447 ) ) ;
#402 = DIRECTION ( 'NONE',  ( 0.000000000000000000, 0.8096104433943882572, -0.5869675714609300377 ) ) ;
#403 = EDGE_LOOP ( 'NONE', ( #2881, #4961 ) ) ;
#404 = DIRECTION ( 'NONE',  ( -1.000000000000000000, 0.000000000000000000, 0.000000000000000000 ) ) ;
#405 = AXIS2_PLACEMENT_3D ( 'NONE', #3494, #2315, #1532 ) ;
#406 = EDGE_CURVE ( 'NONE', #2074, #4395, #1979, .T. ) ;
#407 = CYLINDRICAL_SURFACE ( 'NONE', #3426, 1.699999999999993072 ) ;
#408 = DIRECTION ( 'NONE',  ( 2.392722035830078972E-16, 0.000000000000000000, 1.000000000000000000 ) ) ;
#409 = VERTEX_POINT ( 'NONE', #3436 ) ;
#410 = ORIENTED_EDGE ( 'NONE', *, *, #1503, .T. ) ;
#411 = ADVANCED_FACE ( 'NONE', ( #1876 ), #2288, .F. ) ;
#412 = ORIENTED_EDGE ( 'NONE', *, *, #2269, .T. ) ;
#413 = CARTESIAN_POINT ( 'NONE',  ( 10.50000000000000000, 7.500000000000000000, -54.74999999999997868 ) ) ;
#414 = CARTESIAN_POINT ( 'NONE',  ( 88.26000000000000512, 0.000000000000000000, -48.25000000000000000 ) ) ;
#415 = EDGE_CURVE ( 'NONE', #4183, #397, #1573, .T. ) ;
#416 = EDGE_CURVE ( 'NONE', #1360, #4641, #4570, .T. ) ;
#417 = DIRECTION ( 'NONE',  ( -0.000000000000000000, -1.000000000000000000, -0.000000000000000000 ) ) ;
#418 = LINE ( 'NONE', #1628, #1152 ) ;
#419 = CIRCLE ( 'NONE', #4368, 1.700000000000000178 ) ;
#420 = VERTEX_POINT ( 'NONE', #1173 ) ;
#421 = CARTESIAN_POINT ( 'NONE',  ( 7.500000000000005329, 0.000000000000000000, -17.49999999999999645 ) ) ;
#422 = VERTEX_POINT ( 'NONE', #820 ) ;
#423 = EDGE_CURVE ( 'NONE', #4134, #4042, #61, .T. ) ;
#424 = VECTOR ( 'NONE', #2946, 1000.000000000000000 ) ;
#425 = DIRECTION ( 'NONE',  ( -1.000000000000000000, -0.000000000000000000, -0.000000000000000000 ) ) ;
#426 = CARTESIAN_POINT ( 'NONE',  ( 10.50000000000000000, 22.25000000000003553, -51.37499999999987921 ) ) ;
#427 = LINE ( 'NONE', #4588, #3039 ) ;
#428 = VERTEX_POINT ( 'NONE', #1145 ) ;
#429 = DIRECTION ( 'NONE',  ( -1.000000000000000000, -1.387778780781445676E-16, 0.000000000000000000 ) ) ;
#430 = VERTEX_POINT ( 'NONE', #4978 ) ;
#431 = AXIS2_PLACEMENT_3D ( 'NONE', #4375, #2438, #3570 ) ;
#432 = VECTOR ( 'NONE', #4947, 1000.000000000000000 ) ;
#433 = CARTESIAN_POINT ( 'NONE',  ( 88.26000000000000512, 3.000000000000000000, -13.43999999999999595 ) ) ;
#434 = DIRECTION ( 'NONE',  ( 0.000000000000000000, 6.167905692361974645E-15, 1.000000000000000000 ) ) ;
#435 = DIRECTION ( 'NONE',  ( -1.000000000000000000, 0.000000000000000000, 0.000000000000000000 ) ) ;
#436 = EDGE_CURVE ( 'NONE', #3801, #3075, #3029, .T. ) ;
#437 = ORIENTED_EDGE ( 'NONE', *, *, #2682, .F. ) ;
#438 = CIRCLE ( 'NONE', #1084, 1.700000000000000178 ) ;
#439 = CARTESIAN_POINT ( 'NONE',  ( 0.000000000000000000, 24.50000000000000000, 0.000000000000000000 ) ) ;
#440 = CIRCLE ( 'NONE', #4384, 1.699999999999993072 ) ;
#441 = DIRECTION ( 'NONE',  ( 0.000000000000000000, -1.000000000000000000, 6.167905692361974645E-15 ) ) ;
#442 = ORIENTED_EDGE ( 'NONE', *, *, #2872, .T. ) ;
#443 = CARTESIAN_POINT ( 'NONE',  ( 0.000000000000000000, 11.74000000000000021, -11.75000000000000178 ) ) ;
#444 = LINE ( 'NONE', #2013, #892 ) ;
#445 = CARTESIAN_POINT ( 'NONE',  ( 8.390000000000005898, 11.75000000000000000, 1.734723475976807883E-15 ) ) ;
#446 = VECTOR ( 'NONE', #2199, 1000.000000000000000 ) ;
#447 = CARTESIAN_POINT ( 'NONE',  ( 11.75000000000000711, 0.000000000000000000, -44.89000000000000057 ) ) ;
#448 = EDGE_LOOP ( 'NONE', ( #2916, #3961, #4059, #2940 ) ) ;
#449 = DIRECTION ( 'NONE',  ( 0.000000000000000000, -1.000000000000000000, 0.000000000000000000 ) ) ;
#450 = ORIENTED_EDGE ( 'NONE', *, *, #1704, .F. ) ;
#451 = EDGE_CURVE ( 'NONE', #3988, #2717, #2850, .T. ) ;
#452 = CARTESIAN_POINT ( 'NONE',  ( 11.75000000000000711, 0.000000000000000000, -49.95000000000000284 ) ) ;
#453 = ADVANCED_FACE ( 'NONE', ( #2708 ), #1923, .F. ) ;
#454 = DIRECTION ( 'NONE',  ( 0.000000000000000000, -1.000000000000000000, 0.000000000000000000 ) ) ;
#455 = CARTESIAN_POINT ( 'NONE',  ( 93.50000000000000000, 24.50000000000000000, -5.000000000000000000 ) ) ;
#456 = ORIENTED_EDGE ( 'NONE', *, *, #237, .F. ) ;
#457 = DIRECTION ( 'NONE',  ( -1.000000000000000000, 0.000000000000000000, 0.000000000000000000 ) ) ;
#458 = VERTEX_POINT ( 'NONE', #4647 ) ;
#459 = LINE ( 'NONE', #919, #645 ) ;
#460 = CARTESIAN_POINT ( 'NONE',  ( 100.0000000000000000, 17.50000000000001421, -7.499999999999999112 ) ) ;
#461 = DIRECTION ( 'NONE',  ( 0.000000000000000000, 0.000000000000000000, -1.000000000000000000 ) ) ;
#462 = ORIENTED_EDGE ( 'NONE', *, *, #2182, .T. ) ;
#463 = DIRECTION ( 'NONE',  ( 0.000000000000000000, 0.000000000000000000, -1.000000000000000000 ) ) ;
#464 = VECTOR ( 'NONE', #3700, 1000.000000000000000 ) ;
#465 = EDGE_LOOP ( 'NONE', ( #4845, #923, #3071, #1307 ) ) ;
#466 = VECTOR ( 'NONE', #501, 1000.000000000000000 ) ;
#467 = ORIENTED_EDGE ( 'NONE', *, *, #1259, .F. ) ;
#468 = DIRECTION ( 'NONE',  ( 0.000000000000000000, 0.000000000000000000, -1.000000000000000000 ) ) ;
#469 = DIRECTION ( 'NONE',  ( -0.000000000000000000, -0.000000000000000000, -1.000000000000000000 ) ) ;
#470 = EDGE_CURVE ( 'NONE', #651, #4295, #4221, .T. ) ;
#471 = VECTOR ( 'NONE', #2915, 1000.000000000000000 ) ;
#472 = CARTESIAN_POINT ( 'NONE',  ( 15.11000000000000476, 11.75000000000000000, -60.00000000000000000 ) ) ;
#473 = DIRECTION ( 'NONE',  ( -0.000000000000000000, -0.000000000000000000, -1.000000000000000000 ) ) ;
#474 = EDGE_LOOP ( 'NONE', ( #4787, #4438, #3077, #2965 ) ) ;
#475 = CIRCLE ( 'NONE', #3293, 1.699999999999993072 ) ;
#476 = ORIENTED_EDGE ( 'NONE', *, *, #3715, .T. ) ;
#477 = DIRECTION ( 'NONE',  ( -1.000000000000000000, 0.000000000000000000, -0.000000000000000000 ) ) ;
#478 = ADVANCED_FACE ( 'NONE', ( #3131 ), #2731, .T. ) ;
#479 = PLANE ( 'NONE',  #4777 ) ;
#480 = LINE ( 'NONE', #2775, #4497 ) ;
#481 = ORIENTED_EDGE ( 'NONE', *, *, #4645, .F. ) ;
#482 = FACE_OUTER_BOUND ( 'NONE', #2907, .T. ) ;
#483 = ORIENTED_EDGE ( 'NONE', *, *, #4136, .T. ) ;
#484 = EDGE_CURVE ( 'NONE', #2261, #2656, #4669, .T. ) ;
#485 = CARTESIAN_POINT ( 'NONE',  ( 7.500000000000000888, 24.50000000000003553, -51.37499999999987921 ) ) ;
#486 = PRESENTATION_STYLE_ASSIGNMENT (( #3182 ) ) ;
#487 = ORIENTED_EDGE ( 'NONE', *, *, #112, .F. ) ;
#488 = ORIENTED_EDGE ( 'NONE', *, *, #3310, .F. ) ;
#489 = DIRECTION ( 'NONE',  ( 0.000000000000000000, 1.000000000000000000, 0.000000000000000000 ) ) ;
#490 = ORIENTED_EDGE ( 'NONE', *, *, #1853, .F. ) ;
#491 = FACE_OUTER_BOUND ( 'NONE', #1447, .T. ) ;
#492 = DIRECTION ( 'NONE',  ( -0.000000000000000000, -0.000000000000000000, 1.000000000000000000 ) ) ;
#493 = DIRECTION ( 'NONE',  ( -1.000000000000000000, 0.000000000000000000, -0.000000000000000000 ) ) ;
#494 = DIRECTION ( 'NONE',  ( 0.000000000000000000, 0.000000000000000000, 1.000000000000000000 ) ) ;
#495 = ADVANCED_FACE ( 'NONE', ( #1220 ), #3465, .F. ) ;
#496 = ORIENTED_EDGE ( 'NONE', *, *, #4990, .T. ) ;
#497 = EDGE_LOOP ( 'NONE', ( #3714, #170, #907, #1339 ) ) ;
#498 = LINE ( 'NONE', #4267, #4859 ) ;
#499 = CARTESIAN_POINT ( 'NONE',  ( 94.75000000000000000, 7.500000000000000000, -7.500000000000000000 ) ) ;
#500 = DIRECTION ( 'NONE',  ( -1.000000000000000000, 0.000000000000000000, 0.000000000000000000 ) ) ;
#501 = DIRECTION ( 'NONE',  ( 0.7071067811865445751, 8.659560562354897113E-17, -0.7071067811865504593 ) ) ;
#502 = ORIENTED_EDGE ( 'NONE', *, *, #3040, .T. ) ;
#503 = CARTESIAN_POINT ( 'NONE',  ( 100.0000000000000000, 24.50000000000042988, -59.99999999999984368 ) ) ;
#504 = VERTEX_POINT ( 'NONE', #2479 ) ;
#505 = VECTOR ( 'NONE', #2246, 1000.000000000000000 ) ;
#506 = EDGE_CURVE ( 'NONE', #4773, #271, #3166, .T. ) ;
#507 = CARTESIAN_POINT ( 'NONE',  ( 0.000000000000000000, 2.999999999999995559, -5.249999999999999112 ) ) ;
#508 = DIRECTION ( 'NONE',  ( -0.000000000000000000, -1.000000000000000000, -0.000000000000000000 ) ) ;
#509 = ORIENTED_EDGE ( 'NONE', *, *, #2460, .F. ) ;
#510 = ORIENTED_EDGE ( 'NONE', *, *, #3716, .T. ) ;
#511 = VECTOR ( 'NONE', #3735, 1000.000000000000000 ) ;
#512 = DIRECTION ( 'NONE',  ( 0.000000000000000000, 1.000000000000000000, 0.000000000000000000 ) ) ;
#513 = EDGE_CURVE ( 'NONE', #409, #1911, #4019, .T. ) ;
#514 = EDGE_CURVE ( 'NONE', #1502, #111, #844, .T. ) ;
#515 = VECTOR ( 'NONE', #355, 1000.000000000000114 ) ;
#516 = CIRCLE ( 'NONE', #756, 10.00000000000000888 ) ;
#517 = ADVANCED_FACE ( 'NONE', ( #3231 ), #3588, .F. ) ;
#518 = ORIENTED_EDGE ( 'NONE', *, *, #1624, .T. ) ;
#519 = CARTESIAN_POINT ( 'NONE',  ( 0.000000000000000000, 7.500000000000000000, -5.249999999999999112 ) ) ;
#520 = MANIFOLD_SOLID_BREP ( 'Mirror10', #4673 ) ;
#521 = VECTOR ( 'NONE', #1237, 1000.000000000000000 ) ;
#522 = CARTESIAN_POINT ( 'NONE',  ( 0.000000000000000000, 18.94999999999999574, -3.000000000000001776 ) ) ;
#523 = LINE ( 'NONE', #3006, #4803 ) ;
#524 = DIRECTION ( 'NONE',  ( -1.000000000000000000, 0.000000000000000000, 0.000000000000000000 ) ) ;
#525 = ORIENTED_EDGE ( 'NONE', *, *, #1901, .F. ) ;
#526 = ORIENTED_EDGE ( 'NONE', *, *, #4858, .F. ) ;
#527 = VECTOR ( 'NONE', #4869, 1000.000000000000000 ) ;
#528 = LINE ( 'NONE', #1968, #1189 ) ;
#529 = DIRECTION ( 'NONE',  ( -0.7071067811865449082, 8.659560562354900811E-17, 0.7071067811865501263 ) ) ;
#530 = CARTESIAN_POINT ( 'NONE',  ( 100.0000000000000000, 7.500000000000000000, 0.000000000000000000 ) ) ;
#531 = EDGE_LOOP ( 'NONE', ( #4413, #4663, #4122, #1852 ) ) ;
#532 = PLANE ( 'NONE',  #121 ) ;
#533 = VECTOR ( 'NONE', #1472, 1000.000000000000000 ) ;
#534 = ORIENTED_EDGE ( 'NONE', *, *, #1408, .T. ) ;
#535 = ADVANCED_FACE ( 'NONE', ( #2879 ), #3638, .F. ) ;
#536 = LINE ( 'NONE', #1294, #4552 ) ;
#537 = ORIENTED_EDGE ( 'NONE', *, *, #3715, .F. ) ;
#538 = ORIENTED_EDGE ( 'NONE', *, *, #1392, .T. ) ;
#539 = CARTESIAN_POINT ( 'NONE',  ( 86.56000000000003070, 11.74999999999999645, 0.000000000000000000 ) ) ;
#540 = ORIENTED_EDGE ( 'NONE', *, *, #4205, .F. ) ;
#541 = EDGE_CURVE ( 'NONE', #33, #4422, #4772, .T. ) ;
#542 = VERTEX_POINT ( 'NONE', #557 ) ;
#543 = CIRCLE ( 'NONE', #3361, 1.699999999999987965 ) ;
#544 = ADVANCED_FACE ( 'NONE', ( #895 ), #185, .T. ) ;
#545 = LINE ( 'NONE', #2512, #2228 ) ;
#546 = LINE ( 'NONE', #2893, #2168 ) ;
#547 = EDGE_LOOP ( 'NONE', ( #4401, #3359, #1725, #4973 ) ) ;
#548 = VERTEX_POINT ( 'NONE', #109 ) ;
#549 = CARTESIAN_POINT ( 'NONE',  ( 10.50000000000000000, 24.50000000000003553, -53.62500000000002132 ) ) ;
#550 = DIRECTION ( 'NONE',  ( -0.000000000000000000, -6.167905692361974645E-15, 1.000000000000000000 ) ) ;
#551 = CONICAL_SURFACE ( 'NONE', #800, 3.360000000000000320, 0.7853981633974489451 ) ;
#552 = EDGE_LOOP ( 'NONE', ( #4208, #2629 ) ) ;
#553 = PLANE ( 'NONE',  #4704 ) ;
#554 = VERTEX_POINT ( 'NONE', #1620 ) ;
#555 = FACE_BOUND ( 'NONE', #3856, .T. ) ;
#556 = DIRECTION ( 'NONE',  ( 2.891205793294675861E-16, 0.000000000000000000, -1.000000000000000000 ) ) ;
#557 = CARTESIAN_POINT ( 'NONE',  ( 88.26000000000000512, 1.659999999999999476, -10.04000000000000981 ) ) ;
#558 = ORIENTED_EDGE ( 'NONE', *, *, #3716, .F. ) ;
#559 = EDGE_CURVE ( 'NONE', #1142, #348, #868, .T. ) ;
#560 = EDGE_LOOP ( 'NONE', ( #4489, #2295, #3584, #2453 ) ) ;
#561 = DIRECTION ( 'NONE',  ( 0.000000000000000000, 0.000000000000000000, -1.000000000000000000 ) ) ;
#562 = CARTESIAN_POINT ( 'NONE',  ( 100.0000000000000000, 60.00000000000000000, 0.000000000000000000 ) ) ;
#563 = VERTEX_POINT ( 'NONE', #2431 ) ;
#564 = DIRECTION ( 'NONE',  ( 1.000000000000000000, -0.000000000000000000, 0.000000000000000000 ) ) ;
#565 = ADVANCED_FACE ( 'NONE', ( #3965, #137, #3207 ), #4746, .T. ) ;
#566 = DIRECTION ( 'NONE',  ( 1.000000000000000000, -0.000000000000000000, -0.000000000000000000 ) ) ;
#567 = DIRECTION ( 'NONE',  ( 1.000000000000000000, 0.000000000000000000, 0.000000000000000000 ) ) ;
#568 = ORIENTED_EDGE ( 'NONE', *, *, #2382, .T. ) ;
#569 = VECTOR ( 'NONE', #3537, 1000.000000000000114 ) ;
#570 = CARTESIAN_POINT ( 'NONE',  ( 89.50000000000001421, 17.50000000000001421, -54.74999999999997868 ) ) ;
#571 = ORIENTED_EDGE ( 'NONE', *, *, #2077, .T. ) ;
#572 = LINE ( 'NONE', #644, #2819 ) ;
#573 = ADVANCED_FACE ( 'NONE', ( #3993 ), #3614, .F. ) ;
#574 = DIRECTION ( 'NONE',  ( 0.000000000000000000, -1.000000000000000000, 0.000000000000000000 ) ) ;
#575 = FACE_OUTER_BOUND ( 'NONE', #4993, .T. ) ;
#576 = ADVANCED_FACE ( 'NONE', ( #1371 ), #2953, .F. ) ;
#577 = ORIENTED_EDGE ( 'NONE', *, *, #1408, .F. ) ;
#578 = CARTESIAN_POINT ( 'NONE',  ( 0.000000000000000000, 24.50000000000000000, -54.99999999999999289 ) ) ;
#579 = ORIENTED_EDGE ( 'NONE', *, *, #470, .T. ) ;
#580 = CARTESIAN_POINT ( 'NONE',  ( 93.50000000000000000, 2.999999999999995559, -5.249999999999999112 ) ) ;
#581 = CARTESIAN_POINT ( 'NONE',  ( 92.50000000000001421, 3.000000000000000000, -17.49999999999999645 ) ) ;
#582 = CARTESIAN_POINT ( 'NONE',  ( 89.50000000000001421, 22.25000000000003553, -8.625000000000117240 ) ) ;
#583 = ORIENTED_EDGE ( 'NONE', *, *, #3188, .F. ) ;
#584 = CIRCLE ( 'NONE', #3566, 3.360000000000002096 ) ;
#585 = ORIENTED_EDGE ( 'NONE', *, *, #1485, .F. ) ;
#586 = DIRECTION ( 'NONE',  ( 0.000000000000000000, -0.000000000000000000, 1.000000000000000000 ) ) ;
#587 = VECTOR ( 'NONE', #759, 1000.000000000000114 ) ;
#588 = ADVANCED_FACE ( 'NONE', ( #2502 ), #3687, .T. ) ;
#589 = VERTEX_POINT ( 'NONE', #1793 ) ;
#590 = AXIS2_PLACEMENT_3D ( 'NONE', #1797, #2933, #2506 ) ;
#591 = EDGE_CURVE ( 'NONE', #4747, #589, #2211, .T. ) ;
#592 = CARTESIAN_POINT ( 'NONE',  ( 0.000000000000000000, -14.66612044244156898, -10.63293732077010034 ) ) ;
#593 = EDGE_LOOP ( 'NONE', ( #2514, #2458, #247, #3063 ) ) ;
#594 = LINE ( 'NONE', #2938, #1441 ) ;
#595 = EDGE_LOOP ( 'NONE', ( #1425, #3308, #2911, #881 ) ) ;
#596 = VECTOR ( 'NONE', #1, 1000.000000000000000 ) ;
#597 = LINE ( 'NONE', #1382, #2026 ) ;
#598 = LINE ( 'NONE', #549, #621 ) ;
#599 = LINE ( 'NONE', #4010, #660 ) ;
#600 = ADVANCED_FACE ( 'NONE', ( #654 ), #993, .F. ) ;
#601 = VERTEX_POINT ( 'NONE', #4420 ) ;
#602 = DIRECTION ( 'NONE',  ( 0.7071067811865449082, 0.000000000000000000, 0.7071067811865501263 ) ) ;
#603 = EDGE_LOOP ( 'NONE', ( #1583, #3367, #4037 ) ) ;
#604 = EDGE_CURVE ( 'NONE', #589, #3549, #1819, .T. ) ;
#605 = CARTESIAN_POINT ( 'NONE',  ( 6.500000000000000000, 24.50000000000000000, -5.000000000000000000 ) ) ;
#606 = FACE_OUTER_BOUND ( 'NONE', #259, .T. ) ;
#607 = FACE_BOUND ( 'NONE', #297, .T. ) ;
#608 = AXIS2_PLACEMENT_3D ( 'NONE', #1619, #4745, #843 ) ;
#609 = EDGE_LOOP ( 'NONE', ( #2187, #4089, #4007, #956 ) ) ;
#610 = ORIENTED_EDGE ( 'NONE', *, *, #740, .F. ) ;
#611 = CYLINDRICAL_SURFACE ( 'NONE', #2369, 9.999999999999994671 ) ;
#612 = EDGE_LOOP ( 'NONE', ( #2173, #4132, #4453, #4160 ) ) ;
#613 = DIRECTION ( 'NONE',  ( 0.000000000000000000, 6.167905692361974645E-15, 1.000000000000000000 ) ) ;
#614 = DIRECTION ( 'NONE',  ( 1.000000000000000000, 0.000000000000000000, -2.392722035830078972E-16 ) ) ;
#615 = AXIS2_PLACEMENT_3D ( 'NONE', #2375, #477, #861 ) ;
#616 = PLANE ( 'NONE',  #2000 ) ;
#617 = CARTESIAN_POINT ( 'NONE',  ( 2.250000000000000444, 2.999999999999995559, -53.50000000000000000 ) ) ;
#618 = ORIENTED_EDGE ( 'NONE', *, *, #3214, .F. ) ;
#619 = ADVANCED_FACE ( 'NONE', ( #4494, #4063, #607, #2178, #2928, #4471 ), #1043, .F. ) ;
#620 = DIRECTION ( 'NONE',  ( 0.000000000000000000, -1.000000000000000000, 0.000000000000000000 ) ) ;
#621 = VECTOR ( 'NONE', #4788, 1000.000000000000000 ) ;
#622 = CARTESIAN_POINT ( 'NONE',  ( 89.96000000000000796, 11.74999999999999645, -58.33999999999997499 ) ) ;
#623 = AXIS2_PLACEMENT_3D ( 'NONE', #1403, #4098, #2511 ) ;
#624 = DIRECTION ( 'NONE',  ( -0.000000000000000000, 1.000000000000000000, -0.000000000000000000 ) ) ;
#625 = ORIENTED_EDGE ( 'NONE', *, *, #3276, .T. ) ;
#626 = DIRECTION ( 'NONE',  ( 0.000000000000000000, -1.000000000000000000, 0.000000000000000000 ) ) ;
#627 = VERTEX_POINT ( 'NONE', #1846 ) ;
#628 = ADVANCED_FACE ( 'NONE', ( #3733 ), #3356, .F. ) ;
#629 = VECTOR ( 'NONE', #1453, 1000.000000000000000 ) ;
#630 = PLANE ( 'NONE',  #4278 ) ;
#631 = LINE ( 'NONE', #3732, #3994 ) ;
#632 = DIRECTION ( 'NONE',  ( -1.291815354450813925E-16, -5.551115123125794535E-15, -1.000000000000000000 ) ) ;
#633 = ORIENTED_EDGE ( 'NONE', *, *, #2606, .T. ) ;
#634 = ORIENTED_EDGE ( 'NONE', *, *, #1564, .T. ) ;
#635 = EDGE_CURVE ( 'NONE', #3323, #1142, #3382, .T. ) ;
#636 = DIRECTION ( 'NONE',  ( -0.000000000000000000, -1.000000000000000000, -0.000000000000000000 ) ) ;
#637 = CIRCLE ( 'NONE', #1764, 1.699999999999993072 ) ;
#638 = ORIENTED_EDGE ( 'NONE', *, *, #69, .T. ) ;
#639 = EDGE_CURVE ( 'NONE', #2330, #4792, #969, .T. ) ;
#640 = DIRECTION ( 'NONE',  ( 0.000000000000000000, 0.5869675714609297046, -0.8096104433943885903 ) ) ;
#641 = ORIENTED_EDGE ( 'NONE', *, *, #2945, .F. ) ;
#642 = LINE ( 'NONE', #3719, #3933 ) ;
#643 = VERTEX_POINT ( 'NONE', #2572 ) ;
#644 = CARTESIAN_POINT ( 'NONE',  ( 6.500000000000001776, 20.69999999999999929, -1.879283765641541282E-15 ) ) ;
#645 = VECTOR ( 'NONE', #3586, 1000.000000000000000 ) ;
#646 = LINE ( 'NONE', #1308, #2316 ) ;
#647 = EDGE_CURVE ( 'NONE', #4695, #3648, #4843, .T. ) ;
#648 = CARTESIAN_POINT ( 'NONE',  ( 0.000000000000000000, 2.999999999999995559, -6.500000000000000000 ) ) ;
#649 = VERTEX_POINT ( 'NONE', #4514 ) ;
#650 = CARTESIAN_POINT ( 'NONE',  ( 7.500000000000006217, 3.000000000000000000, -17.49999999999999645 ) ) ;
#651 = VERTEX_POINT ( 'NONE', #2200 ) ;
#652 = DIRECTION ( 'NONE',  ( -1.000000000000000000, 0.000000000000000000, 1.291815354450813925E-16 ) ) ;
#653 = CARTESIAN_POINT ( 'NONE',  ( 0.000000000000000000, 20.69999999999999929, -54.99999999999999289 ) ) ;
#654 = FACE_OUTER_BOUND ( 'NONE', #1789, .T. ) ;
#655 = ORIENTED_EDGE ( 'NONE', *, *, #3903, .T. ) ;
#656 = LINE ( 'NONE', #3384, #1967 ) ;
#657 = ORIENTED_EDGE ( 'NONE', *, *, #3415, .F. ) ;
#658 = CARTESIAN_POINT ( 'NONE',  ( 93.50000000000000000, 2.999999999999995559, -54.75000000000000000 ) ) ;
#659 = LINE ( 'NONE', #3647, #2622 ) ;
#660 = VECTOR ( 'NONE', #550, 1000.000000000000000 ) ;
#661 = ORIENTED_EDGE ( 'NONE', *, *, #1060, .T. ) ;
#662 = ADVANCED_FACE ( 'NONE', ( #2126 ), #2127, .F. ) ;
#663 = VECTOR ( 'NONE', #500, 1000.000000000000000 ) ;
#664 = FACE_OUTER_BOUND ( 'NONE', #3591, .T. ) ;
#665 = EDGE_CURVE ( 'NONE', #3625, #1889, #4297, .T. ) ;
#666 = AXIS2_PLACEMENT_3D ( 'NONE', #4258, #4681, #4283 ) ;
#667 = CARTESIAN_POINT ( 'NONE',  ( 1.660000000000001696, 11.74000000000000021, -11.75000000000000178 ) ) ;
#668 = VERTEX_POINT ( 'NONE', #1066 ) ;
#669 = VECTOR ( 'NONE', #4350, 1000.000000000000000 ) ;
#670 = DIRECTION ( 'NONE',  ( 1.000000000000000000, 0.000000000000000000, 0.000000000000000000 ) ) ;
#671 = VECTOR ( 'NONE', #1424, 1000.000000000000000 ) ;
#672 = CARTESIAN_POINT ( 'NONE',  ( 92.50000000000000000, 7.500000000000000000, 0.000000000000000000 ) ) ;
#673 = CARTESIAN_POINT ( 'NONE',  ( 92.50000000000000000, 17.50000000000000000, -54.74999999999997868 ) ) ;
#674 = CIRCLE ( 'NONE', #352, 1.699999999999993072 ) ;
#675 = ORIENTED_EDGE ( 'NONE', *, *, #3843, .F. ) ;
#676 = CARTESIAN_POINT ( 'NONE',  ( 100.0000000000000000, 24.50000000000000000, -60.00000000000000000 ) ) ;
#677 = ORIENTED_EDGE ( 'NONE', *, *, #693, .F. ) ;
#678 = AXIS2_PLACEMENT_3D ( 'NONE', #1584, #1910, #3118 ) ;
#679 = CARTESIAN_POINT ( 'NONE',  ( 100.0000000000000000, 11.74000000000000021, -11.75000000000000178 ) ) ;
#680 = LINE ( 'NONE', #2226, #3187 ) ;
#681 = DIRECTION ( 'NONE',  ( 0.000000000000000000, 0.000000000000000000, 1.000000000000000000 ) ) ;
#682 = EDGE_LOOP ( 'NONE', ( #1166, #4396, #4615, #4125 ) ) ;
#683 = DIRECTION ( 'NONE',  ( -0.000000000000000000, -1.000000000000000000, -0.000000000000000000 ) ) ;
#684 = ORIENTED_EDGE ( 'NONE', *, *, #2428, .F. ) ;
#685 = DIRECTION ( 'NONE',  ( 0.000000000000000000, 0.000000000000000000, -1.000000000000000000 ) ) ;
#686 = ADVANCED_FACE ( 'NONE', ( #302 ), #210, .F. ) ;
#687 = AXIS2_PLACEMENT_3D ( 'NONE', #3487, #738, #794 ) ;
#688 = CIRCLE ( 'NONE', #2864, 3.360000000000002096 ) ;
#689 = LINE ( 'NONE', #4807, #2943 ) ;
#690 = ORIENTED_EDGE ( 'NONE', *, *, #3558, .T. ) ;
#691 = VECTOR ( 'NONE', #4653, 1000.000000000000000 ) ;
#692 = CARTESIAN_POINT ( 'NONE',  ( 0.000000000000000000, 20.69999999999999929, -3.000000000000000888 ) ) ;
#693 = EDGE_CURVE ( 'NONE', #1685, #2988, #1913, .T. ) ;
#694 = PLANE ( 'NONE',  #2404 ) ;
#695 = LINE ( 'NONE', #4907, #4337 ) ;
#696 = ORIENTED_EDGE ( 'NONE', *, *, #2107, .F. ) ;
#697 = CARTESIAN_POINT ( 'NONE',  ( 7.500000000000000888, 3.000000000000002665, -52.50000000000000000 ) ) ;
#698 = EDGE_CURVE ( 'NONE', #4415, #103, #4163, .T. ) ;
#699 = CARTESIAN_POINT ( 'NONE',  ( 7.500000000000000888, 17.50000000000000000, -5.250000000000018652 ) ) ;
#700 = DIRECTION ( 'NONE',  ( 0.000000000000000000, 6.167905692361974645E-15, -1.000000000000000000 ) ) ;
#701 = ORIENTED_EDGE ( 'NONE', *, *, #3350, .T. ) ;
#702 = DIRECTION ( 'NONE',  ( 0.000000000000000000, 0.000000000000000000, 1.000000000000000000 ) ) ;
#703 = ORIENTED_EDGE ( 'NONE', *, *, #3529, .F. ) ;
#704 = VECTOR ( 'NONE', #706, 1000.000000000000000 ) ;
#705 = AXIS2_PLACEMENT_3D ( 'NONE', #3074, #2350, #2275 ) ;
#706 = DIRECTION ( 'NONE',  ( 0.000000000000000000, -5.551115123125791380E-15, 1.000000000000000000 ) ) ;
#707 = PLANE ( 'NONE',  #1795 ) ;
#708 = DIRECTION ( 'NONE',  ( -1.000000000000000000, -0.000000000000000000, -0.000000000000000000 ) ) ;
#709 = VERTEX_POINT ( 'NONE', #1944 ) ;
#710 = CARTESIAN_POINT ( 'NONE',  ( 88.26000000000001933, 11.74999999999999645, -60.00000000000000000 ) ) ;
#711 = ORIENTED_EDGE ( 'NONE', *, *, #155, .F. ) ;
#712 = CARTESIAN_POINT ( 'NONE',  ( 0.000000000000000000, -14.66612044244156898, -10.63293732077010034 ) ) ;
#713 = AXIS2_PLACEMENT_3D ( 'NONE', #67, #803, #3469 ) ;
#714 = CARTESIAN_POINT ( 'NONE',  ( 6.500000000000000888, 2.999999999999995559, -2.249999999999999556 ) ) ;
#715 = PRODUCT_DEFINITION ( 'UNKNOWN', '', #2134, #3439 ) ;
#716 = EDGE_LOOP ( 'NONE', ( #1833, #4733, #162, #3351 ) ) ;
#717 = CIRCLE ( 'NONE', #4095, 9.999999999999994671 ) ;
#718 = CARTESIAN_POINT ( 'NONE',  ( 13.44999999999999396, 11.75000000000000000, -2.249999999999999556 ) ) ;
#719 = ORIENTED_EDGE ( 'NONE', *, *, #827, .T. ) ;
#720 = FACE_OUTER_BOUND ( 'NONE', #2372, .T. ) ;
#721 = EDGE_CURVE ( 'NONE', #3787, #3801, #3448, .T. ) ;
#722 = CARTESIAN_POINT ( 'NONE',  ( 7.500000000000008882, 1.040834085586085637E-15, -60.00000000000000000 ) ) ;
#723 = CARTESIAN_POINT ( 'NONE',  ( 6.500000000000000000, 2.999999999999995559, -5.249999999999999112 ) ) ;
#724 = ORIENTED_EDGE ( 'NONE', *, *, #3100, .T. ) ;
#725 = DIRECTION ( 'NONE',  ( -1.000000000000000000, 0.000000000000000000, 0.000000000000000000 ) ) ;
#726 = ORIENTED_EDGE ( 'NONE', *, *, #4750, .F. ) ;
#727 = CIRCLE ( 'NONE', #1455, 10.00000000000000888 ) ;
#728 = CARTESIAN_POINT ( 'NONE',  ( 7.500000000000007105, 0.000000000000000000, -8.673617379884043361E-16 ) ) ;
#729 = EDGE_CURVE ( 'NONE', #1495, #2261, #400, .T. ) ;
#730 = FACE_BOUND ( 'NONE', #4164, .T. ) ;
#731 = DIRECTION ( 'NONE',  ( 0.000000000000000000, -6.167905692361974645E-15, 1.000000000000000000 ) ) ;
#732 = AXIS2_PLACEMENT_3D ( 'NONE', #3294, #3313, #216 ) ;
#733 = ORIENTED_EDGE ( 'NONE', *, *, #1887, .T. ) ;
#734 = LINE ( 'NONE', #2650, #3334 ) ;
#735 = VERTEX_POINT ( 'NONE', #2255 ) ;
#736 = CARTESIAN_POINT ( 'NONE',  ( 94.75000000000000000, 2.999999999999995559, -53.50000000000000000 ) ) ;
#737 = DIRECTION ( 'NONE',  ( 1.000000000000000000, -0.000000000000000000, 0.000000000000000000 ) ) ;
#738 = DIRECTION ( 'NONE',  ( 0.000000000000000000, 0.000000000000000000, -1.000000000000000000 ) ) ;
#739 = EDGE_LOOP ( 'NONE', ( #2386, #1507, #897, #1966 ) ) ;
#740 = EDGE_CURVE ( 'NONE', #2305, #1046, #3099, .T. ) ;
#741 = PRODUCT ( 'b_inferior', 'b_inferior', '', ( #3044 ) ) ;
#742 = CARTESIAN_POINT ( 'NONE',  ( 0.000000000000000000, 11.74000000000000021, -51.62000000000000455 ) ) ;
#743 = CARTESIAN_POINT ( 'NONE',  ( 1.660000000000001696, 11.74000000000000021, -49.96000000000000796 ) ) ;
#744 = DIRECTION ( 'NONE',  ( -0.000000000000000000, -0.000000000000000000, 1.000000000000000000 ) ) ;
#745 = VERTEX_POINT ( 'NONE', #1543 ) ;
#746 = AXIS2_PLACEMENT_3D ( 'NONE', #1606, #524, #494 ) ;
#747 = CARTESIAN_POINT ( 'NONE',  ( 82.50000000000000000, 7.500000000000000000, -2.250000000000000000 ) ) ;
#748 = ADVANCED_FACE ( 'NONE', ( #1566 ), #4263, .T. ) ;
#749 = FACE_OUTER_BOUND ( 'NONE', #4719, .T. ) ;
#750 = DIRECTION ( 'NONE',  ( -0.000000000000000000, -0.000000000000000000, 1.000000000000000000 ) ) ;
#751 = VECTOR ( 'NONE', #1727, 1000.000000000000000 ) ;
#752 = ORIENTED_EDGE ( 'NONE', *, *, #2115, .F. ) ;
#753 = DIRECTION ( 'NONE',  ( 1.000000000000000000, 0.000000000000000000, 0.000000000000000000 ) ) ;
#754 = VERTEX_POINT ( 'NONE', #1970 ) ;
#755 = COLOUR_RGB ( '',0.7921568627450980005, 0.8196078431372548767, 0.9333333333333333481 ) ;
#756 = AXIS2_PLACEMENT_3D ( 'NONE', #4025, #564, #2109 ) ;
#757 = LINE ( 'NONE', #2324, #4568 ) ;
#758 = EDGE_CURVE ( 'NONE', #1758, #4641, #54, .T. ) ;
#759 = DIRECTION ( 'NONE',  ( -0.7071067811865441310, 8.659560562354892183E-17, 0.7071067811865507924 ) ) ;
#760 = CARTESIAN_POINT ( 'NONE',  ( 0.000000000000000000, 11.74000000000000021, -11.75000000000000178 ) ) ;
#761 = ORIENTED_EDGE ( 'NONE', *, *, #344, .T. ) ;
#762 = CARTESIAN_POINT ( 'NONE',  ( 7.500000000000000888, 24.50000000000002842, -54.75000000000002132 ) ) ;
#763 = ORIENTED_EDGE ( 'NONE', *, *, #4825, .T. ) ;
#764 = DIRECTION ( 'NONE',  ( -1.000000000000000000, -0.000000000000000000, -0.000000000000000000 ) ) ;
#765 = AXIS2_PLACEMENT_3D ( 'NONE', #2075, #1314, #4741 ) ;
#766 = EDGE_CURVE ( 'NONE', #4695, #3996, #4189, .T. ) ;
#767 = CARTESIAN_POINT ( 'NONE',  ( 2.250000000000006217, 17.50000000000000711, -6.500000000000000000 ) ) ;
#768 = DIRECTION ( 'NONE',  ( 0.000000000000000000, -0.000000000000000000, 1.000000000000000000 ) ) ;
#769 = VERTEX_POINT ( 'NONE', #5 ) ;
#770 = AXIS2_PLACEMENT_3D ( 'NONE', #2259, #2333, #1144 ) ;
#771 = CARTESIAN_POINT ( 'NONE',  ( 7.500000000000007994, 2.999999999999995559, -57.74999999999997868 ) ) ;
#772 = ORIENTED_EDGE ( 'NONE', *, *, #1253, .F. ) ;
#773 = CARTESIAN_POINT ( 'NONE',  ( 0.000000000000000000, 17.50000000000001421, -7.499999999999999112 ) ) ;
#774 = VECTOR ( 'NONE', #3115, 1000.000000000000000 ) ;
#775 = ORIENTED_EDGE ( 'NONE', *, *, #1399, .F. ) ;
#776 = LINE ( 'NONE', #2341, #1296 ) ;
#777 = DIRECTION ( 'NONE',  ( 1.000000000000000000, 0.000000000000000000, 0.000000000000000000 ) ) ;
#778 = CARTESIAN_POINT ( 'NONE',  ( 100.0000000000000000, 17.50000000000001776, -52.50000000000000000 ) ) ;
#779 = EDGE_CURVE ( 'NONE', #4832, #4876, #427, .T. ) ;
#780 = ORIENTED_EDGE ( 'NONE', *, *, #84, .F. ) ;
#781 = CARTESIAN_POINT ( 'NONE',  ( 97.74999999999998579, 17.50000000000001421, -7.499999999999999112 ) ) ;
#782 = ORIENTED_EDGE ( 'NONE', *, *, #918, .F. ) ;
#783 = CARTESIAN_POINT ( 'NONE',  ( 11.75000000000000178, 0.000000000000000000, -11.74000000000000021 ) ) ;
#784 = CARTESIAN_POINT ( 'NONE',  ( 0.000000000000000000, 24.50000000000000000, 0.000000000000000000 ) ) ;
#785 = CARTESIAN_POINT ( 'NONE',  ( 89.50000000000001421, 22.25000000000003553, -6.375000000000116351 ) ) ;
#786 = VECTOR ( 'NONE', #3984, 1000.000000000000000 ) ;
#787 = VERTEX_POINT ( 'NONE', #785 ) ;
#788 = CARTESIAN_POINT ( 'NONE',  ( 0.000000000000000000, 2.999999999999995559, -6.500000000000000000 ) ) ;
#789 = EDGE_LOOP ( 'NONE', ( #4496, #4890 ) ) ;
#790 = DIRECTION ( 'NONE',  ( -0.000000000000000000, 1.000000000000000000, -0.000000000000000000 ) ) ;
#791 = EDGE_CURVE ( 'NONE', #2831, #264, #2160, .T. ) ;
#792 = AXIS2_PLACEMENT_3D ( 'NONE', #3066, #2990, #1433 ) ;
#793 = CYLINDRICAL_SURFACE ( 'NONE', #3019, 1.699999999999993072 ) ;
#794 = DIRECTION ( 'NONE',  ( -1.000000000000000000, 0.000000000000000000, -0.000000000000000000 ) ) ;
#795 = ADVANCED_FACE ( 'NONE', ( #373 ), #4614, .F. ) ;
#796 = AXIS2_PLACEMENT_3D ( 'NONE', #760, #708, #3504 ) ;
#797 = ORIENTED_EDGE ( 'NONE', *, *, #2118, .F. ) ;
#798 = EDGE_CURVE ( 'NONE', #3711, #1146, #1517, .T. ) ;
#799 = DIRECTION ( 'NONE',  ( -0.000000000000000000, -1.000000000000000000, -0.000000000000000000 ) ) ;
#800 = AXIS2_PLACEMENT_3D ( 'NONE', #3493, #902, #2340 ) ;
#801 = ADVANCED_FACE ( 'NONE', ( #3835 ), #2301, .F. ) ;
#802 = EDGE_LOOP ( 'NONE', ( #3514, #2590, #4482, #4120 ) ) ;
#803 = DIRECTION ( 'NONE',  ( 1.000000000000000000, -0.000000000000000000, -0.000000000000000000 ) ) ;
#804 = DIRECTION ( 'NONE',  ( 0.000000000000000000, -0.000000000000000000, -1.000000000000000000 ) ) ;
#805 = CARTESIAN_POINT ( 'NONE',  ( 0.000000000000000000, 0.000000000000000000, -3.000000000000000888 ) ) ;
#806 = CARTESIAN_POINT ( 'NONE',  ( 97.75000000000000000, 2.999999999999995559, -53.50000000000000000 ) ) ;
#807 = VERTEX_POINT ( 'NONE', #347 ) ;
#808 = LINE ( 'NONE', #4207, #4937 ) ;
#809 = VERTEX_POINT ( 'NONE', #3430 ) ;
#810 = EDGE_CURVE ( 'NONE', #4810, #1422, #1165, .T. ) ;
#811 = DIRECTION ( 'NONE',  ( 0.000000000000000000, -1.000000000000000000, 0.000000000000000000 ) ) ;
#812 = DIRECTION ( 'NONE',  ( -0.000000000000000000, 0.000000000000000000, 1.000000000000000000 ) ) ;
#813 = DIRECTION ( 'NONE',  ( -0.000000000000000000, 0.000000000000000000, -1.000000000000000000 ) ) ;
#814 = VERTEX_POINT ( 'NONE', #2673 ) ;
#815 = LINE ( 'NONE', #3533, #2213 ) ;
#816 = ORIENTED_EDGE ( 'NONE', *, *, #2118, .T. ) ;
#817 = DIRECTION ( 'NONE',  ( 0.000000000000000000, 1.000000000000000000, -0.000000000000000000 ) ) ;
#818 = VECTOR ( 'NONE', #3180, 1000.000000000000000 ) ;
#819 = CARTESIAN_POINT ( 'NONE',  ( 93.50000000000000000, 2.999999999999995559, 0.000000000000000000 ) ) ;
#820 = CARTESIAN_POINT ( 'NONE',  ( 100.0000000000000000, 24.50000000000000000, 0.000000000000000000 ) ) ;
#821 = ORIENTED_EDGE ( 'NONE', *, *, #3133, .T. ) ;
#822 = CARTESIAN_POINT ( 'NONE',  ( 7.500000000000000000, 7.500000000000000000, 0.000000000000000000 ) ) ;
#823 = FACE_BOUND ( 'NONE', #4563, .T. ) ;
#824 = EDGE_CURVE ( 'NONE', #1415, #1239, #4213, .T. ) ;
#825 = DIRECTION ( 'NONE',  ( -1.000000000000000000, 0.000000000000000000, -0.000000000000000000 ) ) ;
#826 = CARTESIAN_POINT ( 'NONE',  ( 0.000000000000000000, 7.500000000000000000, -60.00000000000000000 ) ) ;
#827 = EDGE_CURVE ( 'NONE', #1740, #4183, #4239, .T. ) ;
#828 = CARTESIAN_POINT ( 'NONE',  ( 6.500000000000000888, 2.999999999999995559, -2.249999999999999556 ) ) ;
#829 = CARTESIAN_POINT ( 'NONE',  ( 6.500000000000001776, 24.50000000000000000, -1.879283765641541282E-15 ) ) ;
#830 = AXIS2_PLACEMENT_3D ( 'NONE', #2991, #750, #4533 ) ;
#831 = ORIENTED_EDGE ( 'NONE', *, *, #853, .T. ) ;
#832 = DIRECTION ( 'NONE',  ( 2.392722035830078972E-16, 0.000000000000000000, 1.000000000000000000 ) ) ;
#833 = VERTEX_POINT ( 'NONE', #3554 ) ;
#834 = VECTOR ( 'NONE', #4685, 1000.000000000000114 ) ;
#835 = PLANE ( 'NONE',  #615 ) ;
#836 = FACE_OUTER_BOUND ( 'NONE', #1136, .T. ) ;
#837 = DIRECTION ( 'NONE',  ( 0.000000000000000000, 1.000000000000000000, -5.551115123125793746E-15 ) ) ;
#838 = ORIENTED_EDGE ( 'NONE', *, *, #2208, .T. ) ;
#839 = LINE ( 'NONE', #3914, #1647 ) ;
#840 = VECTOR ( 'NONE', #1524, 1000.000000000000000 ) ;
#841 = ORIENTED_EDGE ( 'NONE', *, *, #2090, .F. ) ;
#842 = AXIS2_PLACEMENT_3D ( 'NONE', #4517, #1822, #1115 ) ;
#843 = DIRECTION ( 'NONE',  ( -1.000000000000000000, 0.000000000000000000, 0.000000000000000000 ) ) ;
#844 = LINE ( 'NONE', #3156, #4052 ) ;
#845 = EDGE_LOOP ( 'NONE', ( #4223, #2103, #2895, #1613 ) ) ;
#846 = AXIS2_PLACEMENT_3D ( 'NONE', #4159, #320, #2222 ) ;
#847 = EDGE_CURVE ( 'NONE', #1940, #4879, #2073, .T. ) ;
#848 = LINE ( 'NONE', #4697, #3536 ) ;
#849 = ORIENTED_EDGE ( 'NONE', *, *, #3558, .F. ) ;
#850 = ORIENTED_EDGE ( 'NONE', *, *, #4840, .F. ) ;
#851 = CARTESIAN_POINT ( 'NONE',  ( 0.000000000000000000, 24.50000000000000000, 0.000000000000000000 ) ) ;
#852 = FACE_OUTER_BOUND ( 'NONE', #2494, .T. ) ;
#853 = EDGE_CURVE ( 'NONE', #709, #1925, #4712, .T. ) ;
#854 = DIRECTION ( 'NONE',  ( -0.000000000000000000, -1.000000000000000000, -0.000000000000000000 ) ) ;
#855 = LINE ( 'NONE', #3904, #774 ) ;
#856 = VECTOR ( 'NONE', #4220, 1000.000000000000000 ) ;
#857 = DIRECTION ( 'NONE',  ( 0.000000000000000000, -1.000000000000000000, 0.000000000000000000 ) ) ;
#858 = EDGE_CURVE ( 'NONE', #4713, #1215, #4387, .T. ) ;
#859 = EDGE_LOOP ( 'NONE', ( #81, #3541, #2030, #1373 ) ) ;
#860 = EDGE_LOOP ( 'NONE', ( #4495, #3761, #1437 ) ) ;
#861 = DIRECTION ( 'NONE',  ( -0.000000000000000000, 0.000000000000000000, 1.000000000000000000 ) ) ;
#862 = DIRECTION ( 'NONE',  ( 1.387778780781445676E-16, -1.000000000000000000, 6.917851811735761605E-34 ) ) ;
#863 = CARTESIAN_POINT ( 'NONE',  ( 88.26000000000001933, 11.74999999999999645, -2.249999999999999112 ) ) ;
#864 = VERTEX_POINT ( 'NONE', #2750 ) ;
#865 = DIRECTION ( 'NONE',  ( 0.000000000000000000, 0.000000000000000000, 1.000000000000000000 ) ) ;
#866 = ORIENTED_EDGE ( 'NONE', *, *, #2765, .T. ) ;
#867 = CARTESIAN_POINT ( 'NONE',  ( 7.500000000000000888, 22.25000000000003553, -6.375000000000116351 ) ) ;
#868 = LINE ( 'NONE', #2406, #927 ) ;
#869 = ORIENTED_EDGE ( 'NONE', *, *, #4173, .F. ) ;
#870 = ORIENTED_EDGE ( 'NONE', *, *, #2018, .F. ) ;
#871 = LINE ( 'NONE', #3618, #882 ) ;
#872 = VECTOR ( 'NONE', #1843, 1000.000000000000000 ) ;
#873 = EDGE_CURVE ( 'NONE', #833, #1114, #102, .T. ) ;
#874 = AXIS2_PLACEMENT_3D ( 'NONE', #3770, #4199, #4576 ) ;
#875 = DIRECTION ( 'NONE',  ( -1.000000000000000000, -0.000000000000000000, -0.000000000000000000 ) ) ;
#876 = DIRECTION ( 'NONE',  ( -2.952720810173289112E-16, -5.551115123125791380E-15, 1.000000000000000000 ) ) ;
#877 = VECTOR ( 'NONE', #3822, 1000.000000000000000 ) ;
#878 = CARTESIAN_POINT ( 'NONE',  ( 100.0000000000000000, 60.00000000000000000, -60.00000000000000000 ) ) ;
#879 = CARTESIAN_POINT ( 'NONE',  ( 5.250000000000000888, 17.50000000000001776, -52.50000000000000000 ) ) ;
#880 = EDGE_CURVE ( 'NONE', #2656, #1149, #480, .T. ) ;
#881 = ORIENTED_EDGE ( 'NONE', *, *, #2736, .T. ) ;
#882 = VECTOR ( 'NONE', #3234, 1000.000000000000000 ) ;
#883 = ORIENTED_EDGE ( 'NONE', *, *, #4601, .T. ) ;
#884 = LINE ( 'NONE', #4684, #3114 ) ;
#885 = CARTESIAN_POINT ( 'NONE',  ( 8.390000000000005898, 11.75000000000000000, 1.734723475976807883E-15 ) ) ;
#886 = CARTESIAN_POINT ( 'NONE',  ( 11.75000000000000533, 11.75000000000000000, 1.734723475976807883E-15 ) ) ;
#887 = EDGE_CURVE ( 'NONE', #2772, #542, #939, .T. ) ;
#888 = ADVANCED_FACE ( 'NONE', ( #159 ), #1994, .T. ) ;
#889 = ORIENTED_EDGE ( 'NONE', *, *, #4825, .F. ) ;
#890 = CARTESIAN_POINT ( 'NONE',  ( 0.000000000000000000, 17.50000000000001421, -7.499999999999999112 ) ) ;
#891 = EDGE_LOOP ( 'NONE', ( #4656, #4584, #1592, #4752, #2858, #3119 ) ) ;
#892 = VECTOR ( 'NONE', #876, 1000.000000000000000 ) ;
#893 = ADVANCED_FACE ( 'NONE', ( #4686 ), #1235, .T. ) ;
#894 = LINE ( 'NONE', #2755, #1653 ) ;
#895 = FACE_OUTER_BOUND ( 'NONE', #547, .T. ) ;
#896 = ORIENTED_EDGE ( 'NONE', *, *, #1962, .T. ) ;
#897 = ORIENTED_EDGE ( 'NONE', *, *, #258, .F. ) ;
#898 = DIRECTION ( 'NONE',  ( 0.000000000000000000, -0.000000000000000000, 1.000000000000000000 ) ) ;
#899 = AXIS2_PLACEMENT_3D ( 'NONE', #4251, #799, #1176 ) ;
#900 = VERTEX_POINT ( 'NONE', #1636 ) ;
#901 = EDGE_LOOP ( 'NONE', ( #4344, #1999 ) ) ;
#902 = DIRECTION ( 'NONE',  ( -0.000000000000000000, -1.000000000000000000, -0.000000000000000000 ) ) ;
#903 = LINE ( 'NONE', #68, #1772 ) ;
#904 = CARTESIAN_POINT ( 'NONE',  ( 89.50000000000001421, 7.500000000000000000, -54.75000000000000000 ) ) ;
#905 = DIRECTION ( 'NONE',  ( 8.659560562354937789E-17, -0.7071067811865470176, 0.7071067811865479058 ) ) ;
#906 = CARTESIAN_POINT ( 'NONE',  ( 100.0000000000000000, 60.00000000000000000, 0.000000000000000000 ) ) ;
#907 = ORIENTED_EDGE ( 'NONE', *, *, #2576, .F. ) ;
#908 = EDGE_CURVE ( 'NONE', #1402, #3337, #2086, .T. ) ;
#909 = VERTEX_POINT ( 'NONE', #455 ) ;
#910 = FACE_OUTER_BOUND ( 'NONE', #4440, .T. ) ;
#911 = CIRCLE ( 'NONE', #3721, 1.699999999999993072 ) ;
#912 = DIRECTION ( 'NONE',  ( -0.000000000000000000, -0.000000000000000000, 1.000000000000000000 ) ) ;
#913 = CARTESIAN_POINT ( 'NONE',  ( 11.75000000000000533, 11.75000000000000000, -60.00000000000000000 ) ) ;
#914 = ORIENTED_EDGE ( 'NONE', *, *, #1475, .T. ) ;
#915 = LINE ( 'NONE', #2800, #4867 ) ;
#916 = ORIENTED_EDGE ( 'NONE', *, *, #2637, .T. ) ;
#917 = VECTOR ( 'NONE', #862, 1000.000000000000000 ) ;
#918 = EDGE_CURVE ( 'NONE', #3821, #4422, #2797, .T. ) ;
#919 = CARTESIAN_POINT ( 'NONE',  ( 92.50000000000000000, 24.50000000000009948, -6.374999999999980460 ) ) ;
#920 = CARTESIAN_POINT ( 'NONE',  ( 100.0000000000000000, 7.500000000000013323, -52.50000000000000711 ) ) ;
#921 = CARTESIAN_POINT ( 'NONE',  ( 6.500000000000000000, 17.50000000000000000, -54.75000000000006395 ) ) ;
#922 = ORIENTED_EDGE ( 'NONE', *, *, #1719, .T. ) ;
#923 = ORIENTED_EDGE ( 'NONE', *, *, #953, .T. ) ;
#924 = EDGE_CURVE ( 'NONE', #1841, #3037, #2847, .T. ) ;
#925 = AXIS2_PLACEMENT_3D ( 'NONE', #192, #4191, #3786 ) ;
#926 = DIRECTION ( 'NONE',  ( 1.000000000000000000, 0.000000000000000000, 0.000000000000000000 ) ) ;
#927 = VECTOR ( 'NONE', #2052, 1000.000000000000000 ) ;
#928 = ORIENTED_EDGE ( 'NONE', *, *, #4727, .F. ) ;
#929 = CARTESIAN_POINT ( 'NONE',  ( 92.50000000000000000, 22.25000000000003553, -8.625000000000117240 ) ) ;
#930 = FACE_OUTER_BOUND ( 'NONE', #593, .T. ) ;
#931 = LINE ( 'NONE', #2466, #3211 ) ;
#932 = EDGE_LOOP ( 'NONE', ( #2856, #2771, #88, #2017 ) ) ;
#933 = VERTEX_POINT ( 'NONE', #2022 ) ;
#934 = VECTOR ( 'NONE', #4569, 1000.000000000000000 ) ;
#935 = LINE ( 'NONE', #4861, #4895 ) ;
#936 = ADVANCED_FACE ( 'NONE', ( #4011 ), #616, .F. ) ;
#937 = LINE ( 'NONE', #426, #1316 ) ;
#938 = APPLICATION_CONTEXT ( 'automotive_design' ) ;
#939 = LINE ( 'NONE', #1588, #65 ) ;
#940 = EDGE_LOOP ( 'NONE', ( #3437, #2319, #4374, #1231 ) ) ;
#941 = CARTESIAN_POINT ( 'NONE',  ( 11.75000000000000178, 1.659999999999999476, -11.74000000000000021 ) ) ;
#942 = VECTOR ( 'NONE', #2356, 1000.000000000000000 ) ;
#943 = ORIENTED_EDGE ( 'NONE', *, *, #3985, .F. ) ;
#944 = DIRECTION ( 'NONE',  ( -1.000000000000000000, -0.000000000000000000, -0.000000000000000000 ) ) ;
#945 = DIRECTION ( 'NONE',  ( 2.891205793294675861E-16, 0.000000000000000000, -1.000000000000000000 ) ) ;
#946 = ORIENTED_EDGE ( 'NONE', *, *, #1375, .F. ) ;
#947 = EDGE_LOOP ( 'NONE', ( #153, #1210, #869, #4115, #4050, #3490, #3228, #2152 ) ) ;
#948 = ADVANCED_FACE ( 'NONE', ( #3531 ), #1594, .F. ) ;
#949 = CARTESIAN_POINT ( 'NONE',  ( 0.000000000000000000, 17.49999999999997513, 9.714451465470117204E-14 ) ) ;
#950 = ORIENTED_EDGE ( 'NONE', *, *, #966, .T. ) ;
#951 = DIRECTION ( 'NONE',  ( 1.000000000000000000, -0.000000000000000000, 0.000000000000000000 ) ) ;
#952 = VECTOR ( 'NONE', #4237, 1000.000000000000000 ) ;
#953 = EDGE_CURVE ( 'NONE', #1232, #1292, #1289, .T. ) ;
#954 = AXIS2_PLACEMENT_3D ( 'NONE', #3572, #1581, #1935 ) ;
#955 = CARTESIAN_POINT ( 'NONE',  ( 11.75000000000000711, 1.659999999999999476, -49.95000000000000284 ) ) ;
#956 = ORIENTED_EDGE ( 'NONE', *, *, #1130, .F. ) ;
#957 = CARTESIAN_POINT ( 'NONE',  ( 10.50000000000000000, 22.25000000000003553, -53.62499999999987921 ) ) ;
#958 = ORIENTED_EDGE ( 'NONE', *, *, #2355, .T. ) ;
#959 = VERTEX_POINT ( 'NONE', #3581 ) ;
#960 = CARTESIAN_POINT ( 'NONE',  ( 17.50000000000000000, 7.500000000000000000, -2.250000000000000000 ) ) ;
#961 = DIRECTION ( 'NONE',  ( 0.000000000000000000, -1.000000000000000000, 0.000000000000000000 ) ) ;
#962 = AXIS2_PLACEMENT_3D ( 'NONE', #3675, #4005, #4028 ) ;
#963 = VERTEX_POINT ( 'NONE', #3123 ) ;
#964 = CARTESIAN_POINT ( 'NONE',  ( 89.50000000000001421, 24.50000000000009948, -6.374999999999980460 ) ) ;
#965 = ORIENTED_EDGE ( 'NONE', *, *, #1285, .F. ) ;
#966 = EDGE_CURVE ( 'NONE', #1160, #367, #129, .T. ) ;
#967 = CARTESIAN_POINT ( 'NONE',  ( 0.000000000000000000, 2.999999999999995559, -53.50000000000000000 ) ) ;
#968 = LINE ( 'NONE', #2548, #4874 ) ;
#969 = LINE ( 'NONE', #253, #3330 ) ;
#970 = ORIENTED_EDGE ( 'NONE', *, *, #1853, .T. ) ;
#971 = VECTOR ( 'NONE', #469, 1000.000000000000000 ) ;
#972 = ORIENTED_EDGE ( 'NONE', *, *, #974, .T. ) ;
#973 = DIRECTION ( 'NONE',  ( 0.000000000000000000, -1.000000000000000000, 0.000000000000000000 ) ) ;
#974 = EDGE_CURVE ( 'NONE', #4295, #1991, #2822, .T. ) ;
#975 = ORIENTED_EDGE ( 'NONE', *, *, #4117, .F. ) ;
#976 = CARTESIAN_POINT ( 'NONE',  ( 88.26000000000001933, 11.74999999999999645, -58.33999999999997499 ) ) ;
#977 = VECTOR ( 'NONE', #1080, 1000.000000000000000 ) ;
#978 = DIRECTION ( 'NONE',  ( 0.000000000000000000, -0.8096104433943885903, -0.5869675714609297046 ) ) ;
#979 = EDGE_CURVE ( 'NONE', #2, #89, #4980, .T. ) ;
#980 = DIRECTION ( 'NONE',  ( -0.000000000000000000, -1.000000000000000000, -0.000000000000000000 ) ) ;
#981 = AXIS2_PLACEMENT_3D ( 'NONE', #1854, #1077, #2535 ) ;
#982 = LINE ( 'NONE', #3270, #471 ) ;
#983 = ORIENTED_EDGE ( 'NONE', *, *, #1249, .F. ) ;
#984 = DIRECTION ( 'NONE',  ( -2.952720810173289112E-16, 0.000000000000000000, 1.000000000000000000 ) ) ;
#985 = ADVANCED_FACE ( 'NONE', ( #1831 ), #694, .F. ) ;
#986 = CARTESIAN_POINT ( 'NONE',  ( 0.000000000000000000, 7.500000000000000000, -52.50000000000000000 ) ) ;
#987 = CARTESIAN_POINT ( 'NONE',  ( 97.75000000000000000, 7.500000000000000000, -42.49999999999999289 ) ) ;
#988 = ORIENTED_EDGE ( 'NONE', *, *, #3860, .F. ) ;
#989 = DIRECTION ( 'NONE',  ( 0.000000000000000000, 0.000000000000000000, 1.000000000000000000 ) ) ;
#990 = VERTEX_POINT ( 'NONE', #4958 ) ;
#991 = CARTESIAN_POINT ( 'NONE',  ( 92.50000000000000000, 24.50000000000000000, -60.00000000000000000 ) ) ;
#992 = LINE ( 'NONE', #252, #1255 ) ;
#993 = PLANE ( 'NONE',  #4219 ) ;
#994 = ORIENTED_EDGE ( 'NONE', *, *, #4333, .F. ) ;
#995 = ORIENTED_EDGE ( 'NONE', *, *, #1350, .F. ) ;
#996 = CARTESIAN_POINT ( 'NONE',  ( 92.50000000000000000, 24.50000000000006395, -54.75000000000002132 ) ) ;
#997 = EDGE_CURVE ( 'NONE', #1997, #1685, #1452, .T. ) ;
#998 = CIRCLE ( 'NONE', #678, 1.699999999999987965 ) ;
#999 = EDGE_LOOP ( 'NONE', ( #4508, #4923, #4097, #1964 ) ) ;
#1000 = DIRECTION ( 'NONE',  ( 0.000000000000000000, 0.000000000000000000, -1.000000000000000000 ) ) ;
#1001 =( GEOMETRIC_REPRESENTATION_CONTEXT ( 3 ) GLOBAL_UNCERTAINTY_ASSIGNED_CONTEXT ( ( #3327 ) ) GLOBAL_UNIT_ASSIGNED_CONTEXT ( ( #1268, #2081, #1722 ) ) REPRESENTATION_CONTEXT ( 'NONE', 'WORKASPACE' ) );
#1002 = VECTOR ( 'NONE', #3004, 1000.000000000000000 ) ;
#1003 = CARTESIAN_POINT ( 'NONE',  ( 93.50000000000000000, 12.38549774682509508, -47.94551413355183200 ) ) ;
#1004 = ORIENTED_EDGE ( 'NONE', *, *, #693, .T. ) ;
#1005 = FACE_OUTER_BOUND ( 'NONE', #739, .T. ) ;
#1006 = ORIENTED_EDGE ( 'NONE', *, *, #3312, .F. ) ;
#1007 = VECTOR ( 'NONE', #4817, 1000.000000000000000 ) ;
#1008 = DIRECTION ( 'NONE',  ( 2.392722035830078972E-16, 0.000000000000000000, 1.000000000000000000 ) ) ;
#1009 = ADVANCED_FACE ( 'NONE', ( #1505 ), #3035, .F. ) ;
#1010 = CARTESIAN_POINT ( 'NONE',  ( 2.250000000000001776, 7.500000000000000000, -42.49999999999999289 ) ) ;
#1011 = EDGE_CURVE ( 'NONE', #933, #1857, #1126, .T. ) ;
#1012 = CARTESIAN_POINT ( 'NONE',  ( 93.50000000000000000, 20.69999999999999929, 0.000000000000000000 ) ) ;
#1013 = VERTEX_POINT ( 'NONE', #2558 ) ;
#1014 = PLANE ( 'NONE',  #3738 ) ;
#1015 = VERTEX_POINT ( 'NONE', #743 ) ;
#1016 = AXIS2_PLACEMENT_3D ( 'NONE', #2501, #2524, #2903 ) ;
#1017 = LINE ( 'NONE', #4442, #4008 ) ;
#1018 = CARTESIAN_POINT ( 'NONE',  ( 92.50000000000000000, 24.50000000000007105, -53.62500000000002132 ) ) ;
#1019 = CARTESIAN_POINT ( 'NONE',  ( 11.75000000000000533, 11.75000000000000000, -60.00000000000000000 ) ) ;
#1020 = VECTOR ( 'NONE', #3089, 1000.000000000000000 ) ;
#1021 = ORIENTED_EDGE ( 'NONE', *, *, #1124, .F. ) ;
#1022 = EDGE_LOOP ( 'NONE', ( #3921, #25, #2817, #2958 ) ) ;
#1023 = CARTESIAN_POINT ( 'NONE',  ( 7.500000000000000888, 7.500000000000000000, -7.500000000000000000 ) ) ;
#1024 = VERTEX_POINT ( 'NONE', #2286 ) ;
#1025 = ADVANCED_FACE ( 'NONE', ( #1053 ), #2583, .F. ) ;
#1026 = FACE_OUTER_BOUND ( 'NONE', #3703, .T. ) ;
#1027 = AXIS2_PLACEMENT_3D ( 'NONE', #3072, #1089, #2619 ) ;
#1028 = CARTESIAN_POINT ( 'NONE',  ( 0.000000000000000000, 2.999999999999995559, -53.50000000000000000 ) ) ;
#1029 = VERTEX_POINT ( 'NONE', #3314 ) ;
#1030 = EDGE_LOOP ( 'NONE', ( #2104, #3791, #3145, #3726 ) ) ;
#1031 = VECTOR ( 'NONE', #2169, 1000.000000000000000 ) ;
#1032 = CYLINDRICAL_SURFACE ( 'NONE', #379, 1.699999999999998401 ) ;
#1033 = ADVANCED_FACE ( 'NONE', ( #4854 ), #2963, .T. ) ;
#1034 = AXIS2_PLACEMENT_3D ( 'NONE', #2399, #837, #2377 ) ;
#1035 = DIRECTION ( 'NONE',  ( -0.000000000000000000, -1.000000000000000000, -0.000000000000000000 ) ) ;
#1036 = ORIENTED_EDGE ( 'NONE', *, *, #4595, .T. ) ;
#1037 = CARTESIAN_POINT ( 'NONE',  ( 98.34000000000001762, 11.74000000000000021, -48.26000000000000512 ) ) ;
#1038 = ORIENTED_EDGE ( 'NONE', *, *, #4476, .T. ) ;
#1039 = DIRECTION ( 'NONE',  ( 0.000000000000000000, 1.000000000000000000, 0.000000000000000000 ) ) ;
#1040 = ADVANCED_FACE ( 'NONE', ( #2161, #4928, #2889 ), #4071, .T. ) ;
#1041 = EDGE_CURVE ( 'NONE', #2034, #2966, #3709, .T. ) ;
#1042 = CARTESIAN_POINT ( 'NONE',  ( 98.34000000000001762, 11.74000000000000021, -11.75000000000000178 ) ) ;
#1043 = PLANE ( 'NONE',  #2048 ) ;
#1044 = VERTEX_POINT ( 'NONE', #692 ) ;
#1045 = LINE ( 'NONE', #2574, #3091 ) ;
#1046 = VERTEX_POINT ( 'NONE', #4878 ) ;
#1047 = CARTESIAN_POINT ( 'NONE',  ( 93.50000000000000000, 24.50000000000000000, -54.75000000000000000 ) ) ;
#1048 = VECTOR ( 'NONE', #4296, 1000.000000000000000 ) ;
#1049 = EDGE_CURVE ( 'NONE', #4914, #4347, #1941, .T. ) ;
#1050 = ORIENTED_EDGE ( 'NONE', *, *, #2182, .F. ) ;
#1051 = DIRECTION ( 'NONE',  ( 0.000000000000000000, -6.167905692361974645E-15, -1.000000000000000000 ) ) ;
#1052 = VERTEX_POINT ( 'NONE', #287 ) ;
#1053 = FACE_OUTER_BOUND ( 'NONE', #531, .T. ) ;
#1054 = CARTESIAN_POINT ( 'NONE',  ( 7.500000000000000888, 22.25000000000003553, -8.625000000000117240 ) ) ;
#1055 = EDGE_LOOP ( 'NONE', ( #2745, #950, #3532, #1809, #1675, #2661, #4799, #2271 ) ) ;
#1056 = LINE ( 'NONE', #2190, #977 ) ;
#1057 = VECTOR ( 'NONE', #4906, 1000.000000000000000 ) ;
#1058 = DIRECTION ( 'NONE',  ( -1.000000000000000000, 0.000000000000000000, 0.000000000000000000 ) ) ;
#1059 = DIRECTION ( 'NONE',  ( 0.000000000000000000, -1.000000000000000000, 0.000000000000000000 ) ) ;
#1060 = EDGE_CURVE ( 'NONE', #2011, #2979, #1378, .T. ) ;
#1061 = ORIENTED_EDGE ( 'NONE', *, *, #1798, .F. ) ;
#1062 = DIRECTION ( 'NONE',  ( 1.000000000000000000, -0.000000000000000000, -0.000000000000000000 ) ) ;
#1063 = VERTEX_POINT ( 'NONE', #2913 ) ;
#1064 = CARTESIAN_POINT ( 'NONE',  ( 0.000000000000000000, 1.141265444721584497E-15, -5.000000000000005329 ) ) ;
#1065 = LINE ( 'NONE', #581, #527 ) ;
#1066 = CARTESIAN_POINT ( 'NONE',  ( 17.50000000000000000, 3.000000000000000000, -7.500000000000000888 ) ) ;
#1067 = ORIENTED_EDGE ( 'NONE', *, *, #2627, .F. ) ;
#1068 = DIRECTION ( 'NONE',  ( 0.000000000000000000, 0.000000000000000000, -1.000000000000000000 ) ) ;
#1069 = ORIENTED_EDGE ( 'NONE', *, *, #4003, .F. ) ;
#1070 = CYLINDRICAL_SURFACE ( 'NONE', #3975, 1.699999999999998401 ) ;
#1071 = EDGE_CURVE ( 'NONE', #1046, #4355, #1401, .T. ) ;
#1072 = LINE ( 'NONE', #4926, #3347 ) ;
#1073 = VECTOR ( 'NONE', #4056, 1000.000000000000000 ) ;
#1074 = ADVANCED_FACE ( 'NONE', ( #664 ), #3695, .F. ) ;
#1075 = ORIENTED_EDGE ( 'NONE', *, *, #2579, .T. ) ;
#1076 = CIRCLE ( 'NONE', #3724, 1.699999999999993072 ) ;
#1077 = DIRECTION ( 'NONE',  ( -0.000000000000000000, -1.000000000000000000, -0.000000000000000000 ) ) ;
#1078 = DIRECTION ( 'NONE',  ( 0.000000000000000000, 0.8096104433943882572, -0.5869675714609300377 ) ) ;
#1079 = ORIENTED_EDGE ( 'NONE', *, *, #2890, .F. ) ;
#1080 = DIRECTION ( 'NONE',  ( -0.000000000000000000, -1.000000000000000000, 5.551115123125793746E-15 ) ) ;
#1081 = AXIS2_PLACEMENT_3D ( 'NONE', #114, #3592, #2807 ) ;
#1082 = CARTESIAN_POINT ( 'NONE',  ( 100.0000000000000000, 24.50000000000000000, -5.000000000000000000 ) ) ;
#1083 = CARTESIAN_POINT ( 'NONE',  ( 82.50000000000000000, 3.000000000000000000, -52.50000000000000000 ) ) ;
#1084 = AXIS2_PLACEMENT_3D ( 'NONE', #1037, #1062, #2194 ) ;
#1085 = ORIENTED_EDGE ( 'NONE', *, *, #966, .F. ) ;
#1086 = CARTESIAN_POINT ( 'NONE',  ( 86.56000000000003070, 11.74999999999999645, -58.33999999999997499 ) ) ;
#1087 = ORIENTED_EDGE ( 'NONE', *, *, #2909, .F. ) ;
#1088 = ADVANCED_FACE ( 'NONE', ( #4501 ), #2214, .F. ) ;
#1089 = DIRECTION ( 'NONE',  ( -0.000000000000000000, -1.000000000000000000, -0.000000000000000000 ) ) ;
#1090 = CARTESIAN_POINT ( 'NONE',  ( 7.500000000000000000, 7.500000000000000000, -52.50000000000000000 ) ) ;
#1091 = CARTESIAN_POINT ( 'NONE',  ( 10.50000000000000000, 22.25000000000003553, -8.625000000000117240 ) ) ;
#1092 = ORIENTED_EDGE ( 'NONE', *, *, #2960, .T. ) ;
#1093 = CARTESIAN_POINT ( 'NONE',  ( 6.500000000000000000, 7.500000000000000000, -54.74999999999997868 ) ) ;
#1094 = ORIENTED_EDGE ( 'NONE', *, *, #142, .F. ) ;
#1095 = LINE ( 'NONE', #4924, #4538 ) ;
#1096 = CARTESIAN_POINT ( 'NONE',  ( 88.26000000000001933, 11.74999999999999645, -60.00000000000000000 ) ) ;
#1097 = ADVANCED_FACE ( 'NONE', ( #2186 ), #3673, .F. ) ;
#1098 = EDGE_LOOP ( 'NONE', ( #2538, #3982, #4871, #1558 ) ) ;
#1099 = DIRECTION ( 'NONE',  ( 0.000000000000000000, -0.000000000000000000, 1.000000000000000000 ) ) ;
#1100 = DIRECTION ( 'NONE',  ( 0.000000000000000000, 0.000000000000000000, 1.000000000000000000 ) ) ;
#1101 = ORIENTED_EDGE ( 'NONE', *, *, #1528, .F. ) ;
#1102 = DIRECTION ( 'NONE',  ( 0.000000000000000000, 0.000000000000000000, -1.000000000000000000 ) ) ;
#1103 = ADVANCED_FACE ( 'NONE', ( #1026 ), #2985, .T. ) ;
#1104 = CARTESIAN_POINT ( 'NONE',  ( 10.50000000000000000, 24.50000000000003553, -51.37499999999987921 ) ) ;
#1105 = CARTESIAN_POINT ( 'NONE',  ( 7.500000000000000000, 7.500000000000000000, 0.000000000000000000 ) ) ;
#1106 = EDGE_LOOP ( 'NONE', ( #3378, #2407, #775, #1709, #1767, #377, #410, #4774 ) ) ;
#1107 = PLANE ( 'NONE',  #846 ) ;
#1108 = ORIENTED_EDGE ( 'NONE', *, *, #3489, .T. ) ;
#1109 = VECTOR ( 'NONE', #3048, 1000.000000000000000 ) ;
#1110 = VECTOR ( 'NONE', #1312, 1000.000000000000000 ) ;
#1111 = DIRECTION ( 'NONE',  ( 0.000000000000000000, 0.000000000000000000, -1.000000000000000000 ) ) ;
#1112 = DIRECTION ( 'NONE',  ( -0.000000000000000000, 1.000000000000000000, 0.000000000000000000 ) ) ;
#1113 = CARTESIAN_POINT ( 'NONE',  ( 0.000000000000000000, 24.50000000000000000, -54.99999999999999289 ) ) ;
#1114 = VERTEX_POINT ( 'NONE', #4480 ) ;
#1115 = DIRECTION ( 'NONE',  ( 0.000000000000000000, 0.000000000000000000, -1.000000000000000000 ) ) ;
#1116 = ORIENTED_EDGE ( 'NONE', *, *, #2690, .F. ) ;
#1117 = EDGE_CURVE ( 'NONE', #1015, #769, #94, .T. ) ;
#1118 = DIRECTION ( 'NONE',  ( 1.291815354450813925E-16, -5.551115123125791380E-15, 1.000000000000000000 ) ) ;
#1119 = AXIS2_PLACEMENT_3D ( 'NONE', #4959, #744, #2610 ) ;
#1120 = DIRECTION ( 'NONE',  ( 0.000000000000000000, -1.000000000000000000, 0.000000000000000000 ) ) ;
#1121 = CARTESIAN_POINT ( 'NONE',  ( 11.75000000000000533, 11.75000000000000000, -57.74999999999997868 ) ) ;
#1122 = ORIENTED_EDGE ( 'NONE', *, *, #2232, .F. ) ;
#1123 = AXIS2_PLACEMENT_3D ( 'NONE', #2509, #2487, #2110 ) ;
#1124 = EDGE_CURVE ( 'NONE', #1945, #1740, #1755, .T. ) ;
#1125 = DIRECTION ( 'NONE',  ( -1.000000000000000000, 0.000000000000000000, -0.000000000000000000 ) ) ;
#1126 = LINE ( 'NONE', #312, #1514 ) ;
#1127 = LINE ( 'NONE', #1832, #3453 ) ;
#1128 = VERTEX_POINT ( 'NONE', #4096 ) ;
#1129 = CARTESIAN_POINT ( 'NONE',  ( 11.75000000000000178, 1.659999999999999476, -13.43999999999999950 ) ) ;
#1130 = EDGE_CURVE ( 'NONE', #3711, #2522, #3742, .T. ) ;
#1131 = CARTESIAN_POINT ( 'NONE',  ( 11.75000000000000533, 11.75000000000000000, -60.00000000000000000 ) ) ;
#1132 = FACE_BOUND ( 'NONE', #2321, .T. ) ;
#1133 = EDGE_CURVE ( 'NONE', #3801, #3787, #2347, .T. ) ;
#1134 = EDGE_LOOP ( 'NONE', ( #965, #995, #4274, #3008 ) ) ;
#1135 =( LENGTH_UNIT ( ) NAMED_UNIT ( * ) SI_UNIT ( .MILLI., .METRE. ) );
#1136 = EDGE_LOOP ( 'NONE', ( #4572, #3117, #1101, #2869, #319, #8, #4565, #4388 ) ) ;
#1137 = DIRECTION ( 'NONE',  ( 0.000000000000000000, -1.000000000000000000, 0.000000000000000000 ) ) ;
#1138 = DIRECTION ( 'NONE',  ( 1.000000000000000000, 0.000000000000000000, -0.000000000000000000 ) ) ;
#1139 = DIRECTION ( 'NONE',  ( 0.000000000000000000, 0.000000000000000000, 1.000000000000000000 ) ) ;
#1140 = ORIENTED_EDGE ( 'NONE', *, *, #1887, .F. ) ;
#1141 = LINE ( 'NONE', #2329, #4624 ) ;
#1142 = VERTEX_POINT ( 'NONE', #3390 ) ;
#1143 = LINE ( 'NONE', #4168, #1002 ) ;
#1144 = DIRECTION ( 'NONE',  ( 0.000000000000000000, 0.000000000000000000, -1.000000000000000000 ) ) ;
#1145 = CARTESIAN_POINT ( 'NONE',  ( 100.0000000000000000, 0.000000000000000000, -60.00000000000000000 ) ) ;
#1146 = VERTEX_POINT ( 'NONE', #3717 ) ;
#1147 = ADVANCED_FACE ( 'NONE', ( #2608 ), #3769, .F. ) ;
#1148 = CONICAL_SURFACE ( 'NONE', #4690, 3.360000000000002096, 0.7853981633974482790 ) ;
#1149 = VERTEX_POINT ( 'NONE', #3847 ) ;
#1150 = DIRECTION ( 'NONE',  ( 1.000000000000000000, -0.000000000000000000, -0.000000000000000000 ) ) ;
#1151 = ORIENTED_EDGE ( 'NONE', *, *, #1774, .F. ) ;
#1152 = VECTOR ( 'NONE', #3601, 1000.000000000000000 ) ;
#1153 = LINE ( 'NONE', #1858, #322 ) ;
#1154 = CARTESIAN_POINT ( 'NONE',  ( 92.50000000000000000, 7.500000000000000000, -52.50000000000000000 ) ) ;
#1155 = CARTESIAN_POINT ( 'NONE',  ( 93.50000000000000000, 2.999999999999995559, -5.249999999999999112 ) ) ;
#1156 = EDGE_CURVE ( 'NONE', #4641, #3549, #4920, .T. ) ;
#1157 = AXIS2_PLACEMENT_3D ( 'NONE', #3641, #189, #213 ) ;
#1158 = VERTEX_POINT ( 'NONE', #1477 ) ;
#1159 = CARTESIAN_POINT ( 'NONE',  ( 2.250000000000001776, 11.74000000000000021, -46.56000000000000227 ) ) ;
#1160 = VERTEX_POINT ( 'NONE', #1953 ) ;
#1161 = ADVANCED_FACE ( 'NONE', ( #2631 ), #2735, .F. ) ;
#1162 = CIRCLE ( 'NONE', #4862, 3.360000000000002096 ) ;
#1163 = CARTESIAN_POINT ( 'NONE',  ( 6.500000000000000000, 2.999999999999995559, -54.74999999999997868 ) ) ;
#1164 = LINE ( 'NONE', #784, #4610 ) ;
#1165 = LINE ( 'NONE', #4971, #2556 ) ;
#1166 = ORIENTED_EDGE ( 'NONE', *, *, #1456, .F. ) ;
#1167 = DIRECTION ( 'NONE',  ( -0.000000000000000000, -1.000000000000000000, -0.000000000000000000 ) ) ;
#1168 = ORIENTED_EDGE ( 'NONE', *, *, #4601, .F. ) ;
#1169 = DIRECTION ( 'NONE',  ( -1.000000000000000000, -0.000000000000000000, -0.000000000000000000 ) ) ;
#1170 = VECTOR ( 'NONE', #272, 1000.000000000000000 ) ;
#1171 = ADVANCED_FACE ( 'NONE', ( #1879 ), #4573, .T. ) ;
#1172 = CARTESIAN_POINT ( 'NONE',  ( 89.96000000000000796, 11.74999999999999645, 0.000000000000000000 ) ) ;
#1173 = CARTESIAN_POINT ( 'NONE',  ( 92.50000000000000000, 17.50000000000000711, -53.62499999999997868 ) ) ;
#1174 = ORIENTED_EDGE ( 'NONE', *, *, #4104, .T. ) ;
#1175 = CIRCLE ( 'NONE', #3266, 1.699999999999998401 ) ;
#1176 = DIRECTION ( 'NONE',  ( 0.000000000000000000, 0.000000000000000000, -1.000000000000000000 ) ) ;
#1177 = CARTESIAN_POINT ( 'NONE',  ( 88.26000000000000512, 1.659999999999999476, -46.55000000000001137 ) ) ;
#1178 = VECTOR ( 'NONE', #3764, 1000.000000000000000 ) ;
#1179 = CARTESIAN_POINT ( 'NONE',  ( 89.50000000000001421, 17.50000000000001421, -52.50000000000000000 ) ) ;
#1180 = EDGE_CURVE ( 'NONE', #4853, #138, #16, .T. ) ;
#1181 = CARTESIAN_POINT ( 'NONE',  ( 7.500000000000000000, 7.500000000000000000, -2.250000000000000000 ) ) ;
#1182 = FACE_OUTER_BOUND ( 'NONE', #603, .T. ) ;
#1183 = ORIENTED_EDGE ( 'NONE', *, *, #4521, .F. ) ;
#1184 = CARTESIAN_POINT ( 'NONE',  ( 100.0000000000000000, 11.74000000000000021, -10.05000000000000426 ) ) ;
#1185 = ORIENTED_EDGE ( 'NONE', *, *, #3438, .F. ) ;
#1186 = CARTESIAN_POINT ( 'NONE',  ( 89.50000000000001421, 24.50000000000003553, -51.37499999999987921 ) ) ;
#1187 = FACE_OUTER_BOUND ( 'NONE', #448, .T. ) ;
#1188 = CARTESIAN_POINT ( 'NONE',  ( 0.000000000000000000, 7.500000000000000000, -60.00000000000000000 ) ) ;
#1189 = VECTOR ( 'NONE', #2773, 1000.000000000000114 ) ;
#1190 = VERTEX_POINT ( 'NONE', #4198 ) ;
#1191 = CARTESIAN_POINT ( 'NONE',  ( 88.26000000000001933, 11.74999999999999645, -2.249999999999999112 ) ) ;
#1192 = ORIENTED_EDGE ( 'NONE', *, *, #997, .F. ) ;
#1193 = DIRECTION ( 'NONE',  ( 1.000000000000000000, 0.000000000000000000, 0.000000000000000000 ) ) ;
#1194 = EDGE_CURVE ( 'NONE', #1015, #2474, #4625, .T. ) ;
#1195 = AXIS2_PLACEMENT_3D ( 'NONE', #3449, #3014, #4555 ) ;
#1196 = CARTESIAN_POINT ( 'NONE',  ( 10.50000000000000000, 17.50000000000001421, -5.250000000000018652 ) ) ;
#1197 = DIRECTION ( 'NONE',  ( 1.000000000000000000, 0.000000000000000000, 0.000000000000000000 ) ) ;
#1198 = ORIENTED_EDGE ( 'NONE', *, *, #4182, .T. ) ;
#1199 = EDGE_CURVE ( 'NONE', #1239, #3741, #2284, .T. ) ;
#1200 = DIRECTION ( 'NONE',  ( -0.7071067811865474617, 8.659560562354932858E-17, -0.7071067811865474617 ) ) ;
#1201 = ORIENTED_EDGE ( 'NONE', *, *, #1276, .F. ) ;
#1202 = AXIS2_PLACEMENT_3D ( 'NONE', #2634, #2987, #1530 ) ;
#1203 = ORIENTED_EDGE ( 'NONE', *, *, #3845, .T. ) ;
#1204 = PLANE ( 'NONE',  #3045 ) ;
#1205 = FACE_OUTER_BOUND ( 'NONE', #3517, .T. ) ;
#1206 = DIRECTION ( 'NONE',  ( 0.7071067811865453523, 8.659560562354906974E-17, -0.7071067811865496822 ) ) ;
#1207 = CARTESIAN_POINT ( 'NONE',  ( 0.000000000000000000, 11.74000000000000021, -48.26000000000000512 ) ) ;
#1208 = ORIENTED_EDGE ( 'NONE', *, *, #4894, .T. ) ;
#1209 = CARTESIAN_POINT ( 'NONE',  ( 88.26000000000001933, 11.74999999999999645, -1.660000000000022569 ) ) ;
#1210 = ORIENTED_EDGE ( 'NONE', *, *, #1240, .T. ) ;
#1211 = DIRECTION ( 'NONE',  ( 1.000000000000000000, 0.000000000000000000, 0.000000000000000000 ) ) ;
#1212 = ADVANCED_FACE ( 'NONE', ( #3820 ), #385, .F. ) ;
#1213 = CARTESIAN_POINT ( 'NONE',  ( 89.50000000000001421, 17.50000000000001421, -54.74999999999997868 ) ) ;
#1214 = CARTESIAN_POINT ( 'NONE',  ( 100.0000000000000000, 24.50000000000000000, 0.000000000000000000 ) ) ;
#1215 = VERTEX_POINT ( 'NONE', #1527 ) ;
#1216 = CARTESIAN_POINT ( 'NONE',  ( 97.74999999999998579, 7.500000000000000000, -17.49999999999999645 ) ) ;
#1217 = EDGE_LOOP ( 'NONE', ( #2098, #26, #4141, #866 ) ) ;
#1218 = AXIS2_PLACEMENT_3D ( 'NONE', #4391, #2877, #2570 ) ;
#1219 = FACE_OUTER_BOUND ( 'NONE', #4225, .T. ) ;
#1220 = FACE_OUTER_BOUND ( 'NONE', #2179, .T. ) ;
#1221 = ORIENTED_EDGE ( 'NONE', *, *, #238, .T. ) ;
#1222 = ADVANCED_FACE ( 'NONE', ( #3873 ), #3060, .F. ) ;
#1223 = CARTESIAN_POINT ( 'NONE',  ( 92.50000000000000000, 3.000000000000000000, -52.50000000000000000 ) ) ;
#1224 = EDGE_LOOP ( 'NONE', ( #4548, #3383 ) ) ;
#1225 = ADVANCED_FACE ( 'NONE', ( #1927, #823, #3110 ), #4751, .F. ) ;
#1226 = DIRECTION ( 'NONE',  ( 1.000000000000000000, 0.000000000000000000, 0.000000000000000000 ) ) ;
#1227 = LINE ( 'NONE', #3191, #4666 ) ;
#1228 = FACE_OUTER_BOUND ( 'NONE', #497, .T. ) ;
#1229 = DIRECTION ( 'NONE',  ( 0.000000000000000000, -1.000000000000000000, -5.551115123125790591E-15 ) ) ;
#1230 = VECTOR ( 'NONE', #1713, 1000.000000000000000 ) ;
#1231 = ORIENTED_EDGE ( 'NONE', *, *, #4451, .T. ) ;
#1232 = VERTEX_POINT ( 'NONE', #115 ) ;
#1233 = CARTESIAN_POINT ( 'NONE',  ( 89.50000000000001421, 24.50000000000006395, -54.75000000000002132 ) ) ;
#1234 = CARTESIAN_POINT ( 'NONE',  ( 10.50000000000000000, 24.50000000000002842, -54.75000000000002132 ) ) ;
#1235 = PLANE ( 'NONE',  #2323 ) ;
#1236 = ORIENTED_EDGE ( 'NONE', *, *, #261, .T. ) ;
#1237 = DIRECTION ( 'NONE',  ( 1.000000000000000000, -0.000000000000000000, -0.000000000000000000 ) ) ;
#1238 = VECTOR ( 'NONE', #3816, 1000.000000000000000 ) ;
#1239 = VERTEX_POINT ( 'NONE', #2834 ) ;
#1240 = EDGE_CURVE ( 'NONE', #563, #1257, #4699, .T. ) ;
#1241 = AXIS2_PLACEMENT_3D ( 'NONE', #2105, #3670, #586 ) ;
#1242 = CARTESIAN_POINT ( 'NONE',  ( 10.05000000000001670, 11.75000000000000000, 0.000000000000000000 ) ) ;
#1243 = CARTESIAN_POINT ( 'NONE',  ( 93.50000000000000000, 20.69999999999999929, -56.99999999999999289 ) ) ;
#1244 = DIRECTION ( 'NONE',  ( 0.000000000000000000, -1.000000000000000000, -6.167905692361974645E-15 ) ) ;
#1245 = EDGE_LOOP ( 'NONE', ( #4753, #3376, #1087 ) ) ;
#1246 = VECTOR ( 'NONE', #3866, 1000.000000000000000 ) ;
#1247 = ORIENTED_EDGE ( 'NONE', *, *, #4936, .T. ) ;
#1248 = CARTESIAN_POINT ( 'NONE',  ( 10.50000000000000000, 17.50000000000001776, -52.50000000000000000 ) ) ;
#1249 = EDGE_CURVE ( 'NONE', #4876, #4981, #11, .T. ) ;
#1250 = DIRECTION ( 'NONE',  ( 0.000000000000000000, 0.000000000000000000, 1.000000000000000000 ) ) ;
#1251 = DIRECTION ( 'NONE',  ( -0.000000000000000000, 1.000000000000000000, -0.000000000000000000 ) ) ;
#1252 = DIRECTION ( 'NONE',  ( 0.000000000000000000, 0.000000000000000000, -1.000000000000000000 ) ) ;
#1253 = EDGE_CURVE ( 'NONE', #1052, #1297, #4298, .T. ) ;
#1254 = CARTESIAN_POINT ( 'NONE',  ( 88.26000000000000512, 3.000000000000000000, -46.55000000000001137 ) ) ;
#1255 = VECTOR ( 'NONE', #1792, 1000.000000000000000 ) ;
#1256 = DIRECTION ( 'NONE',  ( -1.000000000000000000, -0.000000000000000000, -2.952720810173289112E-16 ) ) ;
#1257 = VERTEX_POINT ( 'NONE', #2411 ) ;
#1258 = ORIENTED_EDGE ( 'NONE', *, *, #2531, .T. ) ;
#1259 = EDGE_CURVE ( 'NONE', #4967, #2550, #3892, .T. ) ;
#1260 = DIRECTION ( 'NONE',  ( -0.000000000000000000, -1.000000000000000000, -0.000000000000000000 ) ) ;
#1261 = DIRECTION ( 'NONE',  ( 0.000000000000000000, -0.000000000000000000, -1.000000000000000000 ) ) ;
#1262 = DIRECTION ( 'NONE',  ( -0.000000000000000000, -0.000000000000000000, -1.000000000000000000 ) ) ;
#1263 = ORIENTED_EDGE ( 'NONE', *, *, #513, .F. ) ;
#1264 = LINE ( 'NONE', #3252, #1487 ) ;
#1265 = EDGE_LOOP ( 'NONE', ( #797, #3609, #4021, #2195, #4057, #889, #4172, #1930, #2420, #2841, #1551, #4307, #4431, #4900, #1347, #4196, #4015, #1567 ) ) ;
#1266 = AXIS2_PLACEMENT_3D ( 'NONE', #783, #1491, #1111 ) ;
#1267 = DIRECTION ( 'NONE',  ( 0.000000000000000000, 0.000000000000000000, -1.000000000000000000 ) ) ;
#1268 =( LENGTH_UNIT ( ) NAMED_UNIT ( * ) SI_UNIT ( .MILLI., .METRE. ) );
#1269 = EDGE_CURVE ( 'NONE', #3331, #1323, #3963, .T. ) ;
#1270 = ORIENTED_EDGE ( 'NONE', *, *, #250, .T. ) ;
#1271 = ORIENTED_EDGE ( 'NONE', *, *, #1684, .T. ) ;
#1272 = PLANE ( 'NONE',  #1081 ) ;
#1273 = AXIS2_PLACEMENT_3D ( 'NONE', #672, #292, #2639 ) ;
#1274 = VERTEX_POINT ( 'NONE', #433 ) ;
#1275 = VECTOR ( 'NONE', #731, 1000.000000000000000 ) ;
#1276 = EDGE_CURVE ( 'NONE', #3844, #4415, #459, .T. ) ;
#1277 = ORIENTED_EDGE ( 'NONE', *, *, #4511, .F. ) ;
#1278 = DIRECTION ( 'NONE',  ( -0.000000000000000000, 1.000000000000000000, -0.000000000000000000 ) ) ;
#1279 = LINE ( 'NONE', #1985, #2206 ) ;
#1280 = DIRECTION ( 'NONE',  ( 0.000000000000000000, 0.000000000000000000, -1.000000000000000000 ) ) ;
#1281 = LINE ( 'NONE', #447, #4126 ) ;
#1282 = ORIENTED_EDGE ( 'NONE', *, *, #1587, .F. ) ;
#1283 = CONICAL_SURFACE ( 'NONE', #2645, 3.360000000000002096, 0.7853981633974483900 ) ;
#1284 = ORIENTED_EDGE ( 'NONE', *, *, #2208, .F. ) ;
#1285 = EDGE_CURVE ( 'NONE', #4006, #4042, #1293, .T. ) ;
#1286 = CARTESIAN_POINT ( 'NONE',  ( 0.000000000000000000, 20.69999999999999929, 0.000000000000000000 ) ) ;
#1287 = ADVANCED_FACE ( 'NONE', ( #4770 ), #1667, .T. ) ;
#1288 = DIRECTION ( 'NONE',  ( 1.000000000000000000, -0.000000000000000000, -0.000000000000000000 ) ) ;
#1289 = LINE ( 'NONE', #2045, #2883 ) ;
#1290 = VERTEX_POINT ( 'NONE', #59 ) ;
#1291 = CARTESIAN_POINT ( 'NONE',  ( 7.500000000000000888, 22.25000000000003553, -51.37499999999987921 ) ) ;
#1292 = VERTEX_POINT ( 'NONE', #1596 ) ;
#1293 = LINE ( 'NONE', #107, #3877 ) ;
#1294 = CARTESIAN_POINT ( 'NONE',  ( 6.500000000000000000, 24.50000000000000000, -54.74999999999997868 ) ) ;
#1295 = CARTESIAN_POINT ( 'NONE',  ( 0.000000000000000000, 60.00000000000000000, -60.00000000000000000 ) ) ;
#1296 = VECTOR ( 'NONE', #3013, 1000.000000000000000 ) ;
#1297 = VERTEX_POINT ( 'NONE', #3129 ) ;
#1298 = ORIENTED_EDGE ( 'NONE', *, *, #698, .F. ) ;
#1299 = CARTESIAN_POINT ( 'NONE',  ( 93.50000000000000000, 17.50000000000000000, -5.249999999999999112 ) ) ;
#1300 = AXIS2_PLACEMENT_3D ( 'NONE', #2557, #4525, #2962 ) ;
#1301 = VERTEX_POINT ( 'NONE', #2754 ) ;
#1302 = LINE ( 'NONE', #519, #240 ) ;
#1303 = EDGE_CURVE ( 'NONE', #1734, #4257, #3559, .T. ) ;
#1304 = DIRECTION ( 'NONE',  ( -0.7071067811865474617, 0.000000000000000000, 0.7071067811865474617 ) ) ;
#1305 = LINE ( 'NONE', #2513, #4023 ) ;
#1306 = ORIENTED_EDGE ( 'NONE', *, *, #423, .F. ) ;
#1307 = ORIENTED_EDGE ( 'NONE', *, *, #541, .T. ) ;
#1308 = CARTESIAN_POINT ( 'NONE',  ( 5.250000000000000888, 3.000000000000003997, -52.50000000000000000 ) ) ;
#1309 = VECTOR ( 'NONE', #700, 1000.000000000000000 ) ;
#1310 = EDGE_CURVE ( 'NONE', #2011, #2505, #85, .T. ) ;
#1311 = CARTESIAN_POINT ( 'NONE',  ( 10.50000000000000000, 7.500000000000000000, -52.50000000000000000 ) ) ;
#1312 = DIRECTION ( 'NONE',  ( 0.000000000000000000, -1.000000000000000000, 0.000000000000000000 ) ) ;
#1313 = ORIENTED_EDGE ( 'NONE', *, *, #1642, .F. ) ;
#1314 = DIRECTION ( 'NONE',  ( -1.000000000000000000, -0.000000000000000000, -0.000000000000000000 ) ) ;
#1315 = ORIENTED_EDGE ( 'NONE', *, *, #2107, .T. ) ;
#1316 = VECTOR ( 'NONE', #2821, 1000.000000000000000 ) ;
#1317 = EDGE_CURVE ( 'NONE', #1889, #3408, #4692, .T. ) ;
#1318 = DIRECTION ( 'NONE',  ( -1.000000000000000000, 0.000000000000000000, 0.000000000000000000 ) ) ;
#1319 = ADVANCED_FACE ( 'NONE', ( #3940 ), #1643, .F. ) ;
#1320 = CARTESIAN_POINT ( 'NONE',  ( 7.500000000000000000, 7.500000000000000000, -2.250000000000000000 ) ) ;
#1321 = EDGE_LOOP ( 'NONE', ( #110, #3575, #2068, #1529, #4898, #481, #2954, #1622, #450, #1270, #2467, #395, #4319, #3245, #14, #2456 ) ) ;
#1322 = VECTOR ( 'NONE', #4579, 1000.000000000000000 ) ;
#1323 = VERTEX_POINT ( 'NONE', #580 ) ;
#1324 = AXIS2_PLACEMENT_3D ( 'NONE', #2652, #1920, #404 ) ;
#1325 = LINE ( 'NONE', #2860, #4055 ) ;
#1326 = ADVANCED_FACE ( 'NONE', ( #183 ), #4082, .T. ) ;
#1327 = VECTOR ( 'NONE', #1788, 1000.000000000000000 ) ;
#1328 = VERTEX_POINT ( 'NONE', #605 ) ;
#1329 = DIRECTION ( 'NONE',  ( -0.000000000000000000, -0.000000000000000000, -1.000000000000000000 ) ) ;
#1330 = DIRECTION ( 'NONE',  ( -0.000000000000000000, 1.000000000000000000, -0.000000000000000000 ) ) ;
#1331 = DIRECTION ( 'NONE',  ( 0.000000000000000000, -0.000000000000000000, -1.000000000000000000 ) ) ;
#1332 = CARTESIAN_POINT ( 'NONE',  ( 98.34000000000001762, 11.74000000000000021, -49.96000000000000796 ) ) ;
#1333 = ADVANCED_FACE ( 'NONE', ( #275, #555, #3255 ), #630, .F. ) ;
#1334 = ORIENTED_EDGE ( 'NONE', *, *, #337, .T. ) ;
#1335 = ORIENTED_EDGE ( 'NONE', *, *, #1117, .T. ) ;
#1336 = VECTOR ( 'NONE', #4896, 1000.000000000000000 ) ;
#1337 = LINE ( 'NONE', #4813, #2085 ) ;
#1338 = CYLINDRICAL_SURFACE ( 'NONE', #3967, 1.699999999999998401 ) ;
#1339 = ORIENTED_EDGE ( 'NONE', *, *, #4210, .T. ) ;
#1340 = LINE ( 'NONE', #104, #3495 ) ;
#1341 = AXIS2_PLACEMENT_3D ( 'NONE', #3600, #3387, #150 ) ;
#1342 = ORIENTED_EDGE ( 'NONE', *, *, #2671, .F. ) ;
#1343 = CARTESIAN_POINT ( 'NONE',  ( 10.50000000000000000, 22.25000000000003553, -8.625000000000117240 ) ) ;
#1344 = LINE ( 'NONE', #4419, #1816 ) ;
#1345 = FILL_AREA_STYLE_COLOUR ( '', #755 ) ;
#1346 = ORIENTED_EDGE ( 'NONE', *, *, #1377, .F. ) ;
#1347 = ORIENTED_EDGE ( 'NONE', *, *, #3690, .F. ) ;
#1348 = PLANE ( 'NONE',  #3413 ) ;
#1349 = EDGE_CURVE ( 'NONE', #4784, #1771, #3389, .T. ) ;
#1350 = EDGE_CURVE ( 'NONE', #255, #4006, #3706, .T. ) ;
#1351 = ORIENTED_EDGE ( 'NONE', *, *, #2269, .F. ) ;
#1352 = LINE ( 'NONE', #2463, #2010 ) ;
#1353 = CARTESIAN_POINT ( 'NONE',  ( 92.50000000000000000, 24.50000000000000000, -2.250000000000001776 ) ) ;
#1354 = VECTOR ( 'NONE', #1465, 1000.000000000000000 ) ;
#1355 = VECTOR ( 'NONE', #30, 1000.000000000000000 ) ;
#1356 = FACE_OUTER_BOUND ( 'NONE', #3603, .T. ) ;
#1357 = ORIENTED_EDGE ( 'NONE', *, *, #3621, .F. ) ;
#1358 = DIRECTION ( 'NONE',  ( 0.000000000000000000, 0.000000000000000000, -1.000000000000000000 ) ) ;
#1359 = ORIENTED_EDGE ( 'NONE', *, *, #357, .T. ) ;
#1360 = VERTEX_POINT ( 'NONE', #991 ) ;
#1361 = VECTOR ( 'NONE', #1226, 1000.000000000000000 ) ;
#1362 = DIRECTION ( 'NONE',  ( -0.000000000000000000, -0.000000000000000000, 1.000000000000000000 ) ) ;
#1363 = LINE ( 'NONE', #3657, #1073 ) ;
#1364 = VECTOR ( 'NONE', #2384, 1000.000000000000000 ) ;
#1365 = ORIENTED_EDGE ( 'NONE', *, *, #1133, .T. ) ;
#1366 = FACE_OUTER_BOUND ( 'NONE', #1385, .T. ) ;
#1367 = ORIENTED_EDGE ( 'NONE', *, *, #1303, .T. ) ;
#1368 = EDGE_CURVE ( 'NONE', #3296, #4339, #3731, .T. ) ;
#1369 = DIRECTION ( 'NONE',  ( 2.891205793294675861E-16, 0.000000000000000000, -1.000000000000000000 ) ) ;
#1370 = DIRECTION ( 'NONE',  ( 0.000000000000000000, 0.000000000000000000, 1.000000000000000000 ) ) ;
#1371 = FACE_OUTER_BOUND ( 'NONE', #3611, .T. ) ;
#1372 = EDGE_LOOP ( 'NONE', ( #2394, #1807, #1038, #1559 ) ) ;
#1373 = ORIENTED_EDGE ( 'NONE', *, *, #639, .F. ) ;
#1374 = DIRECTION ( 'NONE',  ( 0.000000000000000000, 5.551115123125790591E-15, -1.000000000000000000 ) ) ;
#1375 = EDGE_CURVE ( 'NONE', #2338, #3506, #1768, .T. ) ;
#1376 = ORIENTED_EDGE ( 'NONE', *, *, #3033, .T. ) ;
#1377 = EDGE_CURVE ( 'NONE', #1190, #2251, #4109, .T. ) ;
#1378 = LINE ( 'NONE', #2581, #1702 ) ;
#1379 = AXIS2_PLACEMENT_3D ( 'NONE', #241, #2937, #4829 ) ;
#1380 = DIRECTION ( 'NONE',  ( 0.000000000000000000, 0.000000000000000000, -1.000000000000000000 ) ) ;
#1381 = ORIENTED_EDGE ( 'NONE', *, *, #3402, .F. ) ;
#1382 = CARTESIAN_POINT ( 'NONE',  ( 10.50000000000000000, 17.50000000000001776, -54.74999999999997868 ) ) ;
#1383 = DIRECTION ( 'NONE',  ( 0.000000000000000000, 0.000000000000000000, -1.000000000000000000 ) ) ;
#1384 = DIRECTION ( 'NONE',  ( -1.000000000000000000, 0.000000000000000000, 1.291815354450813925E-16 ) ) ;
#1385 = EDGE_LOOP ( 'NONE', ( #684, #2145, #2094, #2520 ) ) ;
#1386 = LINE ( 'NONE', #4889, #3662 ) ;
#1387 = ORIENTED_EDGE ( 'NONE', *, *, #3718, .F. ) ;
#1388 = CARTESIAN_POINT ( 'NONE',  ( 100.0000000000000000, 11.74000000000000021, -49.96000000000000796 ) ) ;
#1389 = CARTESIAN_POINT ( 'NONE',  ( 93.50000000000000000, 2.999999999999995559, -2.249999999999999112 ) ) ;
#1390 = DIRECTION ( 'NONE',  ( -1.000000000000000000, 0.000000000000000000, 0.000000000000000000 ) ) ;
#1391 = ORIENTED_EDGE ( 'NONE', *, *, #1962, .F. ) ;
#1392 = EDGE_CURVE ( 'NONE', #2153, #554, #2902, .T. ) ;
#1393 = AXIS2_PLACEMENT_3D ( 'NONE', #151, #3523, #1658 ) ;
#1394 = EDGE_LOOP ( 'NONE', ( #1973, #509, #4029, #4687 ) ) ;
#1395 = PLANE ( 'NONE',  #1241 ) ;
#1396 = VECTOR ( 'NONE', #1118, 1000.000000000000000 ) ;
#1397 = EDGE_LOOP ( 'NONE', ( #3562, #4617, #3043, #1938 ) ) ;
#1398 = AXIS2_PLACEMENT_3D ( 'NONE', #2904, #1770, #681 ) ;
#1399 = EDGE_CURVE ( 'NONE', #2223, #2600, #2523, .T. ) ;
#1400 = VECTOR ( 'NONE', #1848, 1000.000000000000000 ) ;
#1401 = LINE ( 'NONE', #1828, #1057 ) ;
#1402 = VERTEX_POINT ( 'NONE', #4038 ) ;
#1403 = CARTESIAN_POINT ( 'NONE',  ( 0.000000000000000000, 2.999999999999995559, 0.000000000000000000 ) ) ;
#1404 = CARTESIAN_POINT ( 'NONE',  ( 7.500000000000003553, 24.50000000000000000, -60.00000000000000000 ) ) ;
#1405 = EDGE_LOOP ( 'NONE', ( #1192, #994, #4264, #3300 ) ) ;
#1406 = VECTOR ( 'NONE', #2498, 1000.000000000000000 ) ;
#1407 = LINE ( 'NONE', #2941, #3628 ) ;
#1408 = EDGE_CURVE ( 'NONE', #2641, #215, #1017, .T. ) ;
#1409 = EDGE_CURVE ( 'NONE', #4760, #1015, #1442, .T. ) ;
#1410 = LINE ( 'NONE', #222, #144 ) ;
#1411 = DIRECTION ( 'NONE',  ( -1.742955217105765467E-32, -1.000000000000000000, -1.349229370204183433E-16 ) ) ;
#1412 = EDGE_CURVE ( 'NONE', #1615, #1495, #2476, .T. ) ;
#1413 = ORIENTED_EDGE ( 'NONE', *, *, #4720, .F. ) ;
#1414 = FACE_OUTER_BOUND ( 'NONE', #1394, .T. ) ;
#1415 = VERTEX_POINT ( 'NONE', #3304 ) ;
#1416 = VECTOR ( 'NONE', #1899, 1000.000000000000000 ) ;
#1417 = DIRECTION ( 'NONE',  ( 1.000000000000000000, -0.000000000000000000, -0.000000000000000000 ) ) ;
#1418 = UNCERTAINTY_MEASURE_WITH_UNIT (LENGTH_MEASURE( 1.000000000000000082E-05 ), #1135, 'distance_accuracy_value', 'NONE');
#1419 = CARTESIAN_POINT ( 'NONE',  ( 11.75000000000000711, 0.000000000000000000, -48.25000000000000000 ) ) ;
#1420 = DIRECTION ( 'NONE',  ( -0.000000000000000000, 0.000000000000000000, -1.000000000000000000 ) ) ;
#1421 = VECTOR ( 'NONE', #2391, 1000.000000000000000 ) ;
#1422 = VERTEX_POINT ( 'NONE', #208 ) ;
#1423 = ORIENTED_EDGE ( 'NONE', *, *, #824, .T. ) ;
#1424 = DIRECTION ( 'NONE',  ( 0.000000000000000000, -5.551115123125794535E-15, -1.000000000000000000 ) ) ;
#1425 = ORIENTED_EDGE ( 'NONE', *, *, #591, .F. ) ;
#1426 = EDGE_CURVE ( 'NONE', #271, #3446, #1744, .T. ) ;
#1427 = DIRECTION ( 'NONE',  ( -0.000000000000000000, -0.000000000000000000, 1.000000000000000000 ) ) ;
#1428 = VECTOR ( 'NONE', #1417, 1000.000000000000000 ) ;
#1429 = CARTESIAN_POINT ( 'NONE',  ( 7.500000000000007105, 17.50000000000000000, -57.74999999999999289 ) ) ;
#1430 = ORIENTED_EDGE ( 'NONE', *, *, #2609, .F. ) ;
#1431 = ORIENTED_EDGE ( 'NONE', *, *, #3765, .F. ) ;
#1432 = AXIS2_PLACEMENT_3D ( 'NONE', #1907, #3373, #3751 ) ;
#1433 = DIRECTION ( 'NONE',  ( 0.000000000000000000, 0.000000000000000000, -1.000000000000000000 ) ) ;
#1434 = VECTOR ( 'NONE', #4764, 1000.000000000000000 ) ;
#1435 = CARTESIAN_POINT ( 'NONE',  ( 11.75000000000000711, 0.000000000000000000, -48.25000000000000000 ) ) ;
#1436 = ADVANCED_FACE ( 'NONE', ( #3280 ), #2713, .F. ) ;
#1437 = ORIENTED_EDGE ( 'NONE', *, *, #4731, .F. ) ;
#1438 = CARTESIAN_POINT ( 'NONE',  ( 92.50000000000000000, 22.25000000000003553, -8.625000000000117240 ) ) ;
#1439 = ORIENTED_EDGE ( 'NONE', *, *, #4044, .F. ) ;
#1440 = EDGE_CURVE ( 'NONE', #1904, #1666, #4868, .T. ) ;
#1441 = VECTOR ( 'NONE', #4048, 1000.000000000000000 ) ;
#1442 = LINE ( 'NONE', #3664, #4725 ) ;
#1443 = LINE ( 'NONE', #4513, #3915 ) ;
#1444 = DIRECTION ( 'NONE',  ( 1.000000000000000000, 0.000000000000000000, 0.000000000000000000 ) ) ;
#1445 = ORIENTED_EDGE ( 'NONE', *, *, #4567, .F. ) ;
#1446 = DIRECTION ( 'NONE',  ( -0.000000000000000000, -1.000000000000000000, -0.000000000000000000 ) ) ;
#1447 = EDGE_LOOP ( 'NONE', ( #3003, #1116, #41, #3205 ) ) ;
#1448 = DIRECTION ( 'NONE',  ( 0.000000000000000000, 1.000000000000000000, 0.000000000000000000 ) ) ;
#1449 = DIRECTION ( 'NONE',  ( -0.000000000000000000, 1.000000000000000000, -0.000000000000000000 ) ) ;
#1450 = ORIENTED_EDGE ( 'NONE', *, *, #3345, .F. ) ;
#1451 = DIRECTION ( 'NONE',  ( -0.000000000000000000, -6.167905692361974645E-15, -1.000000000000000000 ) ) ;
#1452 = LINE ( 'NONE', #4880, #223 ) ;
#1453 = DIRECTION ( 'NONE',  ( 2.891205793294678326E-16, 0.000000000000000000, 1.000000000000000000 ) ) ;
#1454 = EDGE_LOOP ( 'NONE', ( #1703, #943, #1468, #303 ) ) ;
#1455 = AXIS2_PLACEMENT_3D ( 'NONE', #1508, #4932, #3878 ) ;
#1456 = EDGE_CURVE ( 'NONE', #3235, #643, #3685, .T. ) ;
#1457 = FACE_BOUND ( 'NONE', #4282, .T. ) ;
#1458 = AXIS2_PLACEMENT_3D ( 'NONE', #1343, #1791, #4841 ) ;
#1459 = CARTESIAN_POINT ( 'NONE',  ( 0.000000000000000000, 11.74000000000000021, -11.75000000000000178 ) ) ;
#1460 = DIRECTION ( 'NONE',  ( 1.291815354450813678E-16, 0.000000000000000000, 1.000000000000000000 ) ) ;
#1461 = ORIENTED_EDGE ( 'NONE', *, *, #635, .F. ) ;
#1462 = DIRECTION ( 'NONE',  ( 0.000000000000000000, 0.000000000000000000, -1.000000000000000000 ) ) ;
#1463 = EDGE_LOOP ( 'NONE', ( #55, #1796, #2977, #2827 ) ) ;
#1464 = EDGE_CURVE ( 'NONE', #4716, #4518, #4892, .T. ) ;
#1465 = DIRECTION ( 'NONE',  ( 0.000000000000000000, 1.000000000000000000, 2.282530889443166529E-16 ) ) ;
#1466 = CARTESIAN_POINT ( 'NONE',  ( 100.0000000000000000, 24.50000000000000000, 0.000000000000000000 ) ) ;
#1467 = CARTESIAN_POINT ( 'NONE',  ( 0.000000000000000000, 7.500000000000000000, -60.00000000000000000 ) ) ;
#1468 = ORIENTED_EDGE ( 'NONE', *, *, #2143, .F. ) ;
#1469 = LINE ( 'NONE', #4805, #511 ) ;
#1470 = VERTEX_POINT ( 'NONE', #3862 ) ;
#1471 = CARTESIAN_POINT ( 'NONE',  ( 93.50000000000000000, 2.999999999999995559, -54.99999999999999289 ) ) ;
#1472 = DIRECTION ( 'NONE',  ( -0.000000000000000000, -1.000000000000000000, -0.000000000000000000 ) ) ;
#1473 = VECTOR ( 'NONE', #4654, 1000.000000000000000 ) ;
#1474 = ORIENTED_EDGE ( 'NONE', *, *, #3197, .F. ) ;
#1475 = EDGE_CURVE ( 'NONE', #4093, #2060, #757, .T. ) ;
#1476 = VECTOR ( 'NONE', #1261, 1000.000000000000000 ) ;
#1477 = CARTESIAN_POINT ( 'NONE',  ( 92.50000000000001421, 3.000000000000000000, -7.500000000000000000 ) ) ;
#1478 = DIRECTION ( 'NONE',  ( 0.000000000000000000, 6.167905692361974645E-15, -1.000000000000000000 ) ) ;
#1479 = VECTOR ( 'NONE', #632, 1000.000000000000000 ) ;
#1480 = ORIENTED_EDGE ( 'NONE', *, *, #3020, .F. ) ;
#1481 = CIRCLE ( 'NONE', #3899, 1.699999999999998401 ) ;
#1482 = DIRECTION ( 'NONE',  ( 0.000000000000000000, 3.556183125752452966E-15, -1.000000000000000000 ) ) ;
#1483 = AXIS2_PLACEMENT_3D ( 'NONE', #712, #4520, #2601 ) ;
#1484 = DIRECTION ( 'NONE',  ( 1.387778780781445676E-16, -1.000000000000000000, 0.000000000000000000 ) ) ;
#1485 = EDGE_CURVE ( 'NONE', #2554, #2793, #1515, .T. ) ;
#1486 = DIRECTION ( 'NONE',  ( 0.000000000000000000, 0.000000000000000000, -1.000000000000000000 ) ) ;
#1487 = VECTOR ( 'NONE', #4036, 1000.000000000000000 ) ;
#1488 = ORIENTED_EDGE ( 'NONE', *, *, #423, .T. ) ;
#1489 = LINE ( 'NONE', #248, #1170 ) ;
#1490 = ORIENTED_EDGE ( 'NONE', *, *, #2115, .T. ) ;
#1491 = DIRECTION ( 'NONE',  ( -0.000000000000000000, -1.000000000000000000, -0.000000000000000000 ) ) ;
#1492 = EDGE_CURVE ( 'NONE', #4331, #3785, #3756, .T. ) ;
#1493 = CARTESIAN_POINT ( 'NONE',  ( 0.000000000000000000, 2.999999999999995559, -5.249999999999999112 ) ) ;
#1494 = CARTESIAN_POINT ( 'NONE',  ( 89.50000000000001421, 24.50000000000009237, -5.249999999999979572 ) ) ;
#1495 = VERTEX_POINT ( 'NONE', #4187 ) ;
#1496 = LINE ( 'NONE', #1093, #195 ) ;
#1497 = ORIENTED_EDGE ( 'NONE', *, *, #3271, .T. ) ;
#1498 = CARTESIAN_POINT ( 'NONE',  ( 0.000000000000000000, 20.69999999999999929, -5.000000000000000888 ) ) ;
#1499 = CIRCLE ( 'NONE', #4475, 3.360000000000002096 ) ;
#1500 = DIRECTION ( 'NONE',  ( 0.000000000000000000, 0.000000000000000000, -1.000000000000000000 ) ) ;
#1501 = CARTESIAN_POINT ( 'NONE',  ( 88.26000000000000512, 0.000000000000000000, -44.89000000000000057 ) ) ;
#1502 = VERTEX_POINT ( 'NONE', #398 ) ;
#1503 = EDGE_CURVE ( 'NONE', #4347, #458, #370, .T. ) ;
#1504 = ADVANCED_FACE ( 'NONE', ( #2973 ), #3427, .T. ) ;
#1505 = FACE_OUTER_BOUND ( 'NONE', #1030, .T. ) ;
#1506 = LINE ( 'NONE', #4226, #2252 ) ;
#1507 = ORIENTED_EDGE ( 'NONE', *, *, #4519, .F. ) ;
#1508 = CARTESIAN_POINT ( 'NONE',  ( 0.000000000000000000, 7.500000000000013323, -52.50000000000000711 ) ) ;
#1509 = FACE_OUTER_BOUND ( 'NONE', #66, .T. ) ;
#1510 = FACE_BOUND ( 'NONE', #1670, .T. ) ;
#1511 = ORIENTED_EDGE ( 'NONE', *, *, #2961, .F. ) ;
#1512 = ORIENTED_EDGE ( 'NONE', *, *, #2765, .F. ) ;
#1513 = AXIS2_PLACEMENT_3D ( 'NONE', #1163, #3781, #3805 ) ;
#1514 = VECTOR ( 'NONE', #2659, 1000.000000000000000 ) ;
#1515 = LINE ( 'NONE', #345, #952 ) ;
#1516 = DIRECTION ( 'NONE',  ( 0.000000000000000000, 0.000000000000000000, -1.000000000000000000 ) ) ;
#1517 = LINE ( 'NONE', #326, #4171 ) ;
#1518 = VERTEX_POINT ( 'NONE', #3478 ) ;
#1519 = CARTESIAN_POINT ( 'NONE',  ( 84.90000000000001990, 11.74999999999999645, -60.00000000000000000 ) ) ;
#1520 = EDGE_LOOP ( 'NONE', ( #4290, #2972, #3935, #3370 ) ) ;
#1521 = LINE ( 'NONE', #1948, #2932 ) ;
#1522 = EDGE_CURVE ( 'NONE', #1717, #1239, #4916, .T. ) ;
#1523 = CARTESIAN_POINT ( 'NONE',  ( 6.500000000000000888, 7.500000000000000000, -57.74999999999997868 ) ) ;
#1524 = DIRECTION ( 'NONE',  ( 0.000000000000000000, -5.551115123125791380E-15, 1.000000000000000000 ) ) ;
#1525 = ORIENTED_EDGE ( 'NONE', *, *, #1310, .F. ) ;
#1526 = VECTOR ( 'NONE', #2157, 1000.000000000000000 ) ;
#1527 = CARTESIAN_POINT ( 'NONE',  ( 7.500000000000000888, 22.25000000000003553, -53.62500000000000711 ) ) ;
#1528 = EDGE_CURVE ( 'NONE', #254, #4914, #2697, .T. ) ;
#1529 = ORIENTED_EDGE ( 'NONE', *, *, #3133, .F. ) ;
#1530 = DIRECTION ( 'NONE',  ( -0.000000000000000000, -6.167905692361974645E-15, -1.000000000000000000 ) ) ;
#1531 = ORIENTED_EDGE ( 'NONE', *, *, #779, .T. ) ;
#1532 = DIRECTION ( 'NONE',  ( 0.000000000000000000, 1.000000000000000000, 2.282530889443167022E-16 ) ) ;
#1533 = EDGE_CURVE ( 'NONE', #1292, #4477, #2477, .T. ) ;
#1534 = LINE ( 'NONE', #1154, #2555 ) ;
#1535 = FACE_OUTER_BOUND ( 'NONE', #57, .T. ) ;
#1536 = ORIENTED_EDGE ( 'NONE', *, *, #4739, .T. ) ;
#1537 = APPLICATION_PROTOCOL_DEFINITION ( 'draft international standard', 'automotive_design', 1998, #2158 ) ;
#1538 = ORIENTED_EDGE ( 'NONE', *, *, #3585, .T. ) ;
#1539 = ADVANCED_FACE ( 'NONE', ( #3021 ), #4169, .F. ) ;
#1540 = AXIS2_PLACEMENT_3D ( 'NONE', #592, #978, #2136 ) ;
#1541 = FACE_OUTER_BOUND ( 'NONE', #3720, .T. ) ;
#1542 = CARTESIAN_POINT ( 'NONE',  ( 7.500000000000008882, 1.040834085586085637E-15, -60.00000000000000000 ) ) ;
#1543 = CARTESIAN_POINT ( 'NONE',  ( 89.50000000000001421, 17.50000000000001421, -7.500000000000000000 ) ) ;
#1544 = ORIENTED_EDGE ( 'NONE', *, *, #3346, .T. ) ;
#1545 = DIRECTION ( 'NONE',  ( -1.000000000000000000, 0.000000000000000000, 0.000000000000000000 ) ) ;
#1546 = VERTEX_POINT ( 'NONE', #4138 ) ;
#1547 = LINE ( 'NONE', #2980, #1799 ) ;
#1548 = FACE_OUTER_BOUND ( 'NONE', #2278, .T. ) ;
#1549 = CARTESIAN_POINT ( 'NONE',  ( 94.75000000000000000, 17.49999999999997513, 8.049116928532384918E-14 ) ) ;
#1550 = ORIENTED_EDGE ( 'NONE', *, *, #24, .T. ) ;
#1551 = ORIENTED_EDGE ( 'NONE', *, *, #647, .T. ) ;
#1552 = DIRECTION ( 'NONE',  ( -1.000000000000000000, -0.000000000000000000, -0.000000000000000000 ) ) ;
#1553 = AXIS2_PLACEMENT_3D ( 'NONE', #4212, #3834, #372 ) ;
#1554 = LINE ( 'NONE', #3852, #1698 ) ;
#1555 = LINE ( 'NONE', #3140, #1421 ) ;
#1556 = DIRECTION ( 'NONE',  ( 0.000000000000000000, 0.000000000000000000, -1.000000000000000000 ) ) ;
#1557 = AXIS2_PLACEMENT_3D ( 'NONE', #282, #973, #3360 ) ;
#1558 = ORIENTED_EDGE ( 'NONE', *, *, #4951, .T. ) ;
#1559 = ORIENTED_EDGE ( 'NONE', *, *, #365, .T. ) ;
#1560 = EDGE_CURVE ( 'NONE', #4839, #1546, #4081, .T. ) ;
#1561 = VECTOR ( 'NONE', #2281, 1000.000000000000000 ) ;
#1562 = AXIS2_PLACEMENT_3D ( 'NONE', #4106, #626, #1814 ) ;
#1563 = CARTESIAN_POINT ( 'NONE',  ( 17.50000000000000000, 7.500000000000000000, -57.74999999999999289 ) ) ;
#1564 = EDGE_CURVE ( 'NONE', #668, #4347, #2225, .T. ) ;
#1565 = CARTESIAN_POINT ( 'NONE',  ( 0.000000000000000000, 20.69999999999999929, -5.000000000000000888 ) ) ;
#1566 = FACE_OUTER_BOUND ( 'NONE', #1776, .T. ) ;
#1567 = ORIENTED_EDGE ( 'NONE', *, *, #2064, .F. ) ;
#1568 = LINE ( 'NONE', #2702, #1246 ) ;
#1569 = ORIENTED_EDGE ( 'NONE', *, *, #15, .F. ) ;
#1570 = FACE_OUTER_BOUND ( 'NONE', #940, .T. ) ;
#1571 = CIRCLE ( 'NONE', #2132, 10.00000000000000533 ) ;
#1572 = DIRECTION ( 'NONE',  ( 0.000000000000000000, -1.000000000000000000, 0.000000000000000000 ) ) ;
#1573 = LINE ( 'NONE', #3108, #1238 ) ;
#1574 = ORIENTED_EDGE ( 'NONE', *, *, #2336, .F. ) ;
#1575 = VECTOR ( 'NONE', #737, 1000.000000000000000 ) ;
#1576 = DIRECTION ( 'NONE',  ( -0.000000000000000000, -1.000000000000000000, -0.000000000000000000 ) ) ;
#1577 = FACE_OUTER_BOUND ( 'NONE', #1742, .T. ) ;
#1578 = VECTOR ( 'NONE', #905, 1000.000000000000114 ) ;
#1579 = CARTESIAN_POINT ( 'NONE',  ( 97.75000000000000000, 7.500000000000013323, -7.499999999999993783 ) ) ;
#1580 = EDGE_CURVE ( 'NONE', #3952, #4257, #3, .T. ) ;
#1581 = DIRECTION ( 'NONE',  ( -1.000000000000000000, 0.000000000000000000, 1.291815354450813925E-16 ) ) ;
#1582 = LINE ( 'NONE', #2038, #1473 ) ;
#1583 = ORIENTED_EDGE ( 'NONE', *, *, #3148, .T. ) ;
#1584 = CARTESIAN_POINT ( 'NONE',  ( 11.75000000000000533, 11.75000000000000000, -1.660000000000022569 ) ) ;
#1585 = ORIENTED_EDGE ( 'NONE', *, *, #323, .F. ) ;
#1586 = PLANE ( 'NONE',  #374 ) ;
#1587 = EDGE_CURVE ( 'NONE', #814, #3261, #299, .T. ) ;
#1588 = CARTESIAN_POINT ( 'NONE',  ( 88.26000000000000512, 0.000000000000000000, -10.04000000000000981 ) ) ;
#1589 = AXIS2_PLACEMENT_3D ( 'NONE', #3910, #2348, #3199 ) ;
#1590 = EDGE_LOOP ( 'NONE', ( #125, #188, #1075, #4921, #988, #1185, #3550, #579, #972, #243, #3734, #3444, #3340, #4455, #2818, #175, #2472, #1069 ) ) ;
#1591 = LINE ( 'NONE', #3889, #200 ) ;
#1592 = ORIENTED_EDGE ( 'NONE', *, *, #3188, .T. ) ;
#1593 = ADVANCED_FACE ( 'NONE', ( #1541 ), #3380, .F. ) ;
#1594 = CONICAL_SURFACE ( 'NONE', #2242, 3.360000000000000320, 0.7853981633974446153 ) ;
#1595 = VECTOR ( 'NONE', #4280, 1000.000000000000000 ) ;
#1596 = CARTESIAN_POINT ( 'NONE',  ( 92.50000000000000000, 17.49999999999999645, 0.000000000000000000 ) ) ;
#1597 = CARTESIAN_POINT ( 'NONE',  ( 0.000000000000000000, 24.50000000000000000, -54.99999999999999289 ) ) ;
#1598 = DIRECTION ( 'NONE',  ( 0.000000000000000000, 0.000000000000000000, -1.000000000000000000 ) ) ;
#1599 = EDGE_LOOP ( 'NONE', ( #3689, #1544, #483, #3527 ) ) ;
#1600 = DIRECTION ( 'NONE',  ( -0.000000000000000000, -0.000000000000000000, 1.000000000000000000 ) ) ;
#1601 = ORIENTED_EDGE ( 'NONE', *, *, #76, .T. ) ;
#1602 = AXIS2_PLACEMENT_3D ( 'NONE', #667, #4881, #1100 ) ;
#1603 = CARTESIAN_POINT ( 'NONE',  ( 0.000000000000000000, 0.000000000000000000, -51.37499999999987921 ) ) ;
#1604 = DIRECTION ( 'NONE',  ( 0.000000000000000000, -0.000000000000000000, -1.000000000000000000 ) ) ;
#1605 = CARTESIAN_POINT ( 'NONE',  ( 89.50000000000001421, 22.25000000000003553, -53.62499999999987921 ) ) ;
#1606 = CARTESIAN_POINT ( 'NONE',  ( 0.000000000000000000, 60.00000000000000000, 0.000000000000000000 ) ) ;
#1607 = ORIENTED_EDGE ( 'NONE', *, *, #3197, .T. ) ;
#1608 = LINE ( 'NONE', #2320, #1634 ) ;
#1609 = ORIENTED_EDGE ( 'NONE', *, *, #4638, .T. ) ;
#1610 = CARTESIAN_POINT ( 'NONE',  ( 94.75000000000000000, 2.999999999999995559, -6.500000000000000000 ) ) ;
#1611 = LINE ( 'NONE', #3149, #834 ) ;
#1612 = CARTESIAN_POINT ( 'NONE',  ( 89.50000000000001421, 24.50000000000007105, -53.62500000000002132 ) ) ;
#1613 = ORIENTED_EDGE ( 'NONE', *, *, #1522, .T. ) ;
#1614 = DIRECTION ( 'NONE',  ( -0.000000000000000000, 0.000000000000000000, -1.000000000000000000 ) ) ;
#1615 = VERTEX_POINT ( 'NONE', #2670 ) ;
#1616 = EDGE_CURVE ( 'NONE', #990, #3075, #4327, .T. ) ;
#1617 = CARTESIAN_POINT ( 'NONE',  ( 10.50000000000000000, 24.50000000000003553, -51.37499999999987921 ) ) ;
#1618 = AXIS2_PLACEMENT_3D ( 'NONE', #4121, #4851, #1779 ) ;
#1619 = CARTESIAN_POINT ( 'NONE',  ( 88.26000000000001933, 11.74999999999999645, -60.00000000000000000 ) ) ;
#1620 = CARTESIAN_POINT ( 'NONE',  ( 98.34000000000001762, 11.74000000000000021, -13.44999999999999929 ) ) ;
#1621 = ORIENTED_EDGE ( 'NONE', *, *, #1259, .T. ) ;
#1622 = ORIENTED_EDGE ( 'NONE', *, *, #4521, .T. ) ;
#1623 = CARTESIAN_POINT ( 'NONE',  ( 98.34000000000001762, 11.74000000000000021, -10.05000000000000426 ) ) ;
#1624 = EDGE_CURVE ( 'NONE', #2480, #933, #2253, .T. ) ;
#1625 = CARTESIAN_POINT ( 'NONE',  ( 0.000000000000000000, 11.74000000000000021, -46.56000000000000227 ) ) ;
#1626 = CARTESIAN_POINT ( 'NONE',  ( 13.44999999999999396, 11.75000000000000000, -60.00000000000000000 ) ) ;
#1627 = LINE ( 'NONE', #2417, #51 ) ;
#1628 = CARTESIAN_POINT ( 'NONE',  ( 6.500000000000000000, 17.50000000000000000, -54.74999999999997868 ) ) ;
#1629 = VECTOR ( 'NONE', #2268, 1000.000000000000000 ) ;
#1630 = ORIENTED_EDGE ( 'NONE', *, *, #258, .T. ) ;
#1631 = ORIENTED_EDGE ( 'NONE', *, *, #2782, .F. ) ;
#1632 = ADVANCED_FACE ( 'NONE', ( #3403 ), #4943, .T. ) ;
#1633 = CARTESIAN_POINT ( 'NONE',  ( 7.500000000000003553, 24.50000000000000000, -60.00000000000000000 ) ) ;
#1634 = VECTOR ( 'NONE', #2296, 1000.000000000000000 ) ;
#1635 = CARTESIAN_POINT ( 'NONE',  ( 2.250000000000000444, 17.50000000000001776, -52.50000000000000000 ) ) ;
#1636 = CARTESIAN_POINT ( 'NONE',  ( 94.75000000000000000, 7.500000000000000000, -52.50000000000000000 ) ) ;
#1637 = ORIENTED_EDGE ( 'NONE', *, *, #3312, .T. ) ;
#1638 = CARTESIAN_POINT ( 'NONE',  ( 7.500000000000006217, 3.000000000000000000, -7.500000000000000000 ) ) ;
#1639 = AXIS2_PLACEMENT_3D ( 'NONE', #1295, #4366, #2455 ) ;
#1640 = ORIENTED_EDGE ( 'NONE', *, *, #1071, .T. ) ;
#1641 = VECTOR ( 'NONE', #4976, 1000.000000000000000 ) ;
#1642 = EDGE_CURVE ( 'NONE', #264, #2210, #3552, .T. ) ;
#1643 = PLANE ( 'NONE',  #3635 ) ;
#1644 = DIRECTION ( 'NONE',  ( 0.000000000000000000, -0.000000000000000000, -1.000000000000000000 ) ) ;
#1645 = DIRECTION ( 'NONE',  ( 0.000000000000000000, -6.167905692361974645E-15, 1.000000000000000000 ) ) ;
#1646 = ORIENTED_EDGE ( 'NONE', *, *, #1859, .T. ) ;
#1647 = VECTOR ( 'NONE', #4314, 1000.000000000000000 ) ;
#1648 = VERTEX_POINT ( 'NONE', #1610 ) ;
#1649 = LINE ( 'NONE', #4749, #1364 ) ;
#1650 = EDGE_CURVE ( 'NONE', #809, #1751, #127, .T. ) ;
#1651 = ORIENTED_EDGE ( 'NONE', *, *, #436, .T. ) ;
#1652 = LINE ( 'NONE', #1625, #1680 ) ;
#1653 = VECTOR ( 'NONE', #2478, 1000.000000000000000 ) ;
#1654 = LINE ( 'NONE', #4755, #3701 ) ;
#1655 = EDGE_CURVE ( 'NONE', #4035, #4839, #2446, .T. ) ;
#1656 = CARTESIAN_POINT ( 'NONE',  ( 89.50000000000001421, 17.50000000000001421, -5.250000000000018652 ) ) ;
#1657 = VECTOR ( 'NONE', #2865, 1000.000000000000000 ) ;
#1658 = DIRECTION ( 'NONE',  ( -1.000000000000000000, 0.000000000000000000, 0.000000000000000000 ) ) ;
#1659 = ORIENTED_EDGE ( 'NONE', *, *, #203, .F. ) ;
#1660 = ORIENTED_EDGE ( 'NONE', *, *, #3128, .F. ) ;
#1661 = DIRECTION ( 'NONE',  ( -0.000000000000000000, -0.000000000000000000, -1.000000000000000000 ) ) ;
#1662 = DIRECTION ( 'NONE',  ( -1.000000000000000000, 0.000000000000000000, 0.000000000000000000 ) ) ;
#1663 = CARTESIAN_POINT ( 'NONE',  ( 91.62000000000001876, 11.74999999999999645, -60.00000000000000000 ) ) ;
#1664 = EDGE_LOOP ( 'NONE', ( #2898, #1006 ) ) ;
#1665 = LINE ( 'NONE', #2521, #1007 ) ;
#1666 = VERTEX_POINT ( 'NONE', #4660 ) ;
#1667 = CYLINDRICAL_SURFACE ( 'NONE', #3146, 10.00000000000000355 ) ;
#1668 = DIRECTION ( 'NONE',  ( -0.000000000000000000, -0.000000000000000000, -1.000000000000000000 ) ) ;
#1669 = DIRECTION ( 'NONE',  ( 0.000000000000000000, 0.000000000000000000, -1.000000000000000000 ) ) ;
#1670 = EDGE_LOOP ( 'NONE', ( #1351, #4948 ) ) ;
#1671 = EDGE_CURVE ( 'NONE', #1945, #3929, #52, .T. ) ;
#1672 = ORIENTED_EDGE ( 'NONE', *, *, #4003, .T. ) ;
#1673 = FACE_OUTER_BOUND ( 'NONE', #73, .T. ) ;
#1674 = AXIS2_PLACEMENT_3D ( 'NONE', #3723, #3421, #2245 ) ;
#1675 = ORIENTED_EDGE ( 'NONE', *, *, #4364, .F. ) ;
#1676 = VECTOR ( 'NONE', #3696, 1000.000000000000000 ) ;
#1677 = ORIENTED_EDGE ( 'NONE', *, *, #3953, .T. ) ;
#1678 = DIRECTION ( 'NONE',  ( 1.000000000000000000, 0.000000000000000000, 0.000000000000000000 ) ) ;
#1679 = EDGE_CURVE ( 'NONE', #3659, #4367, #543, .T. ) ;
#1680 = VECTOR ( 'NONE', #1552, 1000.000000000000000 ) ;
#1681 = LINE ( 'NONE', #3515, #392 ) ;
#1682 = CARTESIAN_POINT ( 'NONE',  ( 88.26000000000000512, 0.000000000000000000, -11.74000000000000199 ) ) ;
#1683 = DIRECTION ( 'NONE',  ( 0.000000000000000000, -1.000000000000000000, 0.000000000000000000 ) ) ;
#1684 = EDGE_CURVE ( 'NONE', #769, #1917, #528, .T. ) ;
#1685 = VERTEX_POINT ( 'NONE', #100 ) ;
#1686 = CIRCLE ( 'NONE', #4178, 10.00000000000000888 ) ;
#1687 = ORIENTED_EDGE ( 'NONE', *, *, #2365, .T. ) ;
#1688 = EDGE_CURVE ( 'NONE', #4093, #1422, #2020, .T. ) ;
#1689 = DIRECTION ( 'NONE',  ( -1.991948819549446952E-32, -1.000000000000000000, -1.541976423090495387E-16 ) ) ;
#1690 = DIRECTION ( 'NONE',  ( 1.000000000000000000, 0.000000000000000000, -1.156482317317871478E-16 ) ) ;
#1691 = CARTESIAN_POINT ( 'NONE',  ( 1.121588454295349287E-17, 24.50000000000000000, -2.249999999999999556 ) ) ;
#1692 = EDGE_CURVE ( 'NONE', #769, #1015, #4490, .T. ) ;
#1693 = ORIENTED_EDGE ( 'NONE', *, *, #148, .T. ) ;
#1694 = FACE_OUTER_BOUND ( 'NONE', #4020, .T. ) ;
#1695 = ORIENTED_EDGE ( 'NONE', *, *, #2339, .F. ) ;
#1696 = DIRECTION ( 'NONE',  ( -1.000000000000000000, 0.000000000000000000, 0.000000000000000000 ) ) ;
#1697 = DIRECTION ( 'NONE',  ( -0.000000000000000000, -0.000000000000000000, -1.000000000000000000 ) ) ;
#1698 = VECTOR ( 'NONE', #4202, 1000.000000000000000 ) ;
#1699 = ORIENTED_EDGE ( 'NONE', *, *, #2155, .F. ) ;
#1700 = ORIENTED_EDGE ( 'NONE', *, *, #3163, .F. ) ;
#1701 = LINE ( 'NONE', #2784, #236 ) ;
#1702 = VECTOR ( 'NONE', #1451, 1000.000000000000000 ) ;
#1703 = ORIENTED_EDGE ( 'NONE', *, *, #3879, .T. ) ;
#1704 = EDGE_CURVE ( 'NONE', #4734, #3157, #3528, .T. ) ;
#1705 = ORIENTED_EDGE ( 'NONE', *, *, #1375, .T. ) ;
#1706 = DIRECTION ( 'NONE',  ( -0.000000000000000000, 1.000000000000000000, -0.000000000000000000 ) ) ;
#1707 = LINE ( 'NONE', #3978, #4877 ) ;
#1708 = CARTESIAN_POINT ( 'NONE',  ( 92.50000000000000000, 7.500000000000000000, -2.250000000000000000 ) ) ;
#1709 = ORIENTED_EDGE ( 'NONE', *, *, #3845, .F. ) ;
#1710 = VERTEX_POINT ( 'NONE', #1563 ) ;
#1711 = DIRECTION ( 'NONE',  ( -2.340750404253728856E-16, -0.5869675714609299266, -0.8096104433943883683 ) ) ;
#1712 = VECTOR ( 'NONE', #3250, 1000.000000000000000 ) ;
#1713 = DIRECTION ( 'NONE',  ( 0.000000000000000000, 0.000000000000000000, -1.000000000000000000 ) ) ;
#1714 = ADVANCED_FACE ( 'NONE', ( #2795 ), #1586, .T. ) ;
#1715 = ORIENTED_EDGE ( 'NONE', *, *, #3840, .T. ) ;
#1716 = DIRECTION ( 'NONE',  ( -0.000000000000000000, -1.000000000000000000, -0.000000000000000000 ) ) ;
#1717 = VERTEX_POINT ( 'NONE', #1633 ) ;
#1718 = VECTOR ( 'NONE', #3457, 1000.000000000000000 ) ;
#1719 = EDGE_CURVE ( 'NONE', #3602, #3363, #884, .T. ) ;
#1720 = CARTESIAN_POINT ( 'NONE',  ( 0.000000000000000000, 0.000000000000000000, 0.000000000000000000 ) ) ;
#1721 = CARTESIAN_POINT ( 'NONE',  ( 0.000000000000000000, 11.74000000000000021, -13.44999999999999929 ) ) ;
#1722 =( NAMED_UNIT ( * ) SI_UNIT ( $, .STERADIAN. ) SOLID_ANGLE_UNIT ( ) );
#1723 = ORIENTED_EDGE ( 'NONE', *, *, #1269, .T. ) ;
#1724 = CIRCLE ( 'NONE', #3729, 9.999999999999994671 ) ;
#1725 = ORIENTED_EDGE ( 'NONE', *, *, #4884, .F. ) ;
#1726 = VECTOR ( 'NONE', #3692, 1000.000000000000000 ) ;
#1727 = DIRECTION ( 'NONE',  ( 0.000000000000000000, 0.000000000000000000, -1.000000000000000000 ) ) ;
#1728 = VECTOR ( 'NONE', #1840, 1000.000000000000000 ) ;
#1729 = ORIENTED_EDGE ( 'NONE', *, *, #2901, .F. ) ;
#1730 = CARTESIAN_POINT ( 'NONE',  ( 11.75000000000000711, 1.659999999999999476, -48.25000000000000000 ) ) ;
#1731 = LINE ( 'NONE', #4757, #3750 ) ;
#1732 = VERTEX_POINT ( 'NONE', #2421 ) ;
#1733 = CYLINDRICAL_SURFACE ( 'NONE', #4904, 1.699999999999998401 ) ;
#1734 = VERTEX_POINT ( 'NONE', #4710 ) ;
#1735 = ADVANCED_FACE ( 'NONE', ( #910 ), #3121, .T. ) ;
#1736 = CARTESIAN_POINT ( 'NONE',  ( 15.11000000000000476, 11.75000000000000000, -60.00000000000000000 ) ) ;
#1737 = VECTOR ( 'NONE', #3815, 1000.000000000000000 ) ;
#1738 = LINE ( 'NONE', #2540, #464 ) ;
#1739 = FACE_OUTER_BOUND ( 'NONE', #2432, .T. ) ;
#1740 = VERTEX_POINT ( 'NONE', #1233 ) ;
#1741 = CARTESIAN_POINT ( 'NONE',  ( 92.50000000000002842, 60.00000000000000000, -52.50000000000000000 ) ) ;
#1742 = EDGE_LOOP ( 'NONE', ( #4682, #2139, #476, #2719 ) ) ;
#1743 = EDGE_CURVE ( 'NONE', #4810, #4914, #4310, .T. ) ;
#1744 = LINE ( 'NONE', #1388, #3281 ) ;
#1745 = DIRECTION ( 'NONE',  ( 0.000000000000000000, 0.000000000000000000, -1.000000000000000000 ) ) ;
#1746 = CARTESIAN_POINT ( 'NONE',  ( 89.50000000000001421, 17.50000000000001421, -5.250000000000018652 ) ) ;
#1747 = ORIENTED_EDGE ( 'NONE', *, *, #384, .F. ) ;
#1748 = ORIENTED_EDGE ( 'NONE', *, *, #2336, .T. ) ;
#1749 = ADVANCED_FACE ( 'NONE', ( #3501 ), #835, .T. ) ;
#1750 = DIRECTION ( 'NONE',  ( 0.000000000000000000, 0.000000000000000000, -1.000000000000000000 ) ) ;
#1751 = VERTEX_POINT ( 'NONE', #499 ) ;
#1752 = CARTESIAN_POINT ( 'NONE',  ( 11.75000000000000711, 0.000000000000000000, -48.25000000000000000 ) ) ;
#1753 = VECTOR ( 'NONE', #4794, 1000.000000000000000 ) ;
#1754 = VECTOR ( 'NONE', #3607, 1000.000000000000000 ) ;
#1755 = LINE ( 'NONE', #4452, #2266 ) ;
#1756 = ORIENTED_EDGE ( 'NONE', *, *, #4275, .T. ) ;
#1757 = CARTESIAN_POINT ( 'NONE',  ( 6.500000000000000888, 2.999999999999995559, -57.74999999999997868 ) ) ;
#1758 = VERTEX_POINT ( 'NONE', #2396 ) ;
#1759 = DIRECTION ( 'NONE',  ( -0.000000000000000000, -1.000000000000000000, -0.000000000000000000 ) ) ;
#1760 = AXIS2_PLACEMENT_3D ( 'NONE', #2537, #1358, #3649 ) ;
#1761 = DIRECTION ( 'NONE',  ( -1.000000000000000000, 0.000000000000000000, 0.000000000000000000 ) ) ;
#1762 = EDGE_CURVE ( 'NONE', #542, #1863, #3931, .T. ) ;
#1763 = PLANE ( 'NONE',  #3804 ) ;
#1764 = AXIS2_PLACEMENT_3D ( 'NONE', #976, #2862, #4402 ) ;
#1765 = ORIENTED_EDGE ( 'NONE', *, *, #4031, .F. ) ;
#1766 = DIRECTION ( 'NONE',  ( -1.000000000000000000, 0.000000000000000000, -4.984837574645997858E-18 ) ) ;
#1767 = ORIENTED_EDGE ( 'NONE', *, *, #1528, .T. ) ;
#1768 = LINE ( 'NONE', #3354, #2237 ) ;
#1769 = CARTESIAN_POINT ( 'NONE',  ( 92.50000000000000000, 24.50000000000000000, -57.75000000000000000 ) ) ;
#1770 = DIRECTION ( 'NONE',  ( -1.000000000000000000, -0.000000000000000000, -0.000000000000000000 ) ) ;
#1771 = VERTEX_POINT ( 'NONE', #4484 ) ;
#1772 = VECTOR ( 'NONE', #1251, 1000.000000000000000 ) ;
#1773 = VERTEX_POINT ( 'NONE', #4385 ) ;
#1774 = EDGE_CURVE ( 'NONE', #3323, #375, #646, .T. ) ;
#1775 = CARTESIAN_POINT ( 'NONE',  ( 10.50000000000000000, 17.50000000000001421, -7.500000000000000000 ) ) ;
#1776 = EDGE_LOOP ( 'NONE', ( #1693, #273, #1765, #1756 ) ) ;
#1777 = EDGE_CURVE ( 'NONE', #1847, #305, #1410, .T. ) ;
#1778 = ADVANCED_FACE ( 'NONE', ( #3247 ), #4436, .F. ) ;
#1779 = DIRECTION ( 'NONE',  ( 1.000000000000000000, 0.000000000000000000, 0.000000000000000000 ) ) ;
#1780 = EDGE_CURVE ( 'NONE', #1024, #4343, #2516, .T. ) ;
#1781 = DIRECTION ( 'NONE',  ( 0.000000000000000000, -0.000000000000000000, 1.000000000000000000 ) ) ;
#1782 = LINE ( 'NONE', #2188, #2089 ) ;
#1783 = ORIENTED_EDGE ( 'NONE', *, *, #1285, .T. ) ;
#1784 = FACE_OUTER_BOUND ( 'NONE', #947, .T. ) ;
#1785 = CARTESIAN_POINT ( 'NONE',  ( 0.000000000000000000, 0.000000000000000000, 0.000000000000000000 ) ) ;
#1786 = CARTESIAN_POINT ( 'NONE',  ( 0.000000000000000000, 24.50000000000000000, 0.000000000000000000 ) ) ;
#1787 = ORIENTED_EDGE ( 'NONE', *, *, #4793, .T. ) ;
#1788 = DIRECTION ( 'NONE',  ( 0.000000000000000000, 5.551115123125792957E-15, 1.000000000000000000 ) ) ;
#1789 = EDGE_LOOP ( 'NONE', ( #752, #540, #3171, #3836 ) ) ;
#1790 = AXIS2_PLACEMENT_3D ( 'NONE', #3702, #2518, #1812 ) ;
#1791 = DIRECTION ( 'NONE',  ( 0.000000000000000000, -1.000000000000000000, 0.000000000000000000 ) ) ;
#1792 = DIRECTION ( 'NONE',  ( 0.000000000000000000, 0.000000000000000000, 1.000000000000000000 ) ) ;
#1793 = CARTESIAN_POINT ( 'NONE',  ( 17.50000000000000000, 7.500000000000000000, -60.00000000000000000 ) ) ;
#1794 = ORIENTED_EDGE ( 'NONE', *, *, #2663, .F. ) ;
#1795 = AXIS2_PLACEMENT_3D ( 'NONE', #1493, #3022, #1138 ) ;
#1796 = ORIENTED_EDGE ( 'NONE', *, *, #2382, .F. ) ;
#1797 = CARTESIAN_POINT ( 'NONE',  ( 97.74999999999998579, 11.74000000000000021, -11.75000000000000178 ) ) ;
#1798 = EDGE_CURVE ( 'NONE', #305, #4049, #1738, .T. ) ;
#1799 = VECTOR ( 'NONE', #790, 1000.000000000000000 ) ;
#1800 = ORIENTED_EDGE ( 'NONE', *, *, #4446, .F. ) ;
#1801 = VECTOR ( 'NONE', #3666, 1000.000000000000000 ) ;
#1802 = CIRCLE ( 'NONE', #2689, 1.700000000000000178 ) ;
#1803 = CARTESIAN_POINT ( 'NONE',  ( 6.500000000000000888, 2.999999999999995559, -57.74999999999997868 ) ) ;
#1804 = EDGE_CURVE ( 'NONE', #3785, #1328, #2142, .T. ) ;
#1805 = ORIENTED_EDGE ( 'NONE', *, *, #997, .T. ) ;
#1806 = CARTESIAN_POINT ( 'NONE',  ( 6.500000000000000000, 17.50000000000000000, -5.000000000000000888 ) ) ;
#1807 = ORIENTED_EDGE ( 'NONE', *, *, #2196, .F. ) ;
#1808 = CIRCLE ( 'NONE', #2532, 1.699999999999998401 ) ;
#1809 = ORIENTED_EDGE ( 'NONE', *, *, #2637, .F. ) ;
#1810 = ADVANCED_FACE ( 'NONE', ( #245 ), #1032, .F. ) ;
#1811 = CARTESIAN_POINT ( 'NONE',  ( 6.500000000000000000, 17.50000000000000000, -54.74999999999997868 ) ) ;
#1812 = DIRECTION ( 'NONE',  ( 0.000000000000000000, 0.000000000000000000, -1.000000000000000000 ) ) ;
#1813 = VERTEX_POINT ( 'NONE', #4102 ) ;
#1814 = DIRECTION ( 'NONE',  ( 0.000000000000000000, 0.000000000000000000, -1.000000000000000000 ) ) ;
#1815 = ORIENTED_EDGE ( 'NONE', *, *, #3658, .F. ) ;
#1816 = VECTOR ( 'NONE', #2595, 1000.000000000000000 ) ;
#1817 = DIRECTION ( 'NONE',  ( 2.891205793294678819E-16, 0.000000000000000000, 1.000000000000000000 ) ) ;
#1818 = LINE ( 'NONE', #3355, #1336 ) ;
#1819 = LINE ( 'NONE', #1467, #3653 ) ;
#1820 = VECTOR ( 'NONE', #3268, 1000.000000000000000 ) ;
#1821 = EDGE_LOOP ( 'NONE', ( #2805, #3419 ) ) ;
#1822 = DIRECTION ( 'NONE',  ( 1.000000000000000000, -0.000000000000000000, -0.000000000000000000 ) ) ;
#1823 = ORIENTED_EDGE ( 'NONE', *, *, #4245, .F. ) ;
#1824 = CARTESIAN_POINT ( 'NONE',  ( 94.75000000000000000, 17.50000000000001421, -7.499999999999999112 ) ) ;
#1825 = LINE ( 'NONE', #2603, #1178 ) ;
#1826 = EDGE_CURVE ( 'NONE', #2625, #2128, #935, .T. ) ;
#1827 = ORIENTED_EDGE ( 'NONE', *, *, #1485, .T. ) ;
#1828 = CARTESIAN_POINT ( 'NONE',  ( 10.50000000000000000, 24.50000000000012434, -6.374999999999980460 ) ) ;
#1829 = ORIENTED_EDGE ( 'NONE', *, *, #3428, .T. ) ;
#1830 = VECTOR ( 'NONE', #1039, 1000.000000000000000 ) ;
#1831 = FACE_OUTER_BOUND ( 'NONE', #2184, .T. ) ;
#1832 = CARTESIAN_POINT ( 'NONE',  ( 100.0000000000000000, 11.74000000000000021, -15.11000000000000121 ) ) ;
#1833 = ORIENTED_EDGE ( 'NONE', *, *, #2734, .F. ) ;
#1834 = DIRECTION ( 'NONE',  ( 1.000000000000000000, 0.000000000000000000, 0.000000000000000000 ) ) ;
#1835 = EDGE_CURVE ( 'NONE', #1904, #244, #3629, .T. ) ;
#1836 = VECTOR ( 'NONE', #4910, 1000.000000000000000 ) ;
#1837 = DIRECTION ( 'NONE',  ( -0.000000000000000000, 1.000000000000000000, -0.000000000000000000 ) ) ;
#1838 = LINE ( 'NONE', #1105, #505 ) ;
#1839 = ORIENTED_EDGE ( 'NONE', *, *, #2090, .T. ) ;
#1840 = DIRECTION ( 'NONE',  ( -0.000000000000000000, -0.000000000000000000, 1.000000000000000000 ) ) ;
#1841 = VERTEX_POINT ( 'NONE', #622 ) ;
#1842 = AXIS2_PLACEMENT_3D ( 'NONE', #4124, #1078, #4150 ) ;
#1843 = DIRECTION ( 'NONE',  ( 0.000000000000000000, 5.551115123125792957E-15, 1.000000000000000000 ) ) ;
#1844 = EDGE_CURVE ( 'NONE', #2732, #1758, #2191, .T. ) ;
#1845 = FACE_OUTER_BOUND ( 'NONE', #1022, .T. ) ;
#1846 = CARTESIAN_POINT ( 'NONE',  ( 93.50000000000000000, 2.999999999999995559, -57.75000000000000000 ) ) ;
#1847 = VERTEX_POINT ( 'NONE', #3320 ) ;
#1848 = DIRECTION ( 'NONE',  ( -0.000000000000000000, -0.000000000000000000, -1.000000000000000000 ) ) ;
#1849 = ORIENTED_EDGE ( 'NONE', *, *, #4793, .F. ) ;
#1850 = CARTESIAN_POINT ( 'NONE',  ( 93.50000000000000000, 17.50000000000000000, -5.000000000000000888 ) ) ;
#1851 = PLANE ( 'NONE',  #2465 ) ;
#1852 = ORIENTED_EDGE ( 'NONE', *, *, #2397, .T. ) ;
#1853 = EDGE_CURVE ( 'NONE', #217, #2108, #4762, .T. ) ;
#1854 = CARTESIAN_POINT ( 'NONE',  ( 88.26000000000000512, 1.659999999999999476, -48.25000000000000000 ) ) ;
#1855 = CARTESIAN_POINT ( 'NONE',  ( 93.50000000000000000, 2.999999999999995559, -54.75000000000000000 ) ) ;
#1856 = CARTESIAN_POINT ( 'NONE',  ( 88.26000000000000512, 0.000000000000000000, -15.10000000000000320 ) ) ;
#1857 = VERTEX_POINT ( 'NONE', #3222 ) ;
#1858 = CARTESIAN_POINT ( 'NONE',  ( 10.50000000000000000, 22.25000000000003553, -8.625000000000117240 ) ) ;
#1859 = EDGE_CURVE ( 'NONE', #3557, #548, #598, .T. ) ;
#1860 = VECTOR ( 'NONE', #2337, 1000.000000000000000 ) ;
#1861 = DIRECTION ( 'NONE',  ( 0.000000000000000000, 0.000000000000000000, 1.000000000000000000 ) ) ;
#1862 = LINE ( 'NONE', #1083, #4291 ) ;
#1863 = VERTEX_POINT ( 'NONE', #2096 ) ;
#1864 = CARTESIAN_POINT ( 'NONE',  ( 100.0000000000000000, 11.74000000000000021, -44.90000000000000568 ) ) ;
#1865 = ORIENTED_EDGE ( 'NONE', *, *, #4167, .F. ) ;
#1866 = DIRECTION ( 'NONE',  ( 0.000000000000000000, 0.000000000000000000, 1.000000000000000000 ) ) ;
#1867 = EDGE_CURVE ( 'NONE', #2793, #3634, #177, .T. ) ;
#1868 = DIRECTION ( 'NONE',  ( 0.000000000000000000, -1.000000000000000000, -0.000000000000000000 ) ) ;
#1869 = DIRECTION ( 'NONE',  ( 0.000000000000000000, -0.000000000000000000, -1.000000000000000000 ) ) ;
#1870 = ORIENTED_EDGE ( 'NONE', *, *, #1503, .F. ) ;
#1871 = DIRECTION ( 'NONE',  ( 0.000000000000000000, 0.000000000000000000, 1.000000000000000000 ) ) ;
#1872 = ORIENTED_EDGE ( 'NONE', *, *, #48, .T. ) ;
#1873 = CARTESIAN_POINT ( 'NONE',  ( 88.26000000000001933, 11.74999999999999645, 1.734723475976807883E-15 ) ) ;
#1874 = EDGE_CURVE ( 'NONE', #4348, #1290, #1337, .T. ) ;
#1875 = CARTESIAN_POINT ( 'NONE',  ( 92.50000000000000000, 24.50000000000003553, -51.37499999999987921 ) ) ;
#1876 = FACE_OUTER_BOUND ( 'NONE', #4696, .T. ) ;
#1877 = CIRCLE ( 'NONE', #2837, 1.699999999999998401 ) ;
#1878 = ORIENTED_EDGE ( 'NONE', *, *, #4205, .T. ) ;
#1879 = FACE_OUTER_BOUND ( 'NONE', #350, .T. ) ;
#1880 = FACE_OUTER_BOUND ( 'NONE', #3233, .T. ) ;
#1881 = VECTOR ( 'NONE', #3258, 1000.000000000000000 ) ;
#1882 = ORIENTED_EDGE ( 'NONE', *, *, #3092, .F. ) ;
#1883 = DIRECTION ( 'NONE',  ( -0.000000000000000000, -0.000000000000000000, 1.000000000000000000 ) ) ;
#1884 = LINE ( 'NONE', #3348, #4085 ) ;
#1885 = PLANE ( 'NONE',  #4528 ) ;
#1886 = CIRCLE ( 'NONE', #2934, 1.700000000000000178 ) ;
#1887 = EDGE_CURVE ( 'NONE', #3235, #4607, #2244, .T. ) ;
#1888 = ORIENTED_EDGE ( 'NONE', *, *, #3256, .F. ) ;
#1889 = VERTEX_POINT ( 'NONE', #2116 ) ;
#1890 = CARTESIAN_POINT ( 'NONE',  ( 100.0000000000000000, 17.50000000000030553, -9.714451465470307793E-14 ) ) ;
#1891 = CARTESIAN_POINT ( 'NONE',  ( 84.90000000000001990, 11.74999999999999645, 1.734723475976807883E-15 ) ) ;
#1892 = DIRECTION ( 'NONE',  ( 0.000000000000000000, -1.000000000000000000, 0.000000000000000000 ) ) ;
#1893 = ORIENTED_EDGE ( 'NONE', *, *, #2232, .T. ) ;
#1894 = CARTESIAN_POINT ( 'NONE',  ( 5.250000000000007105, 17.50000000000001421, -7.499999999999999112 ) ) ;
#1895 = ORIENTED_EDGE ( 'NONE', *, *, #2627, .T. ) ;
#1896 = CARTESIAN_POINT ( 'NONE',  ( 7.500000000000007105, 17.50000000000000000, -2.250000000000000000 ) ) ;
#1897 = EDGE_CURVE ( 'NONE', #4065, #4355, #202, .T. ) ;
#1898 = AXIS2_PLACEMENT_3D ( 'NONE', #920, #4717, #1267 ) ;
#1899 = DIRECTION ( 'NONE',  ( 0.000000000000000000, 0.000000000000000000, -1.000000000000000000 ) ) ;
#1900 = DIRECTION ( 'NONE',  ( 1.000000000000000000, 0.000000000000000000, 0.000000000000000000 ) ) ;
#1901 = EDGE_CURVE ( 'NONE', #735, #2874, #2896, .T. ) ;
#1902 = VERTEX_POINT ( 'NONE', #1010 ) ;
#1903 = LINE ( 'NONE', #4929, #4094 ) ;
#1904 = VERTEX_POINT ( 'NONE', #2267 ) ;
#1905 = LINE ( 'NONE', #3447, #3654 ) ;
#1906 = VECTOR ( 'NONE', #230, 1000.000000000000000 ) ;
#1907 = CARTESIAN_POINT ( 'NONE',  ( 7.500000000000000000, 7.500000000000000000, -57.74999999999999289 ) ) ;
#1908 = PLANE ( 'NONE',  #746 ) ;
#1909 = ORIENTED_EDGE ( 'NONE', *, *, #1624, .F. ) ;
#1910 = DIRECTION ( 'NONE',  ( -0.000000000000000000, -0.000000000000000000, 1.000000000000000000 ) ) ;
#1911 = VERTEX_POINT ( 'NONE', #1811 ) ;
#1912 = ADVANCED_FACE ( 'NONE', ( #3799 ), #4230, .F. ) ;
#1913 = CIRCLE ( 'NONE', #796, 3.360000000000000320 ) ;
#1914 = DIRECTION ( 'NONE',  ( 1.000000000000000000, 0.000000000000000000, 0.000000000000000000 ) ) ;
#1915 = CARTESIAN_POINT ( 'NONE',  ( 2.250000000000000000, 7.500000000000000000, -17.49999999999999645 ) ) ;
#1916 = CARTESIAN_POINT ( 'NONE',  ( 6.500000000000000888, 24.50000000000000000, -57.74999999999997868 ) ) ;
#1917 = VERTEX_POINT ( 'NONE', #4156 ) ;
#1918 = CARTESIAN_POINT ( 'NONE',  ( 10.50000000000000000, 17.50000000000001776, -52.50000000000000000 ) ) ;
#1919 = ORIENTED_EDGE ( 'NONE', *, *, #3223, .T. ) ;
#1920 = DIRECTION ( 'NONE',  ( -0.000000000000000000, -0.000000000000000000, -1.000000000000000000 ) ) ;
#1921 = VECTOR ( 'NONE', #4809, 1000.000000000000000 ) ;
#1922 = DIRECTION ( 'NONE',  ( -1.000000000000000000, 0.000000000000000000, 0.000000000000000000 ) ) ;
#1923 = PLANE ( 'NONE',  #4941 ) ;
#1924 = EDGE_CURVE ( 'NONE', #2831, #2536, #3825, .T. ) ;
#1925 = VERTEX_POINT ( 'NONE', #699 ) ;
#1926 = AXIS2_PLACEMENT_3D ( 'NONE', #2088, #1706, #3237 ) ;
#1927 = FACE_OUTER_BOUND ( 'NONE', #1590, .T. ) ;
#1928 = ADVANCED_FACE ( 'NONE', ( #4530 ), #2322, .F. ) ;
#1929 = EDGE_CURVE ( 'NONE', #4559, #833, #4963, .T. ) ;
#1930 = ORIENTED_EDGE ( 'NONE', *, *, #4236, .T. ) ;
#1931 = DIRECTION ( 'NONE',  ( -1.000000000000000000, 0.000000000000000000, 0.000000000000000000 ) ) ;
#1932 = VERTEX_POINT ( 'NONE', #1082 ) ;
#1933 = DIRECTION ( 'NONE',  ( -1.000000000000000000, 0.000000000000000000, 1.291815354450813925E-16 ) ) ;
#1934 = ADVANCED_FACE ( 'NONE', ( #3396 ), #4180, .T. ) ;
#1935 = DIRECTION ( 'NONE',  ( 2.551063935260009998E-16, 0.000000000000000000, 1.000000000000000000 ) ) ;
#1936 = AXIS2_PLACEMENT_3D ( 'NONE', #2167, #2989, #984 ) ;
#1937 = DIRECTION ( 'NONE',  ( 2.891205793294678819E-16, -5.551115123125791380E-15, 1.000000000000000000 ) ) ;
#1938 = ORIENTED_EDGE ( 'NONE', *, *, #4261, .T. ) ;
#1939 = CARTESIAN_POINT ( 'NONE',  ( 6.500000000000000888, 2.999999999999995559, -3.000000000000000888 ) ) ;
#1940 = VERTEX_POINT ( 'NONE', #364 ) ;
#1941 = CIRCLE ( 'NONE', #1379, 9.999999999999994671 ) ;
#1942 = DIRECTION ( 'NONE',  ( -1.000000000000000000, -0.000000000000000000, -0.000000000000000000 ) ) ;
#1943 = CARTESIAN_POINT ( 'NONE',  ( 2.250000000000000000, 7.500000000000000000, -42.49999999999999289 ) ) ;
#1944 = CARTESIAN_POINT ( 'NONE',  ( 6.500000000000000000, 17.50000000000000000, -5.249999999999999112 ) ) ;
#1945 = VERTEX_POINT ( 'NONE', #2613 ) ;
#1946 = DIRECTION ( 'NONE',  ( 1.000000000000000000, -0.000000000000000000, -0.000000000000000000 ) ) ;
#1947 = ORIENTED_EDGE ( 'NONE', *, *, #3463, .F. ) ;
#1948 = CARTESIAN_POINT ( 'NONE',  ( 0.000000000000000000, 17.49999999999997513, 9.714451465470117204E-14 ) ) ;
#1949 = LINE ( 'NONE', #1172, #942 ) ;
#1950 = CARTESIAN_POINT ( 'NONE',  ( 5.250000000000007105, 17.50000000000000711, -6.500000000000000000 ) ) ;
#1951 = ORIENTED_EDGE ( 'NONE', *, *, #4504, .T. ) ;
#1952 = EDGE_CURVE ( 'NONE', #542, #2885, #3364, .T. ) ;
#1953 = CARTESIAN_POINT ( 'NONE',  ( 92.50000000000002842, 3.000000000000000000, -42.50000000000000000 ) ) ;
#1954 = VECTOR ( 'NONE', #473, 1000.000000000000000 ) ;
#1955 = ORIENTED_EDGE ( 'NONE', *, *, #1924, .T. ) ;
#1956 = LINE ( 'NONE', #4301, #387 ) ;
#1957 = PLANE ( 'NONE',  #2905 ) ;
#1958 = ADVANCED_FACE ( 'NONE', ( #269 ), #2691, .T. ) ;
#1959 = CARTESIAN_POINT ( 'NONE',  ( 10.50000000000000000, 7.500000000000000000, -5.249999999999999112 ) ) ;
#1960 = CARTESIAN_POINT ( 'NONE',  ( 88.26000000000000512, 3.000000000000000000, -48.25000000000000000 ) ) ;
#1961 = AXIS2_PLACEMENT_3D ( 'NONE', #3797, #1883, #3420 ) ;
#1962 = EDGE_CURVE ( 'NONE', #1328, #3398, #1884, .T. ) ;
#1963 = AXIS2_PLACEMENT_3D ( 'NONE', #2577, #636, #235 ) ;
#1964 = ORIENTED_EDGE ( 'NONE', *, *, #3642, .F. ) ;
#1965 = CARTESIAN_POINT ( 'NONE',  ( 89.50000000000001421, 7.500000000000000000, -54.74999999999997868 ) ) ;
#1966 = ORIENTED_EDGE ( 'NONE', *, *, #758, .T. ) ;
#1967 = VECTOR ( 'NONE', #1446, 1000.000000000000000 ) ;
#1968 = CARTESIAN_POINT ( 'NONE',  ( 0.000000000000000000, 11.74000000000000021, -44.90000000000000568 ) ) ;
#1969 = FACE_BOUND ( 'NONE', #3316, .T. ) ;
#1970 = CARTESIAN_POINT ( 'NONE',  ( 0.000000000000000000, 7.500000000000000000, -42.49999999999999289 ) ) ;
#1971 = ORIENTED_EDGE ( 'NONE', *, *, #261, .F. ) ;
#1972 = CARTESIAN_POINT ( 'NONE',  ( 7.500000000000008882, 1.040834085586085637E-15, -60.00000000000000000 ) ) ;
#1973 = ORIENTED_EDGE ( 'NONE', *, *, #3263, .F. ) ;
#1974 = CARTESIAN_POINT ( 'NONE',  ( 97.75000000000000000, 17.50000000000001421, -7.499999999999998224 ) ) ;
#1975 = CARTESIAN_POINT ( 'NONE',  ( 89.50000000000001421, 22.25000000000003553, -8.625000000000117240 ) ) ;
#1976 = DIRECTION ( 'NONE',  ( 0.000000000000000000, 0.000000000000000000, -1.000000000000000000 ) ) ;
#1977 = ORIENTED_EDGE ( 'NONE', *, *, #4936, .F. ) ;
#1978 = DIRECTION ( 'NONE',  ( -0.000000000000000000, -1.000000000000000000, -5.551115123125794535E-15 ) ) ;
#1979 = CIRCLE ( 'NONE', #4795, 3.360000000000000320 ) ;
#1980 = VECTOR ( 'NONE', #332, 1000.000000000000000 ) ;
#1981 = EDGE_CURVE ( 'NONE', #1648, #4042, #4885, .T. ) ;
#1982 = CARTESIAN_POINT ( 'NONE',  ( 92.50000000000000000, 7.500000000000000000, -60.00000000000000000 ) ) ;
#1983 = DIRECTION ( 'NONE',  ( -0.000000000000000000, 1.000000000000000000, -0.000000000000000000 ) ) ;
#1984 = AXIS2_PLACEMENT_3D ( 'NONE', #3496, #3880, #122 ) ;
#1985 = CARTESIAN_POINT ( 'NONE',  ( 17.50000000000000000, 3.000000000000000000, -52.50000000000000000 ) ) ;
#1986 = FACE_OUTER_BOUND ( 'NONE', #4930, .T. ) ;
#1987 = CARTESIAN_POINT ( 'NONE',  ( 7.500000000000000888, 17.50000000000000711, -6.375000000000019540 ) ) ;
#1988 = ADVANCED_FACE ( 'NONE', ( #316 ), #3120, .F. ) ;
#1989 = ORIENTED_EDGE ( 'NONE', *, *, #4119, .F. ) ;
#1990 = CARTESIAN_POINT ( 'NONE',  ( 82.50000000000000000, 3.000000000000000000, -7.500000000000000000 ) ) ;
#1991 = VERTEX_POINT ( 'NONE', #2968 ) ;
#1992 = DIRECTION ( 'NONE',  ( 0.7071067811865460184, 8.659560562354951347E-17, 0.7071067811865489050 ) ) ;
#1993 = CARTESIAN_POINT ( 'NONE',  ( 88.26000000000001933, 11.74999999999999645, -1.660000000000022569 ) ) ;
#1994 = PLANE ( 'NONE',  #1034 ) ;
#1995 = ADVANCED_FACE ( 'NONE', ( #4933 ), #4506, .F. ) ;
#1996 = VECTOR ( 'NONE', #78, 1000.000000000000000 ) ;
#1997 = VERTEX_POINT ( 'NONE', #2587 ) ;
#1998 = PLANE ( 'NONE',  #4060 ) ;
#1999 = ORIENTED_EDGE ( 'NONE', *, *, #979, .F. ) ;
#2000 = AXIS2_PLACEMENT_3D ( 'NONE', #4338, #3225, #3958 ) ;
#2001 = ADVANCED_FACE ( 'NONE', ( #749 ), #340, .T. ) ;
#2002 = CARTESIAN_POINT ( 'NONE',  ( 93.50000000000000000, 14.88037689471529568, -8.613273248668567916 ) ) ;
#2003 = CARTESIAN_POINT ( 'NONE',  ( 89.50000000000001421, 22.25000000000003553, -8.625000000000117240 ) ) ;
#2004 = CARTESIAN_POINT ( 'NONE',  ( 0.000000000000000000, 1.141265444721584497E-15, -5.000000000000005329 ) ) ;
#2005 = EDGE_LOOP ( 'NONE', ( #3681, #3219, #1271, #412 ) ) ;
#2006 = DIRECTION ( 'NONE',  ( 1.000000000000000000, -0.000000000000000000, -0.000000000000000000 ) ) ;
#2007 = CONICAL_SURFACE ( 'NONE', #4819, 3.360000000000000320, 0.7853981633974489451 ) ;
#2008 = DIRECTION ( 'NONE',  ( -1.000000000000000000, 0.000000000000000000, 0.000000000000000000 ) ) ;
#2009 = ORIENTED_EDGE ( 'NONE', *, *, #4147, .F. ) ;
#2010 = VECTOR ( 'NONE', #613, 1000.000000000000000 ) ;
#2011 = VERTEX_POINT ( 'NONE', #1104 ) ;
#2012 = CARTESIAN_POINT ( 'NONE',  ( 0.000000000000000000, 11.74000000000000021, -48.26000000000000512 ) ) ;
#2013 = CARTESIAN_POINT ( 'NONE',  ( 97.74999999999998579, 17.49999999999997513, 1.093540152047677416E-13 ) ) ;
#2014 = ADVANCED_FACE ( 'NONE', ( #1509 ), #2959, .F. ) ;
#2015 = CYLINDRICAL_SURFACE ( 'NONE', #3832, 10.00000000000000178 ) ;
#2016 = FACE_BOUND ( 'NONE', #4670, .T. ) ;
#2017 = ORIENTED_EDGE ( 'NONE', *, *, #3548, .T. ) ;
#2018 = EDGE_CURVE ( 'NONE', #4557, #900, #1534, .T. ) ;
#2019 = ORIENTED_EDGE ( 'NONE', *, *, #2823, .F. ) ;
#2020 = LINE ( 'NONE', #3885, #2798 ) ;
#2021 = DIRECTION ( 'NONE',  ( 0.000000000000000000, 0.000000000000000000, -1.000000000000000000 ) ) ;
#2022 = CARTESIAN_POINT ( 'NONE',  ( 93.50000000000000000, 20.69999999999999929, -54.99999999999999289 ) ) ;
#2023 = EDGE_LOOP ( 'NONE', ( #4721, #490, #2799, #625, #228, #1888, #1723, #4591, #1050, #3461, #328, #1315 ) ) ;
#2024 = CARTESIAN_POINT ( 'NONE',  ( 89.50000000000001421, 24.50000000000009948, -6.374999999999980460 ) ) ;
#2025 = EDGE_LOOP ( 'NONE', ( #3132, #4589, #2147, #1849 ) ) ;
#2026 = VECTOR ( 'NONE', #2515, 1000.000000000000000 ) ;
#2027 = EDGE_CURVE ( 'NONE', #4903, #4760, #3608, .T. ) ;
#2028 = LINE ( 'NONE', #3560, #4394 ) ;
#2029 = DIRECTION ( 'NONE',  ( 1.291815354450813678E-16, 0.000000000000000000, 1.000000000000000000 ) ) ;
#2030 = ORIENTED_EDGE ( 'NONE', *, *, #3848, .T. ) ;
#2031 = ORIENTED_EDGE ( 'NONE', *, *, #647, .F. ) ;
#2032 = EDGE_CURVE ( 'NONE', #2060, #375, #4352, .T. ) ;
#2033 = CYLINDRICAL_SURFACE ( 'NONE', #4989, 9.999999999999994671 ) ;
#2034 = VERTEX_POINT ( 'NONE', #1254 ) ;
#2035 = CARTESIAN_POINT ( 'NONE',  ( 6.500000000000000888, 24.50000000000000000, -2.249999999999999556 ) ) ;
#2036 = CARTESIAN_POINT ( 'NONE',  ( 100.0000000000000000, -14.66612044244156898, -10.63293732077010034 ) ) ;
#2037 = DIRECTION ( 'NONE',  ( -1.000000000000000000, 0.000000000000000000, 0.000000000000000000 ) ) ;
#2038 = CARTESIAN_POINT ( 'NONE',  ( 97.74999999999998579, 2.999999999999995559, 2.886284591944389247E-14 ) ) ;
#2039 = VECTOR ( 'NONE', #2665, 1000.000000000000000 ) ;
#2040 = VERTEX_POINT ( 'NONE', #45 ) ;
#2041 = ORIENTED_EDGE ( 'NONE', *, *, #2690, .T. ) ;
#2042 = CARTESIAN_POINT ( 'NONE',  ( 88.26000000000000512, 0.000000000000000000, -8.380000000000000782 ) ) ;
#2043 = ADVANCED_FACE ( 'NONE', ( #2789 ), #4328, .T. ) ;
#2044 = DIRECTION ( 'NONE',  ( 1.000000000000000000, -0.000000000000000000, -0.000000000000000000 ) ) ;
#2045 = CARTESIAN_POINT ( 'NONE',  ( 92.50000000000000000, 17.50000000000000000, -2.250000000000000000 ) ) ;
#2046 = EDGE_LOOP ( 'NONE', ( #1140, #2345, #1609, #4823 ) ) ;
#2047 = DIRECTION ( 'NONE',  ( -0.000000000000000000, -1.000000000000000000, -0.000000000000000000 ) ) ;
#2048 = AXIS2_PLACEMENT_3D ( 'NONE', #2151, #3306, #2227 ) ;
#2049 = ORIENTED_EDGE ( 'NONE', *, *, #1130, .T. ) ;
#2050 = VECTOR ( 'NONE', #951, 1000.000000000000000 ) ;
#2051 = CARTESIAN_POINT ( 'NONE',  ( 10.50000000000000000, 24.50000000000003553, -53.62500000000002132 ) ) ;
#2052 = DIRECTION ( 'NONE',  ( -1.000000000000000000, 0.000000000000000000, 0.000000000000000000 ) ) ;
#2053 = ORIENTED_EDGE ( 'NONE', *, *, #1522, .F. ) ;
#2054 = AXIS2_PLACEMENT_3D ( 'NONE', #788, #1614, #1545 ) ;
#2055 = EDGE_LOOP ( 'NONE', ( #4804, #577, #2162, #1263, #4214, #763, #99, #3705, #342, #1461, #1538, #2093 ) ) ;
#2056 = EDGE_CURVE ( 'NONE', #2413, #3698, #2367, .T. ) ;
#2057 = DIRECTION ( 'NONE',  ( 0.000000000000000000, 0.000000000000000000, -1.000000000000000000 ) ) ;
#2058 = ORIENTED_EDGE ( 'NONE', *, *, #3690, .T. ) ;
#2059 = EDGE_CURVE ( 'NONE', #1044, #124, #855, .T. ) ;
#2060 = VERTEX_POINT ( 'NONE', #2768 ) ;
#2061 = AXIS2_PLACEMENT_3D ( 'NONE', #3130, #3587, #3917 ) ;
#2062 = DIRECTION ( 'NONE',  ( 0.000000000000000000, 1.000000000000000000, 0.000000000000000000 ) ) ;
#2063 = CARTESIAN_POINT ( 'NONE',  ( 7.500000000000006217, 3.000000000000000000, -52.50000000000000000 ) ) ;
#2064 = EDGE_CURVE ( 'NONE', #2554, #1044, #3193, .T. ) ;
#2065 = DIRECTION ( 'NONE',  ( 1.000000000000000000, -0.000000000000000000, -0.000000000000000000 ) ) ;
#2066 = VECTOR ( 'NONE', #3473, 1000.000000000000000 ) ;
#2067 = DIRECTION ( 'NONE',  ( -1.000000000000000000, 0.000000000000000000, 0.000000000000000000 ) ) ;
#2068 = ORIENTED_EDGE ( 'NONE', *, *, #1399, .T. ) ;
#2069 = SHAPE_DEFINITION_REPRESENTATION ( #22, #2657 ) ;
#2070 = ORIENTED_EDGE ( 'NONE', *, *, #291, .T. ) ;
#2071 = DIRECTION ( 'NONE',  ( 1.000000000000000000, -0.000000000000000000, -0.000000000000000000 ) ) ;
#2072 = LINE ( 'NONE', #4437, #2763 ) ;
#2073 = LINE ( 'NONE', #1214, #1676 ) ;
#2074 = VERTEX_POINT ( 'NONE', #445 ) ;
#2075 = CARTESIAN_POINT ( 'NONE',  ( 0.000000000000000000, 11.74000000000000021, -11.75000000000000178 ) ) ;
#2076 = ORIENTED_EDGE ( 'NONE', *, *, #698, .T. ) ;
#2077 = EDGE_CURVE ( 'NONE', #4879, #428, #4305, .T. ) ;
#2078 = ADVANCED_FACE ( 'NONE', ( #1986 ), #3522, .T. ) ;
#2079 = AXIS2_PLACEMENT_3D ( 'NONE', #4161, #3456, #4560 ) ;
#2080 = DIRECTION ( 'NONE',  ( 0.000000000000000000, 1.000000000000000000, -5.551115123125793746E-15 ) ) ;
#2081 =( NAMED_UNIT ( * ) PLANE_ANGLE_UNIT ( ) SI_UNIT ( $, .RADIAN. ) );
#2082 = ORIENTED_EDGE ( 'NONE', *, *, #3148, .F. ) ;
#2083 = ORIENTED_EDGE ( 'NONE', *, *, #3438, .T. ) ;
#2084 = DIRECTION ( 'NONE',  ( 0.000000000000000000, 0.000000000000000000, -1.000000000000000000 ) ) ;
#2085 = VECTOR ( 'NONE', #1761, 1000.000000000000000 ) ;
#2086 = CIRCLE ( 'NONE', #2638, 1.699999999999993072 ) ;
#2087 = ORIENTED_EDGE ( 'NONE', *, *, #1564, .F. ) ;
#2088 = CARTESIAN_POINT ( 'NONE',  ( 7.500000000000006217, 0.000000000000000000, -52.50000000000000000 ) ) ;
#2089 = VECTOR ( 'NONE', #3242, 1000.000000000000000 ) ;
#2090 = EDGE_CURVE ( 'NONE', #3279, #2358, #1627, .T. ) ;
#2091 = CARTESIAN_POINT ( 'NONE',  ( 91.62000000000001876, 11.74999999999999645, 1.734723475976807883E-15 ) ) ;
#2092 = DIRECTION ( 'NONE',  ( -0.000000000000000000, -0.000000000000000000, -1.000000000000000000 ) ) ;
#2093 = ORIENTED_EDGE ( 'NONE', *, *, #3402, .T. ) ;
#2094 = ORIENTED_EDGE ( 'NONE', *, *, #1952, .T. ) ;
#2095 = EDGE_CURVE ( 'NONE', #864, #1052, #2317, .T. ) ;
#2096 = CARTESIAN_POINT ( 'NONE',  ( 88.26000000000000512, 0.000000000000000000, -8.380000000000000782 ) ) ;
#2097 = LINE ( 'NONE', #2897, #4209 ) ;
#2098 = ORIENTED_EDGE ( 'NONE', *, *, #1533, .F. ) ;
#2099 = FACE_OUTER_BOUND ( 'NONE', #226, .T. ) ;
#2100 = ORIENTED_EDGE ( 'NONE', *, *, #2935, .F. ) ;
#2101 = DIRECTION ( 'NONE',  ( 1.000000000000000000, -0.000000000000000000, -0.000000000000000000 ) ) ;
#2102 = FACE_OUTER_BOUND ( 'NONE', #3178, .T. ) ;
#2103 = ORIENTED_EDGE ( 'NONE', *, *, #3565, .T. ) ;
#2104 = ORIENTED_EDGE ( 'NONE', *, *, #2951, .T. ) ;
#2105 = CARTESIAN_POINT ( 'NONE',  ( 0.000000000000000000, 20.69999999999999929, 0.000000000000000000 ) ) ;
#2106 = AXIS2_PLACEMENT_3D ( 'NONE', #4149, #1427, #2236 ) ;
#2107 = EDGE_CURVE ( 'NONE', #2261, #4320, #96, .T. ) ;
#2108 = VERTEX_POINT ( 'NONE', #1959 ) ;
#2109 = DIRECTION ( 'NONE',  ( 0.000000000000000000, 0.000000000000000000, -1.000000000000000000 ) ) ;
#2110 = DIRECTION ( 'NONE',  ( 0.000000000000000000, 3.556183125752452966E-15, -1.000000000000000000 ) ) ;
#2111 = DIRECTION ( 'NONE',  ( 0.000000000000000000, -1.000000000000000000, 0.000000000000000000 ) ) ;
#2112 = CYLINDRICAL_SURFACE ( 'NONE', #1760, 9.999999999999994671 ) ;
#2113 = VERTEX_POINT ( 'NONE', #2814 ) ;
#2114 = PLANE ( 'NONE',  #1936 ) ;
#2115 = EDGE_CURVE ( 'NONE', #4316, #1257, #3854, .T. ) ;
#2116 = CARTESIAN_POINT ( 'NONE',  ( 10.05000000000001670, 11.75000000000000000, -2.249999999999999556 ) ) ;
#2117 = VECTOR ( 'NONE', #1411, 1000.000000000000000 ) ;
#2118 = EDGE_CURVE ( 'NONE', #191, #2554, #1555, .T. ) ;
#2119 = DIRECTION ( 'NONE',  ( 0.000000000000000000, 0.000000000000000000, -1.000000000000000000 ) ) ;
#2120 = ORIENTED_EDGE ( 'NONE', *, *, #2974, .T. ) ;
#2121 = CARTESIAN_POINT ( 'NONE',  ( 88.26000000000000512, 0.000000000000000000, -11.74000000000000199 ) ) ;
#2122 = ORIENTED_EDGE ( 'NONE', *, *, #344, .F. ) ;
#2123 = CIRCLE ( 'NONE', #4934, 1.699999999999998401 ) ;
#2124 = DIRECTION ( 'NONE',  ( 0.000000000000000000, 6.167905692361974645E-15, 1.000000000000000000 ) ) ;
#2125 = CARTESIAN_POINT ( 'NONE',  ( 100.0000000000000000, 11.74000000000000021, -11.75000000000000178 ) ) ;
#2126 = FACE_OUTER_BOUND ( 'NONE', #3220, .T. ) ;
#2127 = CONICAL_SURFACE ( 'NONE', #4428, 3.360000000000000320, 0.7853981633974452814 ) ;
#2128 = VERTEX_POINT ( 'NONE', #4678 ) ;
#2129 = ORIENTED_EDGE ( 'NONE', *, *, #1426, .F. ) ;
#2130 = CIRCLE ( 'NONE', #590, 1.699999999999998401 ) ;
#2131 = CARTESIAN_POINT ( 'NONE',  ( 92.50000000000000000, 3.000000000000000000, -7.500000000000000000 ) ) ;
#2132 = AXIS2_PLACEMENT_3D ( 'NONE', #2616, #3704, #4079 ) ;
#2133 = ORIENTED_EDGE ( 'NONE', *, *, #1616, .T. ) ;
#2134 = PRODUCT_DEFINITION_FORMATION_WITH_SPECIFIED_SOURCE ( 'ANY', '', #741, .NOT_KNOWN. ) ;
#2135 = EDGE_CURVE ( 'NONE', #3659, #2, #4630, .T. ) ;
#2136 = DIRECTION ( 'NONE',  ( 0.000000000000000000, 0.5869675714609297046, -0.8096104433943885903 ) ) ;
#2137 = ORIENTED_EDGE ( 'NONE', *, *, #3428, .F. ) ;
#2138 = DIRECTION ( 'NONE',  ( -0.000000000000000000, 0.000000000000000000, 1.000000000000000000 ) ) ;
#2139 = ORIENTED_EDGE ( 'NONE', *, *, #2027, .F. ) ;
#2140 = FACE_OUTER_BOUND ( 'NONE', #560, .T. ) ;
#2141 = VECTOR ( 'NONE', #3512, 1000.000000000000000 ) ;
#2142 = LINE ( 'NONE', #2495, #3846 ) ;
#2143 = EDGE_CURVE ( 'NONE', #4257, #430, #2740, .T. ) ;
#2144 = DIRECTION ( 'NONE',  ( 2.340750404253727870E-16, 0.5869675714609297046, -0.8096104433943885903 ) ) ;
#2145 = ORIENTED_EDGE ( 'NONE', *, *, #887, .T. ) ;
#2146 = LINE ( 'NONE', #4466, #3902 ) ;
#2147 = ORIENTED_EDGE ( 'NONE', *, *, #3621, .T. ) ;
#2148 = DIRECTION ( 'NONE',  ( 0.000000000000000000, 0.000000000000000000, 1.000000000000000000 ) ) ;
#2149 = ADVANCED_FACE ( 'NONE', ( #1228 ), #2015, .T. ) ;
#2150 = DIRECTION ( 'NONE',  ( -1.000000000000000000, 0.000000000000000000, -0.000000000000000000 ) ) ;
#2151 = CARTESIAN_POINT ( 'NONE',  ( 0.000000000000000000, 0.000000000000000000, 0.000000000000000000 ) ) ;
#2152 = ORIENTED_EDGE ( 'NONE', *, *, #3223, .F. ) ;
#2153 = VERTEX_POINT ( 'NONE', #3167 ) ;
#2154 = FACE_OUTER_BOUND ( 'NONE', #682, .T. ) ;
#2155 = EDGE_CURVE ( 'NONE', #1666, #428, #4706, .T. ) ;
#2156 = ORIENTED_EDGE ( 'NONE', *, *, #1897, .F. ) ;
#2157 = DIRECTION ( 'NONE',  ( -0.000000000000000000, -1.000000000000000000, -0.000000000000000000 ) ) ;
#2158 = APPLICATION_CONTEXT ( 'automotive_design' ) ;
#2159 = VECTOR ( 'NONE', #1866, 1000.000000000000000 ) ;
#2160 = CIRCLE ( 'NONE', #3691, 1.700000000000000178 ) ;
#2161 = FACE_OUTER_BOUND ( 'NONE', #2450, .T. ) ;
#2162 = ORIENTED_EDGE ( 'NONE', *, *, #112, .T. ) ;
#2163 = CARTESIAN_POINT ( 'NONE',  ( 100.0000000000000000, 20.69999999999999929, 0.000000000000000000 ) ) ;
#2164 = DIRECTION ( 'NONE',  ( 1.000000000000000000, -0.000000000000000000, -0.000000000000000000 ) ) ;
#2165 = ADVANCED_FACE ( 'NONE', ( #307 ), #3622, .F. ) ;
#2166 = ORIENTED_EDGE ( 'NONE', *, *, #1844, .T. ) ;
#2167 = CARTESIAN_POINT ( 'NONE',  ( 97.74999999999998579, 2.999999999999995559, 2.886284591944389247E-14 ) ) ;
#2168 = VECTOR ( 'NONE', #2092, 1000.000000000000000 ) ;
#2169 = DIRECTION ( 'NONE',  ( 0.000000000000000000, -1.000000000000000000, 0.000000000000000000 ) ) ;
#2170 = CARTESIAN_POINT ( 'NONE',  ( 5.250000000000007105, 2.999999999999996447, -7.500000000000000888 ) ) ;
#2171 = CIRCLE ( 'NONE', #4827, 3.360000000000000320 ) ;
#2172 = EDGE_CURVE ( 'NONE', #643, #4518, #4146, .T. ) ;
#2173 = ORIENTED_EDGE ( 'NONE', *, *, #1117, .F. ) ;
#2174 = CARTESIAN_POINT ( 'NONE',  ( 2.250000000000007105, 7.500000000000000000, -2.906584547514340267E-16 ) ) ;
#2175 = ORIENTED_EDGE ( 'NONE', *, *, #3375, .F. ) ;
#2176 = DIRECTION ( 'NONE',  ( 1.291815354450813925E-16, 0.000000000000000000, 1.000000000000000000 ) ) ;
#2177 = DIRECTION ( 'NONE',  ( -2.891205793294675861E-16, 0.000000000000000000, 1.000000000000000000 ) ) ;
#2178 = FACE_BOUND ( 'NONE', #289, .T. ) ;
#2179 = EDGE_LOOP ( 'NONE', ( #3534, #4369, #2851, #3651, #1092, #1646, #1381, #1677 ) ) ;
#2180 = ORIENTED_EDGE ( 'NONE', *, *, #4894, .F. ) ;
#2181 = DIRECTION ( 'NONE',  ( -1.000000000000000000, 0.000000000000000000, -0.000000000000000000 ) ) ;
#2182 = EDGE_CURVE ( 'NONE', #3710, #3952, #2441, .T. ) ;
#2183 = EDGE_CURVE ( 'NONE', #111, #2358, #545, .T. ) ;
#2184 = EDGE_LOOP ( 'NONE', ( #2383, #2049, #3284, #518, #4864, #1174, #2122, #3083, #3451 ) ) ;
#2185 = AXIS2_PLACEMENT_3D ( 'NONE', #3136, #2759, #4346 ) ;
#2186 = FACE_OUTER_BOUND ( 'NONE', #3671, .T. ) ;
#2187 = ORIENTED_EDGE ( 'NONE', *, *, #4425, .T. ) ;
#2188 = CARTESIAN_POINT ( 'NONE',  ( 7.500000000000000888, 24.50000000000003553, -8.625000000000117240 ) ) ;
#2189 = ORIENTED_EDGE ( 'NONE', *, *, #3793, .F. ) ;
#2190 = CARTESIAN_POINT ( 'NONE',  ( 7.500000000000000888, 24.50000000000003553, -53.62500000000002132 ) ) ;
#2191 = LINE ( 'NONE', #2919, #1031 ) ;
#2192 = DIRECTION ( 'NONE',  ( -1.000000000000000000, 0.000000000000000000, 0.000000000000000000 ) ) ;
#2193 = ORIENTED_EDGE ( 'NONE', *, *, #415, .F. ) ;
#2194 = DIRECTION ( 'NONE',  ( 0.000000000000000000, 0.000000000000000000, -1.000000000000000000 ) ) ;
#2195 = ORIENTED_EDGE ( 'NONE', *, *, #2542, .T. ) ;
#2196 = EDGE_CURVE ( 'NONE', #563, #3261, #523, .T. ) ;
#2197 = CIRCLE ( 'NONE', #113, 10.00000000000000178 ) ;
#2198 = DIRECTION ( 'NONE',  ( -1.000000000000000000, 0.000000000000000000, 0.000000000000000000 ) ) ;
#2199 = DIRECTION ( 'NONE',  ( -1.000000000000000000, -0.000000000000000000, -0.000000000000000000 ) ) ;
#2200 = CARTESIAN_POINT ( 'NONE',  ( 100.0000000000000000, 18.94999999999999574, -3.000000000000001776 ) ) ;
#2201 = ORIENTED_EDGE ( 'NONE', *, *, #4271, .F. ) ;
#2202 = DIRECTION ( 'NONE',  ( 1.000000000000000000, -0.000000000000000000, -0.000000000000000000 ) ) ;
#2203 = VECTOR ( 'NONE', #4613, 1000.000000000000000 ) ;
#2204 = ORIENTED_EDGE ( 'NONE', *, *, #758, .F. ) ;
#2205 = LINE ( 'NONE', #2552, #4942 ) ;
#2206 = VECTOR ( 'NONE', #3901, 1000.000000000000000 ) ;
#2207 = DIRECTION ( 'NONE',  ( 1.000000000000000000, -0.000000000000000000, -0.000000000000000000 ) ) ;
#2208 = EDGE_CURVE ( 'NONE', #1360, #4879, #689, .T. ) ;
#2209 = CIRCLE ( 'NONE', #1557, 1.700000000000000178 ) ;
#2210 = VERTEX_POINT ( 'NONE', #955 ) ;
#2211 = CIRCLE ( 'NONE', #35, 10.00000000000000178 ) ;
#2212 = EDGE_CURVE ( 'NONE', #1274, #2885, #1707, .T. ) ;
#2213 = VECTOR ( 'NONE', #2752, 1000.000000000000000 ) ;
#2214 = CYLINDRICAL_SURFACE ( 'NONE', #1618, 1.699999999999987965 ) ;
#2215 = LINE ( 'NONE', #851, #2562 ) ;
#2216 = ORIENTED_EDGE ( 'NONE', *, *, #2974, .F. ) ;
#2217 = DIRECTION ( 'NONE',  ( -3.083952846180990774E-16, 0.000000000000000000, 1.000000000000000000 ) ) ;
#2218 = ADVANCED_FACE ( 'NONE', ( #4118, #2491 ), #1851, .F. ) ;
#2219 = CARTESIAN_POINT ( 'NONE',  ( 97.75000000000000000, 7.500000000000000000, -17.49999999999999645 ) ) ;
#2220 = CARTESIAN_POINT ( 'NONE',  ( 6.500000000000001776, 17.49999999999997513, 7.861188551968230395E-14 ) ) ;
#2221 = VERTEX_POINT ( 'NONE', #4027 ) ;
#2222 = DIRECTION ( 'NONE',  ( 3.083952846180990774E-16, 0.000000000000000000, -1.000000000000000000 ) ) ;
#2223 = VERTEX_POINT ( 'NONE', #3241 ) ;
#2224 = AXIS2_PLACEMENT_3D ( 'NONE', #1320, #1644, #3181 ) ;
#2225 = LINE ( 'NONE', #2273, #64 ) ;
#2226 = CARTESIAN_POINT ( 'NONE',  ( 0.000000000000000000, 20.69999999999999929, 0.000000000000000000 ) ) ;
#2227 = DIRECTION ( 'NONE',  ( 0.000000000000000000, 0.000000000000000000, 1.000000000000000000 ) ) ;
#2228 = VECTOR ( 'NONE', #1449, 1000.000000000000000 ) ;
#2229 = ORIENTED_EDGE ( 'NONE', *, *, #4847, .F. ) ;
#2230 = CARTESIAN_POINT ( 'NONE',  ( 13.44999999999999396, 11.75000000000000000, -1.660000000000022569 ) ) ;
#2231 = ORIENTED_EDGE ( 'NONE', *, *, #2059, .T. ) ;
#2232 = EDGE_CURVE ( 'NONE', #4542, #1734, #659, .T. ) ;
#2233 = DIRECTION ( 'NONE',  ( 1.000000000000000000, 0.000000000000000000, 0.000000000000000000 ) ) ;
#2234 = DIRECTION ( 'NONE',  ( 0.000000000000000000, -1.000000000000000000, 0.000000000000000000 ) ) ;
#2235 = ORIENTED_EDGE ( 'NONE', *, *, #2853, .F. ) ;
#2236 = DIRECTION ( 'NONE',  ( 1.000000000000000000, 0.000000000000000000, 0.000000000000000000 ) ) ;
#2237 = VECTOR ( 'NONE', #1369, 1000.000000000000000 ) ;
#2238 = DIRECTION ( 'NONE',  ( -0.7071067811865474617, 8.659560562354932858E-17, -0.7071067811865474617 ) ) ;
#2239 = LINE ( 'NONE', #1856, #4982 ) ;
#2240 = ORIENTED_EDGE ( 'NONE', *, *, #3567, .F. ) ;
#2241 = CARTESIAN_POINT ( 'NONE',  ( 0.000000000000000000, 17.49999999999999289, -5.000000000000000888 ) ) ;
#2242 = AXIS2_PLACEMENT_3D ( 'NONE', #886, #3934, #3150 ) ;
#2243 = EDGE_CURVE ( 'NONE', #4607, #166, #2838, .T. ) ;
#2244 = CIRCLE ( 'NONE', #3443, 1.699999999999998401 ) ;
#2245 = DIRECTION ( 'NONE',  ( 1.291815354450813925E-16, 0.000000000000000000, 1.000000000000000000 ) ) ;
#2246 = DIRECTION ( 'NONE',  ( 0.000000000000000000, 0.000000000000000000, -1.000000000000000000 ) ) ;
#2247 = EDGE_CURVE ( 'NONE', #1847, #409, #1072, .T. ) ;
#2248 = ORIENTED_EDGE ( 'NONE', *, *, #1798, .T. ) ;
#2249 = CARTESIAN_POINT ( 'NONE',  ( 0.000000000000000000, 17.50000000000030553, -9.714451465470307793E-14 ) ) ;
#2250 = AXIS2_PLACEMENT_3D ( 'NONE', #2685, #360, #3445 ) ;
#2251 = VERTEX_POINT ( 'NONE', #2091 ) ;
#2252 = VECTOR ( 'NONE', #3369, 1000.000000000000114 ) ;
#2253 = LINE ( 'NONE', #324, #2159 ) ;
#2254 = DIRECTION ( 'NONE',  ( 0.000000000000000000, 0.000000000000000000, -1.000000000000000000 ) ) ;
#2255 = CARTESIAN_POINT ( 'NONE',  ( 89.50000000000001421, 7.500000000000000000, -52.50000000000000000 ) ) ;
#2256 = DIRECTION ( 'NONE',  ( 0.000000000000000000, 0.000000000000000000, -1.000000000000000000 ) ) ;
#2257 = ORIENTED_EDGE ( 'NONE', *, *, #2435, .T. ) ;
#2258 = CARTESIAN_POINT ( 'NONE',  ( 89.50000000000001421, 7.500000000000000000, -5.250000000000018652 ) ) ;
#2259 = CARTESIAN_POINT ( 'NONE',  ( 88.26000000000000512, 3.000000000000000000, -11.74000000000000199 ) ) ;
#2260 = LINE ( 'NONE', #381, #3505 ) ;
#2261 = VERTEX_POINT ( 'NONE', #284 ) ;
#2262 = EDGE_CURVE ( 'NONE', #1991, #1932, #1825, .T. ) ;
#2263 = LINE ( 'NONE', #4598, #2967 ) ;
#2264 = ORIENTED_EDGE ( 'NONE', *, *, #635, .T. ) ;
#2265 = CARTESIAN_POINT ( 'NONE',  ( 100.0000000000000000, 11.74000000000000021, -11.75000000000000178 ) ) ;
#2266 = VECTOR ( 'NONE', #1051, 1000.000000000000000 ) ;
#2267 = CARTESIAN_POINT ( 'NONE',  ( 0.000000000000000000, 0.000000000000000000, 0.000000000000000000 ) ) ;
#2268 = DIRECTION ( 'NONE',  ( -0.000000000000000000, 1.000000000000000000, -0.000000000000000000 ) ) ;
#2269 = EDGE_CURVE ( 'NONE', #1917, #2474, #4636, .T. ) ;
#2270 = EDGE_LOOP ( 'NONE', ( #4166, #3264, #2568, #308 ) ) ;
#2271 = ORIENTED_EDGE ( 'NONE', *, *, #4645, .T. ) ;
#2272 = ADVANCED_FACE ( 'NONE', ( #930 ), #286, .F. ) ;
#2273 = CARTESIAN_POINT ( 'NONE',  ( 17.50000000000000000, 3.000000000000000000, -7.500000000000000888 ) ) ;
#2274 = DIRECTION ( 'NONE',  ( -4.984837574645997858E-18, 0.000000000000000000, 1.000000000000000000 ) ) ;
#2275 = DIRECTION ( 'NONE',  ( 0.000000000000000000, 0.000000000000000000, 1.000000000000000000 ) ) ;
#2276 = ORIENTED_EDGE ( 'NONE', *, *, #3813, .F. ) ;
#2277 = LINE ( 'NONE', #4564, #3980 ) ;
#2278 = EDGE_LOOP ( 'NONE', ( #4927, #3890, #2433, #1094 ) ) ;
#2279 = CARTESIAN_POINT ( 'NONE',  ( 7.500000000000001776, 3.000000000000000000, -42.50000000000000000 ) ) ;
#2280 = CARTESIAN_POINT ( 'NONE',  ( 88.26000000000000512, 3.000000000000000000, -11.74000000000000199 ) ) ;
#2281 = DIRECTION ( 'NONE',  ( 0.000000000000000000, -1.000000000000000000, 0.000000000000000000 ) ) ;
#2282 = AXIS2_PLACEMENT_3D ( 'NONE', #1435, #1035, #2119 ) ;
#2283 = EDGE_LOOP ( 'NONE', ( #2189, #4800 ) ) ;
#2284 = LINE ( 'NONE', #771, #1860 ) ;
#2285 = VECTOR ( 'NONE', #3526, 1000.000000000000000 ) ;
#2286 = CARTESIAN_POINT ( 'NONE',  ( 17.50000000000000000, 7.500000000000000000, -2.250000000000000000 ) ) ;
#2287 = LINE ( 'NONE', #1429, #3372 ) ;
#2288 = CONICAL_SURFACE ( 'NONE', #4620, 3.360000000000002096, 0.7853981633974503884 ) ;
#2289 = ORIENTED_EDGE ( 'NONE', *, *, #3879, .F. ) ;
#2290 = CARTESIAN_POINT ( 'NONE',  ( 6.500000000000000888, 20.69999999999999929, -3.000000000000000888 ) ) ;
#2291 = CIRCLE ( 'NONE', #117, 3.360000000000002096 ) ;
#2292 = DIRECTION ( 'NONE',  ( -0.000000000000000000, -0.000000000000000000, -1.000000000000000000 ) ) ;
#2293 = DIRECTION ( 'NONE',  ( -1.000000000000000000, -0.000000000000000000, -0.000000000000000000 ) ) ;
#2294 = AXIS2_PLACEMENT_3D ( 'NONE', #2024, #4714, #4389 ) ;
#2295 = ORIENTED_EDGE ( 'NONE', *, *, #4002, .T. ) ;
#2296 = DIRECTION ( 'NONE',  ( -0.000000000000000000, -0.000000000000000000, 1.000000000000000000 ) ) ;
#2297 = EDGE_LOOP ( 'NONE', ( #975, #1183, #1895, #3909, #1488, #4828, #558, #1878 ) ) ;
#2298 = EDGE_CURVE ( 'NONE', #1518, #2988, #1731, .T. ) ;
#2299 = DIRECTION ( 'NONE',  ( 0.000000000000000000, 0.000000000000000000, -1.000000000000000000 ) ) ;
#2300 = CARTESIAN_POINT ( 'NONE',  ( 93.50000000000000000, 2.999999999999995559, -56.99999999999999289 ) ) ;
#2301 = CYLINDRICAL_SURFACE ( 'NONE', #3853, 1.699999999999993072 ) ;
#2302 = ORIENTED_EDGE ( 'NONE', *, *, #3927, .F. ) ;
#2303 = LINE ( 'NONE', #4241, #4785 ) ;
#2304 = VECTOR ( 'NONE', #2309, 1000.000000000000000 ) ;
#2305 = VERTEX_POINT ( 'NONE', #2464 ) ;
#2306 = CARTESIAN_POINT ( 'NONE',  ( 17.50000000000000000, 7.500000000000000000, 0.000000000000000000 ) ) ;
#2307 = EDGE_CURVE ( 'NONE', #3109, #1904, #172, .T. ) ;
#2308 = VECTOR ( 'NONE', #4404, 1000.000000000000000 ) ;
#2309 = DIRECTION ( 'NONE',  ( 1.000000000000000000, 0.000000000000000000, -2.392722035830078972E-16 ) ) ;
#2310 = DIRECTION ( 'NONE',  ( 0.000000000000000000, 0.000000000000000000, -1.000000000000000000 ) ) ;
#2311 = EDGE_LOOP ( 'NONE', ( #3012, #2370, #4067, #1512 ) ) ;
#2312 = ADVANCED_FACE ( 'NONE', ( #1356 ), #2891, .T. ) ;
#2313 = CARTESIAN_POINT ( 'NONE',  ( 13.44999999999999396, 11.75000000000000000, -58.33999999999997499 ) ) ;
#2314 = EDGE_LOOP ( 'NONE', ( #661, #285, #1715, #1525 ) ) ;
#2315 = DIRECTION ( 'NONE',  ( 0.000000000000000000, 2.282530889443167022E-16, -1.000000000000000000 ) ) ;
#2316 = VECTOR ( 'NONE', #1689, 1000.000000000000000 ) ;
#2317 = LINE ( 'NONE', #1605, #132 ) ;
#2318 = DIRECTION ( 'NONE',  ( -0.000000000000000000, -1.000000000000000000, -5.551115123125794535E-15 ) ) ;
#2319 = ORIENTED_EDGE ( 'NONE', *, *, #1269, .F. ) ;
#2320 = CARTESIAN_POINT ( 'NONE',  ( 7.500000000000000888, 22.25000000000003553, -8.625000000000117240 ) ) ;
#2321 = EDGE_LOOP ( 'NONE', ( #3525, #677 ) ) ;
#2322 = CONICAL_SURFACE ( 'NONE', #4650, 3.360000000000000320, 0.7853981633974452814 ) ;
#2323 = AXIS2_PLACEMENT_3D ( 'NONE', #1612, #3987, #3912 ) ;
#2324 = CARTESIAN_POINT ( 'NONE',  ( 7.500000000000000000, 7.500000000000000000, -7.500000000000000000 ) ) ;
#2325 = EDGE_CURVE ( 'NONE', #3337, #1190, #1949, .T. ) ;
#2326 = DIRECTION ( 'NONE',  ( 1.000000000000000000, -0.000000000000000000, -0.000000000000000000 ) ) ;
#2327 = CARTESIAN_POINT ( 'NONE',  ( 89.50000000000001421, 24.50000000000006395, -54.75000000000002132 ) ) ;
#2328 = ORIENTED_EDGE ( 'NONE', *, *, #3663, .T. ) ;
#2329 = CARTESIAN_POINT ( 'NONE',  ( 6.500000000000000888, 2.999999999999995559, -57.74999999999997868 ) ) ;
#2330 = VERTEX_POINT ( 'NONE', #3486 ) ;
#2331 = CARTESIAN_POINT ( 'NONE',  ( 88.26000000000000512, 0.000000000000000000, -48.25000000000000000 ) ) ;
#2332 = AXIS2_PLACEMENT_3D ( 'NONE', #1708, #3697, #4759 ) ;
#2333 = DIRECTION ( 'NONE',  ( 0.000000000000000000, -1.000000000000000000, 0.000000000000000000 ) ) ;
#2334 = CARTESIAN_POINT ( 'NONE',  ( 92.50000000000000000, 0.000000000000000000, -60.00000000000000000 ) ) ;
#2335 = ORIENTED_EDGE ( 'NONE', *, *, #4955, .F. ) ;
#2336 = EDGE_CURVE ( 'NONE', #3408, #4390, #3103, .T. ) ;
#2337 = DIRECTION ( 'NONE',  ( 1.387778780781445676E-16, -1.000000000000000000, -3.320568869633165434E-32 ) ) ;
#2338 = VERTEX_POINT ( 'NONE', #4268 ) ;
#2339 = EDGE_CURVE ( 'NONE', #1710, #1813, #4593, .T. ) ;
#2340 = DIRECTION ( 'NONE',  ( 0.000000000000000000, 0.000000000000000000, -1.000000000000000000 ) ) ;
#2341 = CARTESIAN_POINT ( 'NONE',  ( 89.50000000000001421, 7.500000000000000000, -5.250000000000018652 ) ) ;
#2342 = DIRECTION ( 'NONE',  ( 0.000000000000000000, 1.000000000000000000, 0.000000000000000000 ) ) ;
#2343 = VECTOR ( 'NONE', #1759, 1000.000000000000000 ) ;
#2344 = CARTESIAN_POINT ( 'NONE',  ( 10.50000000000000000, 17.50000000000001776, -54.74999999999997868 ) ) ;
#2345 = ORIENTED_EDGE ( 'NONE', *, *, #1456, .T. ) ;
#2346 = ORIENTED_EDGE ( 'NONE', *, *, #4076, .T. ) ;
#2347 = CIRCLE ( 'NONE', #981, 1.699999999999993072 ) ;
#2348 = DIRECTION ( 'NONE',  ( 0.000000000000000000, 1.000000000000000000, 0.000000000000000000 ) ) ;
#2349 = FACE_OUTER_BOUND ( 'NONE', #4426, .T. ) ;
#2350 = DIRECTION ( 'NONE',  ( -1.000000000000000000, 0.000000000000000000, 0.000000000000000000 ) ) ;
#2351 = ORIENTED_EDGE ( 'NONE', *, *, #924, .F. ) ;
#2352 = DIRECTION ( 'NONE',  ( 1.000000000000000000, 0.000000000000000000, 0.000000000000000000 ) ) ;
#2353 = ORIENTED_EDGE ( 'NONE', *, *, #250, .F. ) ;
#2354 = DIRECTION ( 'NONE',  ( -0.000000000000000000, -0.000000000000000000, -1.000000000000000000 ) ) ;
#2355 = EDGE_CURVE ( 'NONE', #1323, #2687, #380, .T. ) ;
#2356 = DIRECTION ( 'NONE',  ( -0.000000000000000000, -0.000000000000000000, 1.000000000000000000 ) ) ;
#2357 = DIRECTION ( 'NONE',  ( -0.000000000000000000, 1.000000000000000000, 0.000000000000000000 ) ) ;
#2358 = VERTEX_POINT ( 'NONE', #767 ) ;
#2359 = LINE ( 'NONE', #1248, #2888 ) ;
#2360 = VECTOR ( 'NONE', #2692, 1000.000000000000000 ) ;
#2361 = EDGE_CURVE ( 'NONE', #2221, #1940, #4170, .T. ) ;
#2362 = FACE_OUTER_BOUND ( 'NONE', #4643, .T. ) ;
#2363 = VECTOR ( 'NONE', #4188, 1000.000000000000000 ) ;
#2364 = DIRECTION ( 'NONE',  ( 2.392722035830078972E-16, 0.000000000000000000, 1.000000000000000000 ) ) ;
#2365 = EDGE_CURVE ( 'NONE', #4183, #3929, #3080, .T. ) ;
#2366 = VECTOR ( 'NONE', #1900, 1000.000000000000000 ) ;
#2367 = LINE ( 'NONE', #828, #4478 ) ;
#2368 = FACE_OUTER_BOUND ( 'NONE', #4013, .T. ) ;
#2369 = AXIS2_PLACEMENT_3D ( 'NONE', #2131, #3309, #1750 ) ;
#2370 = ORIENTED_EDGE ( 'NONE', *, *, #1780, .T. ) ;
#2371 = DIRECTION ( 'NONE',  ( 1.000000000000000000, 0.000000000000000000, 0.000000000000000000 ) ) ;
#2372 = EDGE_LOOP ( 'NONE', ( #1511, #3137, #3454, #1346 ) ) ;
#2373 = ADVANCED_FACE ( 'NONE', ( #60 ), #36, .T. ) ;
#2374 = VECTOR ( 'NONE', #1766, 1000.000000000000000 ) ;
#2375 = CARTESIAN_POINT ( 'NONE',  ( 92.50000000000000000, 0.000000000000000000, -60.00000000000000000 ) ) ;
#2376 = FACE_OUTER_BOUND ( 'NONE', #4276, .T. ) ;
#2377 = DIRECTION ( 'NONE',  ( 0.000000000000000000, 5.551115123125793746E-15, 1.000000000000000000 ) ) ;
#2378 = ORIENTED_EDGE ( 'NONE', *, *, #4765, .F. ) ;
#2379 = LINE ( 'NONE', #1519, #2693 ) ;
#2380 = ORIENTED_EDGE ( 'NONE', *, *, #1310, .T. ) ;
#2381 = CARTESIAN_POINT ( 'NONE',  ( 93.50000000000000000, 18.94999999999998863, -56.99999999999999289 ) ) ;
#2382 = EDGE_CURVE ( 'NONE', #1274, #2772, #4715, .T. ) ;
#2383 = ORIENTED_EDGE ( 'NONE', *, *, #798, .F. ) ;
#2384 = DIRECTION ( 'NONE',  ( 0.000000000000000000, 0.5869675714609300377, 0.8096104433943882572 ) ) ;
#2385 = AXIS2_PLACEMENT_3D ( 'NONE', #4246, #1120, #1500 ) ;
#2386 = ORIENTED_EDGE ( 'NONE', *, *, #1156, .T. ) ;
#2387 = EDGE_CURVE ( 'NONE', #1044, #4331, #3464, .T. ) ;
#2388 = CARTESIAN_POINT ( 'NONE',  ( 92.50000000000000000, 0.000000000000000000, -60.00000000000000000 ) ) ;
#2389 = CARTESIAN_POINT ( 'NONE',  ( 92.50000000000000000, 7.500000000000000000, -57.74999999999999289 ) ) ;
#2390 = DIRECTION ( 'NONE',  ( 0.000000000000000000, 0.000000000000000000, -1.000000000000000000 ) ) ;
#2391 = DIRECTION ( 'NONE',  ( 0.000000000000000000, 0.5869675714609300377, 0.8096104433943882572 ) ) ;
#2392 = CARTESIAN_POINT ( 'NONE',  ( 0.000000000000000000, 3.000000000000000000, 0.000000000000000000 ) ) ;
#2393 = ORIENTED_EDGE ( 'NONE', *, *, #48, .F. ) ;
#2394 = ORIENTED_EDGE ( 'NONE', *, *, #2579, .F. ) ;
#2395 = ADVANCED_FACE ( 'NONE', ( #4953 ), #793, .F. ) ;
#2396 = CARTESIAN_POINT ( 'NONE',  ( 92.50000000000000000, 17.50000000000000000, -57.74999999999999289 ) ) ;
#2397 = EDGE_CURVE ( 'NONE', #3838, #1615, #4621, .T. ) ;
#2398 = CARTESIAN_POINT ( 'NONE',  ( 7.500000000000008882, 2.999999999999996447, -2.249999999999999556 ) ) ;
#2399 = CARTESIAN_POINT ( 'NONE',  ( 0.000000000000000000, 17.50000000000030553, -9.714451465470307793E-14 ) ) ;
#2400 = VECTOR ( 'NONE', #2500, 1000.000000000000000 ) ;
#2401 = ORIENTED_EDGE ( 'NONE', *, *, #3874, .F. ) ;
#2402 = DIRECTION ( 'NONE',  ( 1.387778780781445676E-16, -1.000000000000000000, 0.000000000000000000 ) ) ;
#2403 = ORIENTED_EDGE ( 'NONE', *, *, #4574, .T. ) ;
#2404 = AXIS2_PLACEMENT_3D ( 'NONE', #1855, #3010, #3368 ) ;
#2405 = CARTESIAN_POINT ( 'NONE',  ( 13.44999999999999396, 11.75000000000000000, 0.000000000000000000 ) ) ;
#2406 = CARTESIAN_POINT ( 'NONE',  ( 0.000000000000000000, 17.50000000000000711, -53.50000000000000000 ) ) ;
#2407 = ORIENTED_EDGE ( 'NONE', *, *, #4801, .T. ) ;
#2408 = ORIENTED_EDGE ( 'NONE', *, *, #318, .T. ) ;
#2409 = LINE ( 'NONE', #539, #1048 ) ;
#2410 = CIRCLE ( 'NONE', #1602, 1.699999999999998401 ) ;
#2411 = CARTESIAN_POINT ( 'NONE',  ( 97.75000000000000000, 17.50000000000000711, -53.50000000000000000 ) ) ;
#2412 = CIRCLE ( 'NONE', #1926, 9.999999999999994671 ) ;
#2413 = VERTEX_POINT ( 'NONE', #714 ) ;
#2414 = CARTESIAN_POINT ( 'NONE',  ( 93.50000000000000000, 24.50000000000000000, -2.249999999999999112 ) ) ;
#2415 = CARTESIAN_POINT ( 'NONE',  ( 0.000000000000000000, 18.94999999999998863, -56.99999999999999289 ) ) ;
#2416 = EDGE_CURVE ( 'NONE', #3821, #909, #4547, .T. ) ;
#2417 = CARTESIAN_POINT ( 'NONE',  ( 2.250000000000007105, 17.49999999999997513, 8.020051083057240963E-14 ) ) ;
#2418 = DIRECTION ( 'NONE',  ( 0.000000000000000000, 0.000000000000000000, 1.000000000000000000 ) ) ;
#2419 = ORIENTED_EDGE ( 'NONE', *, *, #1180, .T. ) ;
#2420 = ORIENTED_EDGE ( 'NONE', *, *, #2682, .T. ) ;
#2421 = CARTESIAN_POINT ( 'NONE',  ( 88.26000000000000512, 0.000000000000000000, -15.10000000000000320 ) ) ;
#2422 = ADVANCED_FACE ( 'NONE', ( #1548 ), #3056, .F. ) ;
#2423 = DIRECTION ( 'NONE',  ( 0.000000000000000000, -0.000000000000000000, -1.000000000000000000 ) ) ;
#2424 = DIRECTION ( 'NONE',  ( 0.000000000000000000, 0.000000000000000000, 1.000000000000000000 ) ) ;
#2425 = ORIENTED_EDGE ( 'NONE', *, *, #3500, .F. ) ;
#2426 = CARTESIAN_POINT ( 'NONE',  ( 92.50000000000000000, 17.50000000000000000, -60.00000000000000000 ) ) ;
#2427 = ORIENTED_EDGE ( 'NONE', *, *, #58, .F. ) ;
#2428 = EDGE_CURVE ( 'NONE', #2772, #1274, #4798, .T. ) ;
#2429 = DIRECTION ( 'NONE',  ( 1.000000000000000000, 0.000000000000000000, 0.000000000000000000 ) ) ;
#2430 = PLANE ( 'NONE',  #283 ) ;
#2431 = CARTESIAN_POINT ( 'NONE',  ( 97.75000000000000000, 17.50000000000001776, -52.50000000000000000 ) ) ;
#2432 = EDGE_LOOP ( 'NONE', ( #1445, #724, #280, #2240, #1439, #3499, #4152, #2592, #2578, #1450 ) ) ;
#2433 = ORIENTED_EDGE ( 'NONE', *, *, #353, .T. ) ;
#2434 = DIRECTION ( 'NONE',  ( -0.000000000000000000, 1.000000000000000000, -0.000000000000000000 ) ) ;
#2435 = EDGE_CURVE ( 'NONE', #3929, #4348, #3789, .T. ) ;
#2436 = ORIENTED_EDGE ( 'NONE', *, *, #3059, .F. ) ;
#2437 = FACE_OUTER_BOUND ( 'NONE', #3143, .T. ) ;
#2438 = DIRECTION ( 'NONE',  ( -0.000000000000000000, 1.000000000000000000, -0.000000000000000000 ) ) ;
#2439 = CIRCLE ( 'NONE', #257, 1.699999999999998401 ) ;
#2440 = CARTESIAN_POINT ( 'NONE',  ( 11.75000000000000178, 0.000000000000000000, -11.74000000000000021 ) ) ;
#2441 = LINE ( 'NONE', #4004, #1657 ) ;
#2442 = DIRECTION ( 'NONE',  ( -0.000000000000000000, -1.000000000000000000, -0.000000000000000000 ) ) ;
#2443 = VECTOR ( 'NONE', #2044, 1000.000000000000000 ) ;
#2444 = ORIENTED_EDGE ( 'NONE', *, *, #4990, .F. ) ;
#2445 = ORIENTED_EDGE ( 'NONE', *, *, #4117, .T. ) ;
#2446 = LINE ( 'NONE', #4285, #4812 ) ;
#2447 = AXIS2_PLACEMENT_3D ( 'NONE', #3409, #4144, #2233 ) ;
#2448 = CARTESIAN_POINT ( 'NONE',  ( 0.000000000000000000, 0.000000000000000000, -54.99999999999999289 ) ) ;
#2449 = DIRECTION ( 'NONE',  ( -0.000000000000000000, -0.000000000000000000, -1.000000000000000000 ) ) ;
#2450 = EDGE_LOOP ( 'NONE', ( #1977, #2166, #1630, #1695, #2757, #3425, #2504, #2983, #2403, #761 ) ) ;
#2451 = LINE ( 'NONE', #964, #1406 ) ;
#2452 = AXIS2_PLACEMENT_3D ( 'NONE', #1121, #408, #1197 ) ;
#2453 = ORIENTED_EDGE ( 'NONE', *, *, #2325, .F. ) ;
#2454 = PLANE ( 'NONE',  #3672 ) ;
#2455 = DIRECTION ( 'NONE',  ( -1.000000000000000000, 0.000000000000000000, -0.000000000000000000 ) ) ;
#2456 = ORIENTED_EDGE ( 'NONE', *, *, #4629, .T. ) ;
#2457 = AXIS2_PLACEMENT_3D ( 'NONE', #4664, #1946, #3837 ) ;
#2458 = ORIENTED_EDGE ( 'NONE', *, *, #3907, .F. ) ;
#2459 = DIRECTION ( 'NONE',  ( 0.000000000000000000, -1.000000000000000000, 0.000000000000000000 ) ) ;
#2460 = EDGE_CURVE ( 'NONE', #1502, #1029, #2653, .T. ) ;
#2461 = ADVANCED_FACE ( 'NONE', ( #354 ), #407, .F. ) ;
#2462 = ORIENTED_EDGE ( 'NONE', *, *, #2698, .F. ) ;
#2463 = CARTESIAN_POINT ( 'NONE',  ( 7.500000000000000888, 24.50000000000002842, -54.75000000000002132 ) ) ;
#2464 = CARTESIAN_POINT ( 'NONE',  ( 10.50000000000000000, 22.25000000000003553, -8.625000000000117240 ) ) ;
#2465 = AXIS2_PLACEMENT_3D ( 'NONE', #3740, #2111, #1331 ) ;
#2466 = CARTESIAN_POINT ( 'NONE',  ( 0.000000000000000000, 3.000000000000000000, -7.500000000000000000 ) ) ;
#2467 = ORIENTED_EDGE ( 'NONE', *, *, #1901, .T. ) ;
#2468 = EDGE_LOOP ( 'NONE', ( #2623, #3540, #1637, #1277 ) ) ;
#2469 = DIRECTION ( 'NONE',  ( 0.000000000000000000, 0.000000000000000000, 1.000000000000000000 ) ) ;
#2470 = FACE_OUTER_BOUND ( 'NONE', #3943, .T. ) ;
#2471 = DIRECTION ( 'NONE',  ( -4.984837574645997858E-18, 0.000000000000000000, 1.000000000000000000 ) ) ;
#2472 = ORIENTED_EDGE ( 'NONE', *, *, #3535, .F. ) ;
#2473 = DIRECTION ( 'NONE',  ( 1.000000000000000000, -0.000000000000000000, -0.000000000000000000 ) ) ;
#2474 = VERTEX_POINT ( 'NONE', #4018 ) ;
#2475 = ADVANCED_FACE ( 'NONE', ( #4365 ), #4292, .F. ) ;
#2476 = LINE ( 'NONE', #4017, #1830 ) ;
#2477 = CIRCLE ( 'NONE', #3034, 9.999999999999994671 ) ;
#2478 = DIRECTION ( 'NONE',  ( 0.000000000000000000, 0.000000000000000000, -1.000000000000000000 ) ) ;
#2479 = CARTESIAN_POINT ( 'NONE',  ( 7.500000000000007105, 17.50000000000000000, -2.250000000000000000 ) ) ;
#2480 = VERTEX_POINT ( 'NONE', #1243 ) ;
#2481 = ORIENTED_EDGE ( 'NONE', *, *, #3548, .F. ) ;
#2482 = CYLINDRICAL_SURFACE ( 'NONE', #1157, 1.699999999999987965 ) ;
#2483 = AXIS2_PLACEMENT_3D ( 'NONE', #4582, #2664, #4128 ) ;
#2484 = ORIENTED_EDGE ( 'NONE', *, *, #3860, .T. ) ;
#2485 = ADVANCED_FACE ( 'NONE', ( #2102 ), #2430, .F. ) ;
#2486 = EDGE_LOOP ( 'NONE', ( #3884, #2861, #6, #1699 ) ) ;
#2487 = DIRECTION ( 'NONE',  ( -1.000000000000000000, 0.000000000000000000, -0.000000000000000000 ) ) ;
#2488 = LINE ( 'NONE', #304, #1400 ) ;
#2489 = ADVANCED_FACE ( 'NONE', ( #1219 ), #4069, .F. ) ;
#2490 = VECTOR ( 'NONE', #1278, 1000.000000000000000 ) ;
#2491 = FACE_OUTER_BOUND ( 'NONE', #860, .T. ) ;
#2492 = LINE ( 'NONE', #570, #877 ) ;
#2493 = ORIENTED_EDGE ( 'NONE', *, *, #1377, .T. ) ;
#2494 = EDGE_LOOP ( 'NONE', ( #2876, #62, #4176, #3031 ) ) ;
#2495 = CARTESIAN_POINT ( 'NONE',  ( 0.000000000000000000, 24.50000000000000000, -5.000000000000000000 ) ) ;
#2496 = LINE ( 'NONE', #2921, #1230 ) ;
#2497 = VERTEX_POINT ( 'NONE', #3230 ) ;
#2498 = DIRECTION ( 'NONE',  ( -0.000000000000000000, -1.000000000000000000, -5.551115123125794535E-15 ) ) ;
#2499 = EDGE_LOOP ( 'NONE', ( #1631, #3000, #2493, #3158 ) ) ;
#2500 = DIRECTION ( 'NONE',  ( 1.000000000000000000, -0.000000000000000000, 0.000000000000000000 ) ) ;
#2501 = CARTESIAN_POINT ( 'NONE',  ( 11.75000000000000711, 0.000000000000000000, -48.25000000000000000 ) ) ;
#2502 = FACE_OUTER_BOUND ( 'NONE', #1217, .T. ) ;
#2503 = CONICAL_SURFACE ( 'NONE', #3546, 3.360000000000002096, 0.7853981633974510546 ) ;
#2504 = ORIENTED_EDGE ( 'NONE', *, *, #824, .F. ) ;
#2505 = VERTEX_POINT ( 'NONE', #485 ) ;
#2506 = DIRECTION ( 'NONE',  ( 0.000000000000000000, 0.000000000000000000, 1.000000000000000000 ) ) ;
#2507 = AXIS2_PLACEMENT_3D ( 'NONE', #359, #441, #3441 ) ;
#2508 = ORIENTED_EDGE ( 'NONE', *, *, #4318, .F. ) ;
#2509 = CARTESIAN_POINT ( 'NONE',  ( 100.0000000000000000, 7.500000000000013323, -7.499999999999993783 ) ) ;
#2510 = ADVANCED_FACE ( 'NONE', ( #163 ), #2779, .T. ) ;
#2511 = DIRECTION ( 'NONE',  ( 0.000000000000000000, 0.000000000000000000, 1.000000000000000000 ) ) ;
#2512 = CARTESIAN_POINT ( 'NONE',  ( 2.250000000000006217, 2.999999999999995559, -6.500000000000000000 ) ) ;
#2513 = CARTESIAN_POINT ( 'NONE',  ( 10.50000000000000000, 22.25000000000003553, -51.37499999999987921 ) ) ;
#2514 = ORIENTED_EDGE ( 'NONE', *, *, #1762, .F. ) ;
#2515 = DIRECTION ( 'NONE',  ( -0.000000000000000000, -1.000000000000000000, -0.000000000000000000 ) ) ;
#2516 = LINE ( 'NONE', #960, #3198 ) ;
#2517 = AXIS2_PLACEMENT_3D ( 'NONE', #3573, #1229, #3905 ) ;
#2518 = DIRECTION ( 'NONE',  ( -0.000000000000000000, -1.000000000000000000, -0.000000000000000000 ) ) ;
#2519 = EDGE_CURVE ( 'NONE', #1615, #787, #4693, .T. ) ;
#2520 = ORIENTED_EDGE ( 'NONE', *, *, #2212, .F. ) ;
#2521 = CARTESIAN_POINT ( 'NONE',  ( 1.121588454295349287E-17, 7.500000000000000000, -2.249999999999999556 ) ) ;
#2522 = VERTEX_POINT ( 'NONE', #2381 ) ;
#2523 = LINE ( 'NONE', #2950, #2400 ) ;
#2524 = DIRECTION ( 'NONE',  ( -0.000000000000000000, -1.000000000000000000, -0.000000000000000000 ) ) ;
#2525 = DIRECTION ( 'NONE',  ( -1.000000000000000000, 0.000000000000000000, 0.000000000000000000 ) ) ;
#2526 = AXIS2_PLACEMENT_3D ( 'NONE', #2679, #2357, #768 ) ;
#2527 = EDGE_LOOP ( 'NONE', ( #3253, #1955, #3693, #1313 ) ) ;
#2528 = ORIENTED_EDGE ( 'NONE', *, *, #2951, .F. ) ;
#2529 = CIRCLE ( 'NONE', #4700, 3.360000000000002096 ) ;
#2530 = FACE_OUTER_BOUND ( 'NONE', #3555, .T. ) ;
#2531 = EDGE_CURVE ( 'NONE', #3996, #1415, #536, .T. ) ;
#2532 = AXIS2_PLACEMENT_3D ( 'NONE', #941, #1716, #4014 ) ;
#2533 = ORIENTED_EDGE ( 'NONE', *, *, #3765, .T. ) ;
#2534 = ADVANCED_FACE ( 'NONE', ( #184 ), #2454, .T. ) ;
#2535 = DIRECTION ( 'NONE',  ( 0.000000000000000000, 0.000000000000000000, -1.000000000000000000 ) ) ;
#2536 = VERTEX_POINT ( 'NONE', #3206 ) ;
#2537 = CARTESIAN_POINT ( 'NONE',  ( 92.50000000000000000, 7.500000000000000000, -57.74999999999999289 ) ) ;
#2538 = ORIENTED_EDGE ( 'NONE', *, *, #1317, .F. ) ;
#2539 = CARTESIAN_POINT ( 'NONE',  ( 92.50000000000000000, 24.50000000000003553, -8.625000000000117240 ) ) ;
#2540 = CARTESIAN_POINT ( 'NONE',  ( 0.000000000000000000, 18.94999999999998863, -56.99999999999999289 ) ) ;
#2541 = LINE ( 'NONE', #2170, #2117 ) ;
#2542 = EDGE_CURVE ( 'NONE', #2947, #754, #894, .T. ) ;
#2543 = VERTEX_POINT ( 'NONE', #867 ) ;
#2544 = CARTESIAN_POINT ( 'NONE',  ( 2.250000000000006217, 11.74000000000000021, -10.05000000000000426 ) ) ;
#2545 = ORIENTED_EDGE ( 'NONE', *, *, #3502, .F. ) ;
#2546 = EDGE_CURVE ( 'NONE', #3625, #4390, #2854, .T. ) ;
#2547 = DIRECTION ( 'NONE',  ( -0.000000000000000000, -1.000000000000000000, -0.000000000000000000 ) ) ;
#2548 = CARTESIAN_POINT ( 'NONE',  ( 6.500000000000000000, 20.69999999999999929, -54.74999999999997868 ) ) ;
#2549 = CARTESIAN_POINT ( 'NONE',  ( 7.500000000000000000, 7.500000000000000000, -60.00000000000000000 ) ) ;
#2550 = VERTEX_POINT ( 'NONE', #460 ) ;
#2551 = EDGE_LOOP ( 'NONE', ( #3829, #1865, #4080, #3796 ) ) ;
#2552 = CARTESIAN_POINT ( 'NONE',  ( 10.50000000000000000, 22.25000000000003553, -6.375000000000116351 ) ) ;
#2553 = AXIS2_PLACEMENT_3D ( 'NONE', #679, #4969, #2299 ) ;
#2554 = VERTEX_POINT ( 'NONE', #3538 ) ;
#2555 = VECTOR ( 'NONE', #4255, 1000.000000000000000 ) ;
#2556 = VECTOR ( 'NONE', #1139, 1000.000000000000000 ) ;
#2557 = CARTESIAN_POINT ( 'NONE',  ( 1.660000000000001696, 11.74000000000000021, -48.26000000000000512 ) ) ;
#2558 = CARTESIAN_POINT ( 'NONE',  ( 7.500000000000001776, 3.000000000000000000, -42.50000000000000000 ) ) ;
#2559 = ORIENTED_EDGE ( 'NONE', *, *, #1679, .T. ) ;
#2560 = EDGE_CURVE ( 'NONE', #1863, #1732, #1499, .T. ) ;
#2561 = ORIENTED_EDGE ( 'NONE', *, *, #880, .F. ) ;
#2562 = VECTOR ( 'NONE', #3190, 1000.000000000000000 ) ;
#2563 = DIRECTION ( 'NONE',  ( 1.000000000000000000, -0.000000000000000000, -0.000000000000000000 ) ) ;
#2564 = DIRECTION ( 'NONE',  ( 0.000000000000000000, 0.000000000000000000, 1.000000000000000000 ) ) ;
#2565 = AXIS2_PLACEMENT_3D ( 'NONE', #2012, #875, #3111 ) ;
#2566 = ORIENTED_EDGE ( 'NONE', *, *, #3065, .T. ) ;
#2567 = CARTESIAN_POINT ( 'NONE',  ( 97.75000000000000000, 11.74000000000000021, -46.56000000000000227 ) ) ;
#2568 = ORIENTED_EDGE ( 'NONE', *, *, #2397, .F. ) ;
#2569 = EDGE_CURVE ( 'NONE', #1160, #4776, #2028, .T. ) ;
#2570 = DIRECTION ( 'NONE',  ( 2.551063935260012956E-16, 0.000000000000000000, 1.000000000000000000 ) ) ;
#2571 = DIRECTION ( 'NONE',  ( 1.000000000000000000, -0.000000000000000000, -0.000000000000000000 ) ) ;
#2572 = CARTESIAN_POINT ( 'NONE',  ( 11.75000000000000178, 1.659999999999999476, -10.04000000000000270 ) ) ;
#2573 = ORIENTED_EDGE ( 'NONE', *, *, #1616, .F. ) ;
#2574 = CARTESIAN_POINT ( 'NONE',  ( 6.500000000000000000, 2.999999999999995559, -54.74999999999997868 ) ) ;
#2575 = ORIENTED_EDGE ( 'NONE', *, *, #3500, .T. ) ;
#2576 = EDGE_CURVE ( 'NONE', #504, #1024, #4151, .T. ) ;
#2577 = CARTESIAN_POINT ( 'NONE',  ( 11.75000000000000711, 0.000000000000000000, -48.25000000000000000 ) ) ;
#2578 = ORIENTED_EDGE ( 'NONE', *, *, #1440, .T. ) ;
#2579 = EDGE_CURVE ( 'NONE', #3261, #1114, #3183, .T. ) ;
#2580 = AXIS2_PLACEMENT_3D ( 'NONE', #3491, #1576, #4273 ) ;
#2581 = CARTESIAN_POINT ( 'NONE',  ( 10.50000000000000000, 24.50000000000002842, -54.75000000000002132 ) ) ;
#2582 = ORIENTED_EDGE ( 'NONE', *, *, #4380, .F. ) ;
#2583 = PLANE ( 'NONE',  #2802 ) ;
#2584 = DIRECTION ( 'NONE',  ( 0.7071067811865460184, 0.000000000000000000, -0.7071067811865489050 ) ) ;
#2585 = ORIENTED_EDGE ( 'NONE', *, *, #1560, .T. ) ;
#2586 = LINE ( 'NONE', #4127, #4756 ) ;
#2587 = CARTESIAN_POINT ( 'NONE',  ( 1.660000000000001696, 11.74000000000000021, -13.44999999999999929 ) ) ;
#2588 = ADVANCED_FACE ( 'NONE', ( #2803 ), #3964, .F. ) ;
#2589 = LINE ( 'NONE', #3474, #1309 ) ;
#2590 = ORIENTED_EDGE ( 'NONE', *, *, #4830, .F. ) ;
#2591 = CARTESIAN_POINT ( 'NONE',  ( 15.11000000000000476, 11.75000000000000000, 1.734723475976807883E-15 ) ) ;
#2592 = ORIENTED_EDGE ( 'NONE', *, *, #2307, .T. ) ;
#2593 = VECTOR ( 'NONE', #961, 1000.000000000000000 ) ;
#2594 = DIRECTION ( 'NONE',  ( 1.000000000000000000, 0.000000000000000000, 0.000000000000000000 ) ) ;
#2595 = DIRECTION ( 'NONE',  ( 0.000000000000000000, -0.000000000000000000, 1.000000000000000000 ) ) ;
#2596 = DIRECTION ( 'NONE',  ( 1.000000000000000000, 8.673617379884033500E-16, 0.000000000000000000 ) ) ;
#2597 = EDGE_LOOP ( 'NONE', ( #4105, #3652, #133, #2201 ) ) ;
#2598 = DIRECTION ( 'NONE',  ( -1.000000000000000000, 0.000000000000000000, 0.000000000000000000 ) ) ;
#2599 = VECTOR ( 'NONE', #1288, 1000.000000000000000 ) ;
#2600 = VERTEX_POINT ( 'NONE', #3282 ) ;
#2601 = DIRECTION ( 'NONE',  ( 0.000000000000000000, 0.5869675714609297046, -0.8096104433943885903 ) ) ;
#2602 = CIRCLE ( 'NONE', #431, 9.999999999999994671 ) ;
#2603 = CARTESIAN_POINT ( 'NONE',  ( 100.0000000000000000, 1.141265444721584497E-15, -5.000000000000005329 ) ) ;
#2604 = AXIS2_PLACEMENT_3D ( 'NONE', #2908, #3287, #4846 ) ;
#2605 = ORIENTED_EDGE ( 'NONE', *, *, #1671, .T. ) ;
#2606 = EDGE_CURVE ( 'NONE', #3363, #2128, #968, .T. ) ;
#2607 = VECTOR ( 'NONE', #2849, 1000.000000000000000 ) ;
#2608 = FACE_OUTER_BOUND ( 'NONE', #4790, .T. ) ;
#2609 = EDGE_CURVE ( 'NONE', #1751, #4134, #4139, .T. ) ;
#2610 = DIRECTION ( 'NONE',  ( 1.000000000000000000, 0.000000000000000000, 0.000000000000000000 ) ) ;
#2611 = EDGE_LOOP ( 'NONE', ( #4445, #3325, #383, #1909 ) ) ;
#2612 = LINE ( 'NONE', #2539, #10 ) ;
#2613 = CARTESIAN_POINT ( 'NONE',  ( 89.50000000000001421, 24.50000000000003553, -51.37499999999987921 ) ) ;
#2614 = CARTESIAN_POINT ( 'NONE',  ( 0.000000000000000000, 11.74000000000000021, -11.75000000000000178 ) ) ;
#2615 = ORIENTED_EDGE ( 'NONE', *, *, #2655, .F. ) ;
#2616 = CARTESIAN_POINT ( 'NONE',  ( 0.000000000000000000, 7.500000000000013323, -7.499999999999993783 ) ) ;
#2617 = ORIENTED_EDGE ( 'NONE', *, *, #2387, .T. ) ;
#2618 = VECTOR ( 'NONE', #2975, 1000.000000000000000 ) ;
#2619 = DIRECTION ( 'NONE',  ( 0.000000000000000000, 0.000000000000000000, -1.000000000000000000 ) ) ;
#2620 = FACE_OUTER_BOUND ( 'NONE', #314, .T. ) ;
#2621 = DIRECTION ( 'NONE',  ( 0.000000000000000000, 0.000000000000000000, -1.000000000000000000 ) ) ;
#2622 = VECTOR ( 'NONE', #2234, 1000.000000000000000 ) ;
#2623 = ORIENTED_EDGE ( 'NONE', *, *, #3848, .F. ) ;
#2624 = CARTESIAN_POINT ( 'NONE',  ( 0.000000000000000000, 20.69999999999999929, -3.000000000000000888 ) ) ;
#2625 = VERTEX_POINT ( 'NONE', #653 ) ;
#2626 = DIRECTION ( 'NONE',  ( 0.000000000000000000, 5.551115123125789802E-15, -1.000000000000000000 ) ) ;
#2627 = EDGE_CURVE ( 'NONE', #900, #1751, #992, .T. ) ;
#2628 = CARTESIAN_POINT ( 'NONE',  ( 93.50000000000000000, 24.50000000000000000, 0.000000000000000000 ) ) ;
#2629 = ORIENTED_EDGE ( 'NONE', *, *, #406, .F. ) ;
#2630 = EDGE_CURVE ( 'NONE', #166, #643, #3826, .T. ) ;
#2631 = FACE_OUTER_BOUND ( 'NONE', #2527, .T. ) ;
#2632 = ADVANCED_FACE ( 'NONE', ( #4470 ), #3707, .F. ) ;
#2633 = VECTOR ( 'NONE', #3833, 1000.000000000000000 ) ;
#2634 = CARTESIAN_POINT ( 'NONE',  ( 100.0000000000000000, 24.50000000000040501, -1.467961554782175856E-13 ) ) ;
#2635 = EDGE_LOOP ( 'NONE', ( #3823, #733 ) ) ;
#2636 = DIRECTION ( 'NONE',  ( -0.7071067811865453523, 0.000000000000000000, -0.7071067811865496822 ) ) ;
#2637 = EDGE_CURVE ( 'NONE', #601, #649, #1065, .T. ) ;
#2638 = AXIS2_PLACEMENT_3D ( 'NONE', #863, #2471, #4662 ) ;
#2639 = DIRECTION ( 'NONE',  ( 0.000000000000000000, 0.000000000000000000, -1.000000000000000000 ) ) ;
#2640 = CARTESIAN_POINT ( 'NONE',  ( 92.50000000000000000, 3.000000000000000000, -7.500000000000000000 ) ) ;
#2641 = VERTEX_POINT ( 'NONE', #3686 ) ;
#2642 = LINE ( 'NONE', #1184, #2285 ) ;
#2643 = VECTOR ( 'NONE', #1983, 1000.000000000000000 ) ;
#2644 = ORIENTED_EDGE ( 'NONE', *, *, #203, .T. ) ;
#2645 = AXIS2_PLACEMENT_3D ( 'NONE', #1752, #4754, #1000 ) ;
#2646 = CARTESIAN_POINT ( 'NONE',  ( 7.500000000000003553, 24.50000000000000000, -60.00000000000000000 ) ) ;
#2647 = LINE ( 'NONE', #1565, #2363 ) ;
#2648 = DIRECTION ( 'NONE',  ( -0.000000000000000000, -1.000000000000000000, -0.000000000000000000 ) ) ;
#2649 = ORIENTED_EDGE ( 'NONE', *, *, #4852, .T. ) ;
#2650 = CARTESIAN_POINT ( 'NONE',  ( 0.000000000000000000, 17.50000000000000000, -54.99999999999999289 ) ) ;
#2651 = EDGE_LOOP ( 'NONE', ( #1989, #4553, #2644, #4100 ) ) ;
#2652 = CARTESIAN_POINT ( 'NONE',  ( 11.75000000000000533, 11.75000000000000000, -60.00000000000000000 ) ) ;
#2653 = LINE ( 'NONE', #4194, #1575 ) ;
#2654 = CARTESIAN_POINT ( 'NONE',  ( 0.000000000000000000, 0.000000000000000000, -54.99999999999999289 ) ) ;
#2655 = EDGE_CURVE ( 'NONE', #2497, #4659, #688, .T. ) ;
#2656 = VERTEX_POINT ( 'NONE', #2952 ) ;
#2657 = ADVANCED_BREP_SHAPE_REPRESENTATION ( 'b_inferior', ( #520, #2766 ), #3906 ) ;
#2658 = CARTESIAN_POINT ( 'NONE',  ( 93.50000000000000000, 2.999999999999995559, 0.000000000000000000 ) ) ;
#2659 = DIRECTION ( 'NONE',  ( 1.000000000000000000, -0.000000000000000000, -0.000000000000000000 ) ) ;
#2660 = PLANE ( 'NONE',  #1842 ) ;
#2661 = ORIENTED_EDGE ( 'NONE', *, *, #24, .F. ) ;
#2662 = CARTESIAN_POINT ( 'NONE',  ( 92.50000000000000000, 24.50000000000009237, -5.249999999999979572 ) ) ;
#2663 = EDGE_CURVE ( 'NONE', #244, #428, #4443, .T. ) ;
#2664 = DIRECTION ( 'NONE',  ( -0.000000000000000000, -1.000000000000000000, -0.000000000000000000 ) ) ;
#2665 = DIRECTION ( 'NONE',  ( 1.000000000000000000, 0.000000000000000000, 0.000000000000000000 ) ) ;
#2666 = ORIENTED_EDGE ( 'NONE', *, *, #1071, .F. ) ;
#2667 = APPLICATION_PROTOCOL_DEFINITION ( 'draft international standard', 'automotive_design', 1998, #938 ) ;
#2668 = EDGE_LOOP ( 'NONE', ( #4818, #4332, #2825, #2666, #610, #1236, #50, #970 ) ) ;
#2669 = EDGE_CURVE ( 'NONE', #4776, #2040, #4493, .T. ) ;
#2670 = CARTESIAN_POINT ( 'NONE',  ( 89.50000000000001421, 22.25000000000003553, -8.625000000000117240 ) ) ;
#2671 = EDGE_CURVE ( 'NONE', #1771, #1997, #3665, .T. ) ;
#2672 = PLANE ( 'NONE',  #1553 ) ;
#2673 = CARTESIAN_POINT ( 'NONE',  ( 100.0000000000000000, 17.50000000000000000, -54.99999999999999289 ) ) ;
#2674 = ORIENTED_EDGE ( 'NONE', *, *, #639, .T. ) ;
#2675 = FACE_OUTER_BOUND ( 'NONE', #845, .T. ) ;
#2676 = ORIENTED_EDGE ( 'NONE', *, *, #3365, .F. ) ;
#2677 = DIRECTION ( 'NONE',  ( 0.000000000000000000, -1.000000000000000000, 0.000000000000000000 ) ) ;
#2678 = CARTESIAN_POINT ( 'NONE',  ( 0.000000000000000000, 7.500000000000000000, -60.00000000000000000 ) ) ;
#2679 = CARTESIAN_POINT ( 'NONE',  ( 7.500000000000000000, 7.500000000000000000, 0.000000000000000000 ) ) ;
#2680 = VECTOR ( 'NONE', #3776, 1000.000000000000000 ) ;
#2681 = ORIENTED_EDGE ( 'NONE', *, *, #766, .T. ) ;
#2682 = EDGE_CURVE ( 'NONE', #3602, #2625, #680, .T. ) ;
#2683 = AXIS2_PLACEMENT_3D ( 'NONE', #34, #817, #1871 ) ;
#2684 = ORIENTED_EDGE ( 'NONE', *, *, #1492, .T. ) ;
#2685 = CARTESIAN_POINT ( 'NONE',  ( 88.26000000000001933, 11.74999999999999645, -60.00000000000000000 ) ) ;
#2686 = AXIS2_PLACEMENT_3D ( 'NONE', #3081, #4622, #4247 ) ;
#2687 = VERTEX_POINT ( 'NONE', #1389 ) ;
#2688 = CARTESIAN_POINT ( 'NONE',  ( 8.390000000000005898, 11.75000000000000000, -60.00000000000000000 ) ) ;
#2689 = AXIS2_PLACEMENT_3D ( 'NONE', #1730, #329, #2256 ) ;
#2690 = EDGE_CURVE ( 'NONE', #554, #4035, #1175, .T. ) ;
#2691 = CYLINDRICAL_SURFACE ( 'NONE', #1432, 10.00000000000000178 ) ;
#2692 = DIRECTION ( 'NONE',  ( -0.000000000000000000, 1.000000000000000000, -0.000000000000000000 ) ) ;
#2693 = VECTOR ( 'NONE', #3936, 1000.000000000000000 ) ;
#2694 = ORIENTED_EDGE ( 'NONE', *, *, #4380, .T. ) ;
#2695 = DIRECTION ( 'NONE',  ( -0.000000000000000000, -0.000000000000000000, 1.000000000000000000 ) ) ;
#2696 = ORIENTED_EDGE ( 'NONE', *, *, #3303, .F. ) ;
#2697 = LINE ( 'NONE', #728, #221 ) ;
#2698 = EDGE_CURVE ( 'NONE', #1360, #2732, #631, .T. ) ;
#2699 = DIRECTION ( 'NONE',  ( 0.000000000000000000, -1.000000000000000000, 0.000000000000000000 ) ) ;
#2700 = DIRECTION ( 'NONE',  ( 1.000000000000000000, 0.000000000000000000, -2.392722035830078972E-16 ) ) ;
#2701 = ORIENTED_EDGE ( 'NONE', *, *, #4917, .T. ) ;
#2702 = CARTESIAN_POINT ( 'NONE',  ( 0.000000000000000000, 17.50000000000001421, -7.499999999999999112 ) ) ;
#2703 = VECTOR ( 'NONE', #4796, 1000.000000000000000 ) ;
#2704 = EDGE_LOOP ( 'NONE', ( #186, #4201, #4216, #1387 ) ) ;
#2705 = CARTESIAN_POINT ( 'NONE',  ( 92.50000000000000000, 22.25000000000003553, -51.37499999999987921 ) ) ;
#2706 = EDGE_CURVE ( 'NONE', #745, #103, #1344, .T. ) ;
#2707 = DIRECTION ( 'NONE',  ( 1.000000000000000000, -0.000000000000000000, 0.000000000000000000 ) ) ;
#2708 = FACE_OUTER_BOUND ( 'NONE', #2597, .T. ) ;
#2709 = ORIENTED_EDGE ( 'NONE', *, *, #2519, .T. ) ;
#2710 = ORIENTED_EDGE ( 'NONE', *, *, #4002, .F. ) ;
#2711 = CARTESIAN_POINT ( 'NONE',  ( 88.26000000000001933, 11.74999999999999645, 1.734723475976807883E-15 ) ) ;
#2712 = FACE_OUTER_BOUND ( 'NONE', #49, .T. ) ;
#2713 = CONICAL_SURFACE ( 'NONE', #3924, 3.360000000000002096, 0.7853981633974482790 ) ;
#2714 = DIRECTION ( 'NONE',  ( 0.000000000000000000, 0.000000000000000000, 1.000000000000000000 ) ) ;
#2715 = DIRECTION ( 'NONE',  ( 0.000000000000000000, -0.000000000000000000, -1.000000000000000000 ) ) ;
#2716 = EDGE_CURVE ( 'NONE', #864, #420, #4039, .T. ) ;
#2717 = VERTEX_POINT ( 'NONE', #276 ) ;
#2718 =( NAMED_UNIT ( * ) PLANE_ANGLE_UNIT ( ) SI_UNIT ( $, .RADIAN. ) );
#2719 = ORIENTED_EDGE ( 'NONE', *, *, #1692, .T. ) ;
#2720 = AXIS2_PLACEMENT_3D ( 'NONE', #1459, #4203, #1861 ) ;
#2721 = DIRECTION ( 'NONE',  ( 1.000000000000000000, -0.000000000000000000, 0.000000000000000000 ) ) ;
#2722 = LINE ( 'NONE', #3429, #4373 ) ;
#2723 = DIRECTION ( 'NONE',  ( 0.7071067811865460184, 8.659560562354951347E-17, 0.7071067811865489050 ) ) ;
#2724 = EDGE_LOOP ( 'NONE', ( #2783, #4940 ) ) ;
#2725 = CARTESIAN_POINT ( 'NONE',  ( 5.250000000000007105, 2.999999999999995559, -6.500000000000000000 ) ) ;
#2726 = EDGE_LOOP ( 'NONE', ( #1359, #1672, #1815, #2019 ) ) ;
#2727 = CARTESIAN_POINT ( 'NONE',  ( 10.50000000000000000, 17.50000000000001421, -6.375000000000000888 ) ) ;
#2728 = ADVANCED_FACE ( 'NONE', ( #606 ), #3305, .F. ) ;
#2729 = VECTOR ( 'NONE', #2964, 1000.000000000000000 ) ;
#2730 = DIRECTION ( 'NONE',  ( 0.000000000000000000, -0.000000000000000000, -1.000000000000000000 ) ) ;
#2731 = PLANE ( 'NONE',  #2526 ) ;
#2732 = VERTEX_POINT ( 'NONE', #1769 ) ;
#2733 = CARTESIAN_POINT ( 'NONE',  ( 6.500000000000000888, 24.50000000000000000, -54.99999999999999289 ) ) ;
#2734 = EDGE_CURVE ( 'NONE', #1290, #1945, #1818, .T. ) ;
#2735 = CYLINDRICAL_SURFACE ( 'NONE', #899, 1.700000000000000178 ) ;
#2736 = EDGE_CURVE ( 'NONE', #1710, #589, #1443, .T. ) ;
#2737 = EDGE_LOOP ( 'NONE', ( #3919, #77, #207, #1747 ) ) ;
#2738 = PLANE ( 'NONE',  #4424 ) ;
#2739 = LINE ( 'NONE', #4726, #4376 ) ;
#2740 = LINE ( 'NONE', #20, #1020 ) ;
#2741 = CIRCLE ( 'NONE', #4108, 3.360000000000000320 ) ;
#2742 = DIRECTION ( 'NONE',  ( -2.891205793294678819E-16, 0.000000000000000000, -1.000000000000000000 ) ) ;
#2743 = ORIENTED_EDGE ( 'NONE', *, *, #4955, .T. ) ;
#2744 = LINE ( 'NONE', #1990, #3260 ) ;
#2745 = ORIENTED_EDGE ( 'NONE', *, *, #2569, .F. ) ;
#2746 = VECTOR ( 'NONE', #4322, 1000.000000000000000 ) ;
#2747 = ADVANCED_FACE ( 'NONE', ( #1187 ), #399, .T. ) ;
#2748 = DIRECTION ( 'NONE',  ( 0.000000000000000000, 0.000000000000000000, 1.000000000000000000 ) ) ;
#2749 = PLANE ( 'NONE',  #3650 ) ;
#2750 = CARTESIAN_POINT ( 'NONE',  ( 92.50000000000000000, 22.25000000000003553, -53.62499999999987921 ) ) ;
#2751 = VERTEX_POINT ( 'NONE', #1090 ) ;
#2752 = DIRECTION ( 'NONE',  ( 0.000000000000000000, 1.000000000000000000, 1.541976423090495387E-16 ) ) ;
#2753 = ORIENTED_EDGE ( 'NONE', *, *, #310, .T. ) ;
#2754 = CARTESIAN_POINT ( 'NONE',  ( 10.50000000000000000, 22.25000000000003553, -51.37499999999987921 ) ) ;
#2755 = CARTESIAN_POINT ( 'NONE',  ( 0.000000000000000000, 7.500000000000000000, 0.000000000000000000 ) ) ;
#2756 = DIRECTION ( 'NONE',  ( 1.000000000000000000, -0.000000000000000000, -0.000000000000000000 ) ) ;
#2757 = ORIENTED_EDGE ( 'NONE', *, *, #4400, .F. ) ;
#2758 = DIRECTION ( 'NONE',  ( 0.000000000000000000, -0.000000000000000000, -1.000000000000000000 ) ) ;
#2759 = DIRECTION ( 'NONE',  ( 1.000000000000000000, -0.000000000000000000, -0.000000000000000000 ) ) ;
#2760 = VECTOR ( 'NONE', #3423, 1000.000000000000000 ) ;
#2761 = ADVANCED_FACE ( 'NONE', ( #2349 ), #3404, .F. ) ;
#2762 = CARTESIAN_POINT ( 'NONE',  ( 11.75000000000000178, 0.000000000000000000, -11.74000000000000021 ) ) ;
#2763 = VECTOR ( 'NONE', #2144, 999.9999999999997726 ) ;
#2764 = DIRECTION ( 'NONE',  ( 1.000000000000000000, 0.000000000000000000, 0.000000000000000000 ) ) ;
#2765 = EDGE_CURVE ( 'NONE', #233, #4477, #2722, .T. ) ;
#2766 = AXIS2_PLACEMENT_3D ( 'NONE', #3883, #3452, #753 ) ;
#2767 = STYLED_ITEM ( 'NONE', ( #486 ), #520 ) ;
#2768 = CARTESIAN_POINT ( 'NONE',  ( 5.250000000000004441, 7.500000000000000000, -7.500000000000000000 ) ) ;
#2769 = CARTESIAN_POINT ( 'NONE',  ( 10.50000000000000000, 24.50000000000003553, -8.625000000000117240 ) ) ;
#2770 = VECTOR ( 'NONE', #4066, 1000.000000000000000 ) ;
#2771 = ORIENTED_EDGE ( 'NONE', *, *, #3962, .F. ) ;
#2772 = VERTEX_POINT ( 'NONE', #3049 ) ;
#2773 = DIRECTION ( 'NONE',  ( -0.7071067811865474617, 0.000000000000000000, 0.7071067811865474617 ) ) ;
#2774 = CARTESIAN_POINT ( 'NONE',  ( 98.34000000000001762, 11.74000000000000021, -11.75000000000000178 ) ) ;
#2775 = CARTESIAN_POINT ( 'NONE',  ( 92.50000000000000000, 24.50000000000009237, -5.249999999999979572 ) ) ;
#2776 = VERTEX_POINT ( 'NONE', #1915 ) ;
#2777 = DIRECTION ( 'NONE',  ( -0.000000000000000000, -1.000000000000000000, 5.551115123125793746E-15 ) ) ;
#2778 = ORIENTED_EDGE ( 'NONE', *, *, #4979, .F. ) ;
#2779 = PLANE ( 'NONE',  #3746 ) ;
#2780 = SURFACE_SIDE_STYLE ('',( #2804 ) ) ;
#2781 = ORIENTED_EDGE ( 'NONE', *, *, #4245, .T. ) ;
#2782 = EDGE_CURVE ( 'NONE', #4449, #3896, #3783, .T. ) ;
#2783 = ORIENTED_EDGE ( 'NONE', *, *, #4167, .T. ) ;
#2784 = CARTESIAN_POINT ( 'NONE',  ( 7.500000000000000888, 24.50000000000012434, -6.374999999999980460 ) ) ;
#2785 = VECTOR ( 'NONE', #108, 1000.000000000000000 ) ;
#2786 = FACE_OUTER_BOUND ( 'NONE', #2843, .T. ) ;
#2787 = CARTESIAN_POINT ( 'NONE',  ( 11.75000000000000533, 11.75000000000000000, -57.74999999999997868 ) ) ;
#2788 = ADVANCED_FACE ( 'NONE', ( #4970, #730, #2620 ), #4944, .F. ) ;
#2789 = FACE_OUTER_BOUND ( 'NONE', #3208, .T. ) ;
#2790 = CARTESIAN_POINT ( 'NONE',  ( 6.500000000000000888, 20.69999999999999929, -56.99999999999999289 ) ) ;
#2791 = EDGE_CURVE ( 'NONE', #1932, #422, #4262, .T. ) ;
#2792 = ORIENTED_EDGE ( 'NONE', *, *, #451, .T. ) ;
#2793 = VERTEX_POINT ( 'NONE', #4918 ) ;
#2794 = AXIS2_PLACEMENT_3D ( 'NONE', #3173, #2721, #4260 ) ;
#2795 = FACE_OUTER_BOUND ( 'NONE', #4148, .T. ) ;
#2796 = LINE ( 'NONE', #2448, #4129 ) ;
#2797 = LINE ( 'NONE', #1691, #152 ) ;
#2798 = VECTOR ( 'NONE', #1260, 1000.000000000000000 ) ;
#2799 = ORIENTED_EDGE ( 'NONE', *, *, #4147, .T. ) ;
#2800 = CARTESIAN_POINT ( 'NONE',  ( 93.50000000000000000, 2.999999999999996891, -5.000000000000004441 ) ) ;
#2801 = ORIENTED_EDGE ( 'NONE', *, *, #1655, .T. ) ;
#2802 = AXIS2_PLACEMENT_3D ( 'NONE', #3391, #1781, #4123 ) ;
#2803 = FACE_OUTER_BOUND ( 'NONE', #3388, .T. ) ;
#2804 = SURFACE_STYLE_FILL_AREA ( #4797 ) ;
#2805 = ORIENTED_EDGE ( 'NONE', *, *, #3903, .F. ) ;
#2806 = EDGE_LOOP ( 'NONE', ( #3184, #3632, #2674, #701 ) ) ;
#2807 = DIRECTION ( 'NONE',  ( 0.000000000000000000, 5.551115123125793746E-15, 1.000000000000000000 ) ) ;
#2808 = CIRCLE ( 'NONE', #2332, 9.999999999999994671 ) ;
#2809 = ADVANCED_FACE ( 'NONE', ( #1845 ), #3807, .T. ) ;
#2810 = DIRECTION ( 'NONE',  ( 2.952720810173289112E-16, -5.551115123125794535E-15, -1.000000000000000000 ) ) ;
#2811 = ORIENTED_EDGE ( 'NONE', *, *, #4801, .F. ) ;
#2812 = DIRECTION ( 'NONE',  ( -1.000000000000000000, -0.000000000000000000, -0.000000000000000000 ) ) ;
#2813 = DIRECTION ( 'NONE',  ( 1.000000000000000000, 0.000000000000000000, 0.000000000000000000 ) ) ;
#2814 = CARTESIAN_POINT ( 'NONE',  ( 0.000000000000000000, 17.50000000000001776, -52.50000000000000000 ) ) ;
#2815 = DIRECTION ( 'NONE',  ( -1.000000000000000000, -0.000000000000000000, -0.000000000000000000 ) ) ;
#2816 = ADVANCED_FACE ( 'NONE', ( #29 ), #707, .T. ) ;
#2817 = ORIENTED_EDGE ( 'NONE', *, *, #3192, .T. ) ;
#2818 = ORIENTED_EDGE ( 'NONE', *, *, #847, .F. ) ;
#2819 = VECTOR ( 'NONE', #3273, 1000.000000000000000 ) ;
#2820 = DIRECTION ( 'NONE',  ( 1.000000000000000000, -0.000000000000000000, -0.000000000000000000 ) ) ;
#2821 = DIRECTION ( 'NONE',  ( -0.000000000000000000, -0.000000000000000000, -1.000000000000000000 ) ) ;
#2822 = LINE ( 'NONE', #2163, #3928 ) ;
#2823 = EDGE_CURVE ( 'NONE', #2522, #2480, #4561, .T. ) ;
#2824 = EDGE_CURVE ( 'NONE', #4331, #3398, #2647, .T. ) ;
#2825 = ORIENTED_EDGE ( 'NONE', *, *, #1897, .T. ) ;
#2826 = CARTESIAN_POINT ( 'NONE',  ( 89.50000000000001421, 17.50000000000001421, -52.50000000000000000 ) ) ;
#2827 = ORIENTED_EDGE ( 'NONE', *, *, #3907, .T. ) ;
#2828 = VECTOR ( 'NONE', #2429, 1000.000000000000000 ) ;
#2829 = ADVANCED_FACE ( 'NONE', ( #346 ), #2672, .F. ) ;
#2830 = DIRECTION ( 'NONE',  ( 0.000000000000000000, -1.000000000000000000, 0.000000000000000000 ) ) ;
#2831 = VERTEX_POINT ( 'NONE', #3098 ) ;
#2832 = ORIENTED_EDGE ( 'NONE', *, *, #2945, .T. ) ;
#2833 = PLANE ( 'NONE',  #3694 ) ;
#2834 = CARTESIAN_POINT ( 'NONE',  ( 7.500000000000003553, 24.50000000000000000, -57.74999999999997868 ) ) ;
#2835 = ORIENTED_EDGE ( 'NONE', *, *, #2416, .F. ) ;
#2836 = DIRECTION ( 'NONE',  ( 0.000000000000000000, 0.5869675714609297046, -0.8096104433943885903 ) ) ;
#2837 = AXIS2_PLACEMENT_3D ( 'NONE', #97, #1256, #2418 ) ;
#2838 = LINE ( 'NONE', #2982, #533 ) ;
#2839 = DIRECTION ( 'NONE',  ( 0.000000000000000000, 0.000000000000000000, 1.000000000000000000 ) ) ;
#2840 = AXIS2_PLACEMENT_3D ( 'NONE', #4, #1868, #2254 ) ;
#2841 = ORIENTED_EDGE ( 'NONE', *, *, #2992, .T. ) ;
#2842 = EDGE_CURVE ( 'NONE', #1717, #4747, #4639, .T. ) ;
#2843 = EDGE_LOOP ( 'NONE', ( #502, #2380, #2922, #1108 ) ) ;
#2844 = DIRECTION ( 'NONE',  ( -1.000000000000000000, -0.000000000000000000, -0.000000000000000000 ) ) ;
#2845 = VECTOR ( 'NONE', #4448, 1000.000000000000000 ) ;
#2846 = CARTESIAN_POINT ( 'NONE',  ( 10.50000000000000000, 24.50000000000002842, -54.75000000000002132 ) ) ;
#2847 = LINE ( 'NONE', #1663, #466 ) ;
#2848 = ORIENTED_EDGE ( 'NONE', *, *, #1867, .T. ) ;
#2849 = DIRECTION ( 'NONE',  ( 1.000000000000000000, -0.000000000000000000, -0.000000000000000000 ) ) ;
#2850 = CIRCLE ( 'NONE', #2452, 1.699999999999987965 ) ;
#2851 = ORIENTED_EDGE ( 'NONE', *, *, #1060, .F. ) ;
#2852 = VECTOR ( 'NONE', #602, 1000.000000000000000 ) ;
#2853 = EDGE_CURVE ( 'NONE', #3988, #4367, #4238, .T. ) ;
#2854 = LINE ( 'NONE', #2405, #3589 ) ;
#2855 = DIRECTION ( 'NONE',  ( -1.000000000000000000, -0.000000000000000000, -2.952720810173289112E-16 ) ) ;
#2856 = ORIENTED_EDGE ( 'NONE', *, *, #2095, .F. ) ;
#2857 = CIRCLE ( 'NONE', #4952, 1.699999999999993072 ) ;
#2858 = ORIENTED_EDGE ( 'NONE', *, *, #4968, .T. ) ;
#2859 = EDGE_CURVE ( 'NONE', #3109, #4808, #1164, .T. ) ;
#2860 = CARTESIAN_POINT ( 'NONE',  ( 97.75000000000000000, 2.999999999999995559, -53.50000000000000000 ) ) ;
#2861 = ORIENTED_EDGE ( 'NONE', *, *, #1835, .T. ) ;
#2862 = DIRECTION ( 'NONE',  ( -0.000000000000000000, -0.000000000000000000, -1.000000000000000000 ) ) ;
#2863 = LINE ( 'NONE', #4403, #2050 ) ;
#2864 = AXIS2_PLACEMENT_3D ( 'NONE', #1419, #2927, #1745 ) ;
#2865 = DIRECTION ( 'NONE',  ( 1.000000000000000000, 0.000000000000000000, 0.000000000000000000 ) ) ;
#2866 = ORIENTED_EDGE ( 'NONE', *, *, #3290, .F. ) ;
#2867 = AXIS2_PLACEMENT_3D ( 'NONE', #1682, #197, #3217 ) ;
#2868 = LINE ( 'NONE', #617, #1921 ) ;
#2869 = ORIENTED_EDGE ( 'NONE', *, *, #4299, .F. ) ;
#2870 = ORIENTED_EDGE ( 'NONE', *, *, #3949, .F. ) ;
#2871 = CARTESIAN_POINT ( 'NONE',  ( 11.75000000000000178, 3.000000000000000000, -11.74000000000000021 ) ) ;
#2872 = EDGE_CURVE ( 'NONE', #1902, #754, #3863, .T. ) ;
#2873 = DIRECTION ( 'NONE',  ( 0.000000000000000000, 0.000000000000000000, -1.000000000000000000 ) ) ;
#2874 = VERTEX_POINT ( 'NONE', #1311 ) ;
#2875 = DIRECTION ( 'NONE',  ( 0.000000000000000000, -1.000000000000000000, 0.000000000000000000 ) ) ;
#2876 = ORIENTED_EDGE ( 'NONE', *, *, #3663, .F. ) ;
#2877 = DIRECTION ( 'NONE',  ( -1.000000000000000000, 0.000000000000000000, 1.291815354450813925E-16 ) ) ;
#2878 = DIRECTION ( 'NONE',  ( -0.000000000000000000, -1.000000000000000000, -0.000000000000000000 ) ) ;
#2879 = FACE_OUTER_BOUND ( 'NONE', #1463, .T. ) ;
#2880 = EDGE_LOOP ( 'NONE', ( #928, #3189, #526, #1947, #1839, #143, #2931, #1829 ) ) ;
#2881 = ORIENTED_EDGE ( 'NONE', *, *, #2027, .T. ) ;
#2882 = ADVANCED_FACE ( 'NONE', ( #1969, #3580 ), #3606, .F. ) ;
#2883 = VECTOR ( 'NONE', #2424, 1000.000000000000000 ) ;
#2884 = CARTESIAN_POINT ( 'NONE',  ( 11.75000000000000711, 0.000000000000000000, -51.61000000000000654 ) ) ;
#2885 = VERTEX_POINT ( 'NONE', #4763 ) ;
#2886 = VECTOR ( 'NONE', #4072, 1000.000000000000000 ) ;
#2887 = DIRECTION ( 'NONE',  ( -0.000000000000000000, -1.000000000000000000, -0.000000000000000000 ) ) ;
#2888 = VECTOR ( 'NONE', #4321, 1000.000000000000000 ) ;
#2889 = FACE_BOUND ( 'NONE', #4680, .T. ) ;
#2890 = EDGE_CURVE ( 'NONE', #191, #3634, #3503, .T. ) ;
#2891 = CYLINDRICAL_SURFACE ( 'NONE', #2385, 9.999999999999994671 ) ;
#2892 = ORIENTED_EDGE ( 'NONE', *, *, #1580, .F. ) ;
#2893 = CARTESIAN_POINT ( 'NONE',  ( 89.50000000000001421, 22.25000000000003553, -51.37499999999987921 ) ) ;
#2894 = ORIENTED_EDGE ( 'NONE', *, *, #1240, .F. ) ;
#2895 = ORIENTED_EDGE ( 'NONE', *, *, #2842, .F. ) ;
#2896 = LINE ( 'NONE', #986, #3202 ) ;
#2897 = CARTESIAN_POINT ( 'NONE',  ( 10.50000000000000000, 24.50000000000003553, -51.37499999999987921 ) ) ;
#2898 = ORIENTED_EDGE ( 'NONE', *, *, #4429, .F. ) ;
#2899 = DIRECTION ( 'NONE',  ( -0.000000000000000000, -1.000000000000000000, -0.000000000000000000 ) ) ;
#2900 = ORIENTED_EDGE ( 'NONE', *, *, #3084, .F. ) ;
#2901 = EDGE_CURVE ( 'NONE', #2979, #963, #53, .T. ) ;
#2902 = LINE ( 'NONE', #3326, #1428 ) ;
#2903 = DIRECTION ( 'NONE',  ( 0.000000000000000000, 0.000000000000000000, -1.000000000000000000 ) ) ;
#2904 = CARTESIAN_POINT ( 'NONE',  ( 0.000000000000000000, 11.74000000000000021, -48.26000000000000512 ) ) ;
#2905 = AXIS2_PLACEMENT_3D ( 'NONE', #2662, #3824, #4554 ) ;
#2906 = ORIENTED_EDGE ( 'NONE', *, *, #4104, .F. ) ;
#2907 = EDGE_LOOP ( 'NONE', ( #850, #3101, #2076, #3466 ) ) ;
#2908 = CARTESIAN_POINT ( 'NONE',  ( 7.500000000000006217, 3.000000000000000000, -7.500000000000000000 ) ) ;
#2909 = EDGE_CURVE ( 'NONE', #1160, #2040, #3002, .T. ) ;
#2910 = AXIS2_PLACEMENT_3D ( 'NONE', #562, #2008, #3161 ) ;
#2911 = ORIENTED_EDGE ( 'NONE', *, *, #4400, .T. ) ;
#2912 = LINE ( 'NONE', #4068, #1526 ) ;
#2913 = CARTESIAN_POINT ( 'NONE',  ( 100.0000000000000000, 20.69999999999999929, -56.99999999999999289 ) ) ;
#2914 = ADVANCED_FACE ( 'NONE', ( #2376 ), #2749, .T. ) ;
#2915 = DIRECTION ( 'NONE',  ( 0.000000000000000000, 5.551115123125789802E-15, -1.000000000000000000 ) ) ;
#2916 = ORIENTED_EDGE ( 'NONE', *, *, #4884, .T. ) ;
#2917 = CARTESIAN_POINT ( 'NONE',  ( 88.26000000000001933, 11.74999999999999645, 0.000000000000000000 ) ) ;
#2918 = EDGE_CURVE ( 'NONE', #3195, #504, #4661, .T. ) ;
#2919 = CARTESIAN_POINT ( 'NONE',  ( 92.50000000000000000, 2.999999999999995559, -57.75000000000000000 ) ) ;
#2920 = CIRCLE ( 'NONE', #1790, 3.360000000000002096 ) ;
#2921 = CARTESIAN_POINT ( 'NONE',  ( 92.50000000000000000, 7.500000000000000000, 0.000000000000000000 ) ) ;
#2922 = ORIENTED_EDGE ( 'NONE', *, *, #4979, .T. ) ;
#2923 = FACE_OUTER_BOUND ( 'NONE', #3981, .T. ) ;
#2924 = EDGE_LOOP ( 'NONE', ( #2696, #3767, #510, #1480 ) ) ;
#2925 = CIRCLE ( 'NONE', #1963, 3.360000000000002096 ) ;
#2926 = CARTESIAN_POINT ( 'NONE',  ( 11.75000000000000178, 0.000000000000000000, -10.04000000000000270 ) ) ;
#2927 = DIRECTION ( 'NONE',  ( -0.000000000000000000, -1.000000000000000000, -0.000000000000000000 ) ) ;
#2928 = FACE_BOUND ( 'NONE', #1106, .T. ) ;
#2929 = AXIS2_PLACEMENT_3D ( 'NONE', #164, #1697, #1390 ) ;
#2930 = ORIENTED_EDGE ( 'NONE', *, *, #2298, .F. ) ;
#2931 = ORIENTED_EDGE ( 'NONE', *, *, #514, .F. ) ;
#2932 = VECTOR ( 'NONE', #2626, 1000.000000000000000 ) ;
#2933 = DIRECTION ( 'NONE',  ( -1.000000000000000000, -0.000000000000000000, -2.952720810173289112E-16 ) ) ;
#2934 = AXIS2_PLACEMENT_3D ( 'NONE', #3556, #2473, #4791 ) ;
#2935 = EDGE_CURVE ( 'NONE', #4734, #1297, #4358, .T. ) ;
#2936 = VERTEX_POINT ( 'NONE', #4286 ) ;
#2937 = DIRECTION ( 'NONE',  ( 0.000000000000000000, -1.000000000000000000, 0.000000000000000000 ) ) ;
#2938 = CARTESIAN_POINT ( 'NONE',  ( 92.50000000000000000, 17.50000000000000000, -5.250000000000018652 ) ) ;
#2939 = AXIS2_PLACEMENT_3D ( 'NONE', #3435, #4977, #3869 ) ;
#2940 = ORIENTED_EDGE ( 'NONE', *, *, #3033, .F. ) ;
#2941 = CARTESIAN_POINT ( 'NONE',  ( 6.500000000000000000, 17.50000000000000000, -54.74999999999997868 ) ) ;
#2942 = ADVANCED_FACE ( 'NONE', ( #836 ), #479, .T. ) ;
#2943 = VECTOR ( 'NONE', #2207, 1000.000000000000000 ) ;
#2944 = CARTESIAN_POINT ( 'NONE',  ( 92.50000000000000000, 7.500000000000000000, 0.000000000000000000 ) ) ;
#2945 = EDGE_CURVE ( 'NONE', #3408, #2074, #4386, .T. ) ;
#2946 = DIRECTION ( 'NONE',  ( -1.000000000000000000, 0.000000000000000000, 0.000000000000000000 ) ) ;
#2947 = VERTEX_POINT ( 'NONE', #4737 ) ;
#2948 = CARTESIAN_POINT ( 'NONE',  ( 7.500000000000003553, 24.50000000000000000, 0.000000000000000000 ) ) ;
#2949 = ORIENTED_EDGE ( 'NONE', *, *, #3332, .F. ) ;
#2950 = CARTESIAN_POINT ( 'NONE',  ( 0.000000000000000000, 0.000000000000000000, -52.50000000000000000 ) ) ;
#2951 = EDGE_CURVE ( 'NONE', #1215, #3557, #3957, .T. ) ;
#2952 = CARTESIAN_POINT ( 'NONE',  ( 92.50000000000000000, 24.50000000000009237, -5.249999999999979572 ) ) ;
#2953 = CYLINDRICAL_SURFACE ( 'NONE', #1398, 1.700000000000000178 ) ;
#2954 = ORIENTED_EDGE ( 'NONE', *, *, #2018, .T. ) ;
#2955 = ORIENTED_EDGE ( 'NONE', *, *, #1826, .F. ) ;
#2956 = PLANE ( 'NONE',  #4377 ) ;
#2957 = VECTOR ( 'NONE', #2198, 1000.000000000000000 ) ;
#2958 = ORIENTED_EDGE ( 'NONE', *, *, #2032, .F. ) ;
#2959 = CONICAL_SURFACE ( 'NONE', #2483, 3.360000000000002096, 0.7853981633974510546 ) ;
#2960 = EDGE_CURVE ( 'NONE', #1301, #3557, #937, .T. ) ;
#2961 = EDGE_CURVE ( 'NONE', #4449, #1190, #1076, .T. ) ;
#2962 = DIRECTION ( 'NONE',  ( 0.000000000000000000, 0.000000000000000000, 1.000000000000000000 ) ) ;
#2963 = PLANE ( 'NONE',  #623 ) ;
#2964 = DIRECTION ( 'NONE',  ( 1.000000000000000000, -0.000000000000000000, -0.000000000000000000 ) ) ;
#2965 = ORIENTED_EDGE ( 'NONE', *, *, #1464, .T. ) ;
#2966 = VERTEX_POINT ( 'NONE', #79 ) ;
#2967 = VECTOR ( 'NONE', #1150, 1000.000000000000000 ) ;
#2968 = CARTESIAN_POINT ( 'NONE',  ( 100.0000000000000000, 20.69999999999999929, -5.000000000000000888 ) ) ;
#2969 = CARTESIAN_POINT ( 'NONE',  ( 89.50000000000001421, 7.500000000000000000, -7.500000000000000000 ) ) ;
#2970 = VERTEX_POINT ( 'NONE', #1635 ) ;
#2971 = LINE ( 'NONE', #1438, #1728 ) ;
#2972 = ORIENTED_EDGE ( 'NONE', *, *, #2918, .F. ) ;
#2973 = FACE_OUTER_BOUND ( 'NONE', #1372, .T. ) ;
#2974 = EDGE_CURVE ( 'NONE', #3787, #990, #1611, .T. ) ;
#2975 = DIRECTION ( 'NONE',  ( 1.000000000000000000, -0.000000000000000000, 0.000000000000000000 ) ) ;
#2976 = DIRECTION ( 'NONE',  ( 0.000000000000000000, 0.000000000000000000, -1.000000000000000000 ) ) ;
#2977 = ORIENTED_EDGE ( 'NONE', *, *, #2212, .T. ) ;
#2978 = LINE ( 'NONE', #2624, #3416 ) ;
#2979 = VERTEX_POINT ( 'NONE', #1234 ) ;
#2980 = CARTESIAN_POINT ( 'NONE',  ( 94.75000000000000000, 2.999999999999995559, -53.50000000000000000 ) ) ;
#2981 = EDGE_CURVE ( 'NONE', #4035, #554, #2123, .T. ) ;
#2982 = CARTESIAN_POINT ( 'NONE',  ( 11.75000000000000178, 0.000000000000000000, -13.43999999999999950 ) ) ;
#2983 = ORIENTED_EDGE ( 'NONE', *, *, #225, .F. ) ;
#2984 = VECTOR ( 'NONE', #3154, 1000.000000000000000 ) ;
#2985 = PLANE ( 'NONE',  #732 ) ;
#2986 = DIRECTION ( 'NONE',  ( -1.000000000000000000, 0.000000000000000000, 0.000000000000000000 ) ) ;
#2987 = DIRECTION ( 'NONE',  ( 0.000000000000000000, -1.000000000000000000, 6.167905692361974645E-15 ) ) ;
#2988 = VERTEX_POINT ( 'NONE', #3553 ) ;
#2989 = DIRECTION ( 'NONE',  ( -1.000000000000000000, 0.000000000000000000, -2.952720810173289112E-16 ) ) ;
#2990 = DIRECTION ( 'NONE',  ( -0.000000000000000000, -1.000000000000000000, -0.000000000000000000 ) ) ;
#2991 = CARTESIAN_POINT ( 'NONE',  ( 11.75000000000000533, 11.75000000000000000, 1.734723475976807883E-15 ) ) ;
#2992 = EDGE_CURVE ( 'NONE', #2625, #4695, #2796, .T. ) ;
#2993 = EDGE_LOOP ( 'NONE', ( #4742, #2444, #3333, #2533 ) ) ;
#2994 = DIRECTION ( 'NONE',  ( -0.000000000000000000, 1.000000000000000000, 0.000000000000000000 ) ) ;
#2995 = ORIENTED_EDGE ( 'NONE', *, *, #2859, .T. ) ;
#2996 = VECTOR ( 'NONE', #1460, 1000.000000000000000 ) ;
#2997 = CARTESIAN_POINT ( 'NONE',  ( 93.50000000000000000, 17.49999999999997513, 8.049116928532384918E-14 ) ) ;
#2998 = DIRECTION ( 'NONE',  ( 0.000000000000000000, -0.000000000000000000, 1.000000000000000000 ) ) ;
#2999 = DIRECTION ( 'NONE',  ( 0.000000000000000000, -1.000000000000000000, 0.000000000000000000 ) ) ;
#3000 = ORIENTED_EDGE ( 'NONE', *, *, #4905, .F. ) ;
#3001 = FACE_OUTER_BOUND ( 'NONE', #802, .T. ) ;
#3002 = CIRCLE ( 'NONE', #260, 9.999999999999994671 ) ;
#3003 = ORIENTED_EDGE ( 'NONE', *, *, #1655, .F. ) ;
#3004 = DIRECTION ( 'NONE',  ( -1.000000000000000000, 0.000000000000000000, 0.000000000000000000 ) ) ;
#3005 = EDGE_CURVE ( 'NONE', #409, #4049, #2072, .T. ) ;
#3006 = CARTESIAN_POINT ( 'NONE',  ( 97.75000000000000000, 17.50000000000001421, -52.50000000000000000 ) ) ;
#3007 = ADVANCED_FACE ( 'NONE', ( #575 ), #3243, .F. ) ;
#3008 = ORIENTED_EDGE ( 'NONE', *, *, #1981, .T. ) ;
#3009 = VECTOR ( 'NONE', #4058, 1000.000000000000000 ) ;
#3010 = DIRECTION ( 'NONE',  ( 1.000000000000000000, 0.000000000000000000, 0.000000000000000000 ) ) ;
#3011 = LINE ( 'NONE', #335, #2729 ) ;
#3012 = ORIENTED_EDGE ( 'NONE', *, *, #4691, .F. ) ;
#3013 = DIRECTION ( 'NONE',  ( 0.000000000000000000, -0.000000000000000000, 1.000000000000000000 ) ) ;
#3014 = DIRECTION ( 'NONE',  ( 0.000000000000000000, 0.000000000000000000, -1.000000000000000000 ) ) ;
#3015 = LINE ( 'NONE', #673, #3321 ) ;
#3016 = ORIENTED_EDGE ( 'NONE', *, *, #3631, .F. ) ;
#3017 = CARTESIAN_POINT ( 'NONE',  ( 92.50000000000002842, 3.000000000000002665, -52.50000000000000000 ) ) ;
#3018 = ORIENTED_EDGE ( 'NONE', *, *, #1679, .F. ) ;
#3019 = AXIS2_PLACEMENT_3D ( 'NONE', #1096, #4646, #1922 ) ;
#3020 = EDGE_CURVE ( 'NONE', #255, #1648, #3680, .T. ) ;
#3021 = FACE_OUTER_BOUND ( 'NONE', #4324, .T. ) ;
#3022 = DIRECTION ( 'NONE',  ( 0.000000000000000000, 0.000000000000000000, 1.000000000000000000 ) ) ;
#3023 = CARTESIAN_POINT ( 'NONE',  ( 88.26000000000000512, 0.000000000000000000, -48.25000000000000000 ) ) ;
#3024 = EDGE_LOOP ( 'NONE', ( #870, #3882, #4585, #1067 ) ) ;
#3025 = LINE ( 'NONE', #3810, #4222 ) ;
#3026 = ORIENTED_EDGE ( 'NONE', *, *, #721, .T. ) ;
#3027 = CARTESIAN_POINT ( 'NONE',  ( 1.660000000000001696, 11.74000000000000021, -11.75000000000000178 ) ) ;
#3028 = DIRECTION ( 'NONE',  ( 0.000000000000000000, -1.000000000000000000, 0.000000000000000000 ) ) ;
#3029 = LINE ( 'NONE', #1501, #515 ) ;
#3030 = ADVANCED_FACE ( 'NONE', ( #4077 ), #1338, .F. ) ;
#3031 = ORIENTED_EDGE ( 'NONE', *, *, #4830, .T. ) ;
#3032 = DIRECTION ( 'NONE',  ( 1.000000000000000000, 0.000000000000000000, 0.000000000000000000 ) ) ;
#3033 = EDGE_CURVE ( 'NONE', #3483, #4542, #4034, .T. ) ;
#3034 = AXIS2_PLACEMENT_3D ( 'NONE', #4586, #4539, #1914 ) ;
#3035 = PLANE ( 'NONE',  #874 ) ;
#3036 = CARTESIAN_POINT ( 'NONE',  ( 0.000000000000000000, 24.50000000000000000, -60.00000000000000000 ) ) ;
#3037 = VERTEX_POINT ( 'NONE', #3349 ) ;
#3038 = CARTESIAN_POINT ( 'NONE',  ( 6.500000000000000888, 2.999999999999995559, -57.74999999999997868 ) ) ;
#3039 = VECTOR ( 'NONE', #2723, 1000.000000000000114 ) ;
#3040 = EDGE_CURVE ( 'NONE', #1301, #2011, #2097, .T. ) ;
#3041 = CARTESIAN_POINT ( 'NONE',  ( 11.75000000000000711, 0.000000000000000000, -46.55000000000000426 ) ) ;
#3042 = CARTESIAN_POINT ( 'NONE',  ( 94.75000000000000000, 17.50000000000001776, -52.50000000000000000 ) ) ;
#3043 = ORIENTED_EDGE ( 'NONE', *, *, #176, .T. ) ;
#3044 = PRODUCT_CONTEXT ( 'NONE', #2158, 'mechanical' ) ;
#3045 = AXIS2_PLACEMENT_3D ( 'NONE', #1603, #389, #3569 ) ;
#3046 = ORIENTED_EDGE ( 'NONE', *, *, #3962, .T. ) ;
#3047 = AXIS2_PLACEMENT_3D ( 'NONE', #439, #489, #898 ) ;
#3048 = DIRECTION ( 'NONE',  ( 1.000000000000000000, -0.000000000000000000, 0.000000000000000000 ) ) ;
#3049 = CARTESIAN_POINT ( 'NONE',  ( 88.26000000000000512, 3.000000000000000000, -10.04000000000000981 ) ) ;
#3050 = DIRECTION ( 'NONE',  ( 0.000000000000000000, 0.000000000000000000, -1.000000000000000000 ) ) ;
#3051 = VERTEX_POINT ( 'NONE', #987 ) ;
#3052 = DIRECTION ( 'NONE',  ( -0.000000000000000000, -0.000000000000000000, -1.000000000000000000 ) ) ;
#3053 = ORIENTED_EDGE ( 'NONE', *, *, #142, .T. ) ;
#3054 = EDGE_CURVE ( 'NONE', #809, #4557, #2496, .T. ) ;
#3055 = CARTESIAN_POINT ( 'NONE',  ( 5.250000000000007105, 2.999999999999995559, -6.500000000000000000 ) ) ;
#3056 = PLANE ( 'NONE',  #358 ) ;
#3057 = DIRECTION ( 'NONE',  ( -1.000000000000000000, 0.000000000000000000, -0.000000000000000000 ) ) ;
#3058 = ORIENTED_EDGE ( 'NONE', *, *, #2428, .T. ) ;
#3059 = EDGE_CURVE ( 'NONE', #4599, #2060, #2541, .T. ) ;
#3060 = CYLINDRICAL_SURFACE ( 'NONE', #2580, 1.699999999999993072 ) ;
#3061 = VERTEX_POINT ( 'NONE', #2969 ) ;
#3062 = CARTESIAN_POINT ( 'NONE',  ( 11.75000000000000178, 0.000000000000000000, -15.10000000000000142 ) ) ;
#3063 = ORIENTED_EDGE ( 'NONE', *, *, #3084, .T. ) ;
#3064 = CARTESIAN_POINT ( 'NONE',  ( 2.250000000000005773, 11.74000000000000021, -11.75000000000000178 ) ) ;
#3065 = EDGE_CURVE ( 'NONE', #3648, #1717, #246, .T. ) ;
#3066 = CARTESIAN_POINT ( 'NONE',  ( 88.26000000000000512, 1.659999999999999476, -11.74000000000000199 ) ) ;
#3067 = LINE ( 'NONE', #4603, #2680 ) ;
#3068 = ADVANCED_FACE ( 'NONE', ( #2470 ), #224, .F. ) ;
#3069 = ORIENTED_EDGE ( 'NONE', *, *, #4608, .T. ) ;
#3070 = DIRECTION ( 'NONE',  ( 1.000000000000000000, 0.000000000000000000, -2.392722035830078972E-16 ) ) ;
#3071 = ORIENTED_EDGE ( 'NONE', *, *, #3100, .F. ) ;
#3072 = CARTESIAN_POINT ( 'NONE',  ( 88.26000000000000512, 0.000000000000000000, -48.25000000000000000 ) ) ;
#3073 = CARTESIAN_POINT ( 'NONE',  ( 10.05000000000001670, 11.75000000000000000, -60.00000000000000000 ) ) ;
#3074 = CARTESIAN_POINT ( 'NONE',  ( 2.250000000000000000, 7.500000000000013323, -52.50000000000000711 ) ) ;
#3075 = VERTEX_POINT ( 'NONE', #3725 ) ;
#3076 = CARTESIAN_POINT ( 'NONE',  ( 92.50000000000000000, 7.500000000000000000, -52.50000000000000000 ) ) ;
#3077 = ORIENTED_EDGE ( 'NONE', *, *, #3642, .T. ) ;
#3078 = DIRECTION ( 'NONE',  ( -0.000000000000000000, -1.000000000000000000, -0.000000000000000000 ) ) ;
#3079 = AXIS2_PLACEMENT_3D ( 'NONE', #2392, #1683, #2715 ) ;
#3080 = LINE ( 'NONE', #3893, #4315 ) ;
#3081 = CARTESIAN_POINT ( 'NONE',  ( 10.50000000000000000, 17.50000000000001776, -54.74999999999997868 ) ) ;
#3082 = AXIS2_PLACEMENT_3D ( 'NONE', #3479, #2274, #301 ) ;
#3083 = ORIENTED_EDGE ( 'NONE', *, *, #4154, .F. ) ;
#3084 = EDGE_CURVE ( 'NONE', #1732, #1863, #2920, .T. ) ;
#3085 = CONICAL_SURFACE ( 'NONE', #842, 3.360000000000002096, 0.7853981633974503884 ) ;
#3086 = DIRECTION ( 'NONE',  ( 1.000000000000000000, 0.000000000000000000, 0.000000000000000000 ) ) ;
#3087 = VECTOR ( 'NONE', #461, 1000.000000000000000 ) ;
#3088 = LINE ( 'NONE', #1179, #669 ) ;
#3089 = DIRECTION ( 'NONE',  ( 1.000000000000000000, -0.000000000000000000, -0.000000000000000000 ) ) ;
#3090 = DIRECTION ( 'NONE',  ( -0.000000000000000000, 1.000000000000000000, -0.000000000000000000 ) ) ;
#3091 = VECTOR ( 'NONE', #4114, 1000.000000000000000 ) ;
#3092 = EDGE_CURVE ( 'NONE', #3061, #959, #1363, .T. ) ;
#3093 = ORIENTED_EDGE ( 'NONE', *, *, #3375, .T. ) ;
#3094 = LINE ( 'NONE', #1939, #596 ) ;
#3095 = EDGE_LOOP ( 'NONE', ( #2484, #4024, #3683, #1621 ) ) ;
#3096 = EDGE_CURVE ( 'NONE', #98, #217, #599, .T. ) ;
#3097 = CARTESIAN_POINT ( 'NONE',  ( 0.000000000000000000, 17.50000000000001776, -52.50000000000000000 ) ) ;
#3098 = CARTESIAN_POINT ( 'NONE',  ( 11.75000000000000711, 3.000000000000000000, -46.55000000000000426 ) ) ;
#3099 = LINE ( 'NONE', #1091, #4732 ) ;
#3100 = EDGE_CURVE ( 'NONE', #33, #1292, #4411, .T. ) ;
#3101 = ORIENTED_EDGE ( 'NONE', *, *, #1276, .T. ) ;
#3102 = CARTESIAN_POINT ( 'NONE',  ( 11.75000000000000178, 0.000000000000000000, -8.380000000000000782 ) ) ;
#3103 = CIRCLE ( 'NONE', #2939, 1.699999999999987965 ) ;
#3104 = ORIENTED_EDGE ( 'NONE', *, *, #1777, .F. ) ;
#3105 = FACE_OUTER_BOUND ( 'NONE', #2499, .T. ) ;
#3106 = EDGE_CURVE ( 'NONE', #2966, #3787, #204, .T. ) ;
#3107 = DIRECTION ( 'NONE',  ( 0.000000000000000000, 0.000000000000000000, -1.000000000000000000 ) ) ;
#3108 = CARTESIAN_POINT ( 'NONE',  ( 92.50000000000000000, 24.50000000000006395, -54.75000000000002132 ) ) ;
#3109 = VERTEX_POINT ( 'NONE', #1786 ) ;
#3110 = FACE_BOUND ( 'NONE', #3736, .T. ) ;
#3111 = DIRECTION ( 'NONE',  ( 0.000000000000000000, 0.000000000000000000, 1.000000000000000000 ) ) ;
#3112 = DIRECTION ( 'NONE',  ( 1.000000000000000000, -0.000000000000000000, -0.000000000000000000 ) ) ;
#3113 = ADVANCED_FACE ( 'NONE', ( #3275, #3322, #1739 ), #1763, .F. ) ;
#3114 = VECTOR ( 'NONE', #2820, 1000.000000000000000 ) ;
#3115 = DIRECTION ( 'NONE',  ( 1.000000000000000000, -0.000000000000000000, -0.000000000000000000 ) ) ;
#3116 = CARTESIAN_POINT ( 'NONE',  ( 89.50000000000001421, 17.50000000000001421, -7.500000000000000000 ) ) ;
#3117 = ORIENTED_EDGE ( 'NONE', *, *, #1743, .T. ) ;
#3118 = DIRECTION ( 'NONE',  ( 1.000000000000000000, 0.000000000000000000, 0.000000000000000000 ) ) ;
#3119 = ORIENTED_EDGE ( 'NONE', *, *, #3939, .T. ) ;
#3120 = CONICAL_SURFACE ( 'NONE', #2720, 3.360000000000000320, 0.7853981633974482790 ) ;
#3121 = PLANE ( 'NONE',  #2794 ) ;
#3122 = CARTESIAN_POINT ( 'NONE',  ( 92.50000000000000000, 3.000000000000000000, -52.50000000000000000 ) ) ;
#3123 = CARTESIAN_POINT ( 'NONE',  ( 7.500000000000000888, 24.50000000000002842, -54.75000000000002132 ) ) ;
#3124 = EDGE_LOOP ( 'NONE', ( #2070, #4648, #2082, #916 ) ) ;
#3125 = DIRECTION ( 'NONE',  ( 0.000000000000000000, 0.5869675714609300377, 0.8096104433943882572 ) ) ;
#3126 = ORIENTED_EDGE ( 'NONE', *, *, #1826, .T. ) ;
#3127 = CONICAL_SURFACE ( 'NONE', #3619, 3.360000000000000320, 0.7853981633974503884 ) ;
#3128 = EDGE_CURVE ( 'NONE', #4760, #4903, #419, .T. ) ;
#3129 = CARTESIAN_POINT ( 'NONE',  ( 89.50000000000001421, 17.50000000000001421, -53.62500000000000000 ) ) ;
#3130 = CARTESIAN_POINT ( 'NONE',  ( 0.000000000000000000, 24.50000000000000000, 0.000000000000000000 ) ) ;
#3131 = FACE_OUTER_BOUND ( 'NONE', #4242, .T. ) ;
#3132 = ORIENTED_EDGE ( 'NONE', *, *, #238, .F. ) ;
#3133 = EDGE_CURVE ( 'NONE', #2040, #2600, #1862, .T. ) ;
#3134 = CARTESIAN_POINT ( 'NONE',  ( 100.0000000000000000, 0.000000000000000000, -56.99999999999999289 ) ) ;
#3135 = CIRCLE ( 'NONE', #4186, 1.699999999999987965 ) ;
#3136 = CARTESIAN_POINT ( 'NONE',  ( 100.0000000000000000, 11.74000000000000021, -48.26000000000000512 ) ) ;
#3137 = ORIENTED_EDGE ( 'NONE', *, *, #2782, .T. ) ;
#3138 = CARTESIAN_POINT ( 'NONE',  ( 0.000000000000000000, 24.50000000000000000, -5.000000000000000000 ) ) ;
#3139 = CARTESIAN_POINT ( 'NONE',  ( 2.250000000000000444, 17.50000000000000711, -53.50000000000000000 ) ) ;
#3140 = CARTESIAN_POINT ( 'NONE',  ( 0.000000000000000000, 13.84678410487506994, -10.03891847603440013 ) ) ;
#3141 = AXIS2_PLACEMENT_3D ( 'NONE', #4833, #4857, #4505 ) ;
#3142 = DIRECTION ( 'NONE',  ( -0.000000000000000000, -0.000000000000000000, -1.000000000000000000 ) ) ;
#3143 = EDGE_LOOP ( 'NONE', ( #1342, #3871, #1787, #3285 ) ) ;
#3144 = CARTESIAN_POINT ( 'NONE',  ( 88.26000000000001933, 11.74999999999999645, -57.75000000000000000 ) ) ;
#3145 = ORIENTED_EDGE ( 'NONE', *, *, #3489, .F. ) ;
#3146 = AXIS2_PLACEMENT_3D ( 'NONE', #3991, #1318, #3510 ) ;
#3147 = DIRECTION ( 'NONE',  ( 0.000000000000000000, -1.000000000000000000, -0.000000000000000000 ) ) ;
#3148 = EDGE_CURVE ( 'NONE', #601, #807, #23, .T. ) ;
#3149 = CARTESIAN_POINT ( 'NONE',  ( 88.26000000000000512, 0.000000000000000000, -51.61000000000000654 ) ) ;
#3150 = DIRECTION ( 'NONE',  ( 1.000000000000000000, 0.000000000000000000, 0.000000000000000000 ) ) ;
#3151 = ORIENTED_EDGE ( 'NONE', *, *, #3477, .F. ) ;
#3152 = CARTESIAN_POINT ( 'NONE',  ( 0.000000000000000000, 24.50000000000000000, 0.000000000000000000 ) ) ;
#3153 = ORIENTED_EDGE ( 'NONE', *, *, #4425, .F. ) ;
#3154 = DIRECTION ( 'NONE',  ( -1.000000000000000000, 0.000000000000000000, 0.000000000000000000 ) ) ;
#3155 = DIRECTION ( 'NONE',  ( 0.000000000000000000, 0.000000000000000000, -1.000000000000000000 ) ) ;
#3156 = CARTESIAN_POINT ( 'NONE',  ( 2.250000000000007105, 2.999999999999995559, -2.906584547514340267E-16 ) ) ;
#3157 = VERTEX_POINT ( 'NONE', #3042 ) ;
#3158 = ORIENTED_EDGE ( 'NONE', *, *, #3793, .T. ) ;
#3159 = EDGE_CURVE ( 'NONE', #2988, #1685, #3485, .T. ) ;
#3160 = FACE_OUTER_BOUND ( 'NONE', #4192, .T. ) ;
#3161 = DIRECTION ( 'NONE',  ( 0.000000000000000000, 0.000000000000000000, 1.000000000000000000 ) ) ;
#3162 = CIRCLE ( 'NONE', #1393, 1.699999999999993072 ) ;
#3163 = EDGE_CURVE ( 'NONE', #709, #3634, #21, .T. ) ;
#3164 = CARTESIAN_POINT ( 'NONE',  ( 92.50000000000000000, 17.50000000000000000, -5.249999999999999112 ) ) ;
#3165 = CARTESIAN_POINT ( 'NONE',  ( 0.000000000000000000, 18.94999999999998863, -56.99999999999999289 ) ) ;
#3166 = CIRCLE ( 'NONE', #3977, 1.700000000000000178 ) ;
#3167 = CARTESIAN_POINT ( 'NONE',  ( 97.74999999999998579, 11.74000000000000021, -13.44999999999999929 ) ) ;
#3168 = CARTESIAN_POINT ( 'NONE',  ( 11.75000000000000178, 3.000000000000000000, -11.74000000000000021 ) ) ;
#3169 = CONICAL_SURFACE ( 'NONE', #3571, 3.360000000000002096, 0.7853981633974510546 ) ;
#3170 = ORIENTED_EDGE ( 'NONE', *, *, #4905, .T. ) ;
#3171 = ORIENTED_EDGE ( 'NONE', *, *, #1368, .F. ) ;
#3172 = VECTOR ( 'NONE', #181, 1000.000000000000000 ) ;
#3173 = CARTESIAN_POINT ( 'NONE',  ( 92.50000000000000000, 24.50000000000006395, -54.75000000000002132 ) ) ;
#3174 = DIRECTION ( 'NONE',  ( 1.000000000000000000, -0.000000000000000000, -0.000000000000000000 ) ) ;
#3175 = CARTESIAN_POINT ( 'NONE',  ( 0.000000000000000000, 17.50000000000000000, -5.249999999999999112 ) ) ;
#3176 = VERTEX_POINT ( 'NONE', #4583 ) ;
#3177 = LINE ( 'NONE', #206, #3172 ) ;
#3178 = EDGE_LOOP ( 'NONE', ( #534, #2393, #4635, #2778, #3859, #883 ) ) ;
#3179 = ADVANCED_FACE ( 'NONE', ( #1535 ), #1885, .F. ) ;
#3180 = DIRECTION ( 'NONE',  ( -0.000000000000000000, -0.000000000000000000, 1.000000000000000000 ) ) ;
#3181 = DIRECTION ( 'NONE',  ( 1.000000000000000000, 8.673617379884033500E-16, 0.000000000000000000 ) ) ;
#3182 = SURFACE_STYLE_USAGE ( .BOTH. , #2780 ) ;
#3183 = CIRCLE ( 'NONE', #1898, 10.00000000000000888 ) ;
#3184 = ORIENTED_EDGE ( 'NONE', *, *, #4357, .F. ) ;
#3185 = VERTEX_POINT ( 'NONE', #4964 ) ;
#3186 = LINE ( 'NONE', #3134, #3861 ) ;
#3187 = VECTOR ( 'NONE', #3257, 1000.000000000000000 ) ;
#3188 = EDGE_CURVE ( 'NONE', #1470, #2936, #2589, .T. ) ;
#3189 = ORIENTED_EDGE ( 'NONE', *, *, #4031, .T. ) ;
#3190 = DIRECTION ( 'NONE',  ( -0.000000000000000000, 0.000000000000000000, 1.000000000000000000 ) ) ;
#3191 = CARTESIAN_POINT ( 'NONE',  ( 7.500000000000007105, 3.000000000000000000, -8.673617379884043361E-16 ) ) ;
#3192 = EDGE_CURVE ( 'NONE', #2751, #375, #4992, .T. ) ;
#3193 = LINE ( 'NONE', #805, #3593 ) ;
#3194 = LINE ( 'NONE', #2769, #4850 ) ;
#3195 = VERTEX_POINT ( 'NONE', #4130 ) ;
#3196 = ORIENTED_EDGE ( 'NONE', *, *, #1859, .F. ) ;
#3197 = EDGE_CURVE ( 'NONE', #2358, #390, #394, .T. ) ;
#3198 = VECTOR ( 'NONE', #2469, 1000.000000000000000 ) ;
#3199 = DIRECTION ( 'NONE',  ( 0.000000000000000000, -0.000000000000000000, 1.000000000000000000 ) ) ;
#3200 = DIRECTION ( 'NONE',  ( -1.156482317317871478E-16, 0.000000000000000000, -1.000000000000000000 ) ) ;
#3201 = CARTESIAN_POINT ( 'NONE',  ( 7.500000000000000888, 22.25000000000003553, -51.37499999999987921 ) ) ;
#3202 = VECTOR ( 'NONE', #4461, 1000.000000000000000 ) ;
#3203 = ORIENTED_EDGE ( 'NONE', *, *, #1952, .F. ) ;
#3204 = CYLINDRICAL_SURFACE ( 'NONE', #3254, 1.699999999999993072 ) ;
#3205 = ORIENTED_EDGE ( 'NONE', *, *, #155, .T. ) ;
#3206 = CARTESIAN_POINT ( 'NONE',  ( 11.75000000000000711, 1.659999999999999476, -46.55000000000000426 ) ) ;
#3207 = FACE_BOUND ( 'NONE', #901, .T. ) ;
#3208 = EDGE_LOOP ( 'NONE', ( #2335, #2353, #4354, #772, #2481, #3357, #3209, #690 ) ) ;
#3209 = ORIENTED_EDGE ( 'NONE', *, *, #1124, .T. ) ;
#3210 = LINE ( 'NONE', #3898, #3213 ) ;
#3211 = VECTOR ( 'NONE', #3295, 1000.000000000000000 ) ;
#3212 = ORIENTED_EDGE ( 'NONE', *, *, #4416, .F. ) ;
#3213 = VECTOR ( 'NONE', #4775, 1000.000000000000000 ) ;
#3214 = EDGE_CURVE ( 'NONE', #397, #420, #3015, .T. ) ;
#3215 = ORIENTED_EDGE ( 'NONE', *, *, #1392, .F. ) ;
#3216 = LINE ( 'NONE', #2415, #3780 ) ;
#3217 = DIRECTION ( 'NONE',  ( 0.000000000000000000, 0.000000000000000000, -1.000000000000000000 ) ) ;
#3218 = FACE_OUTER_BOUND ( 'NONE', #219, .T. ) ;
#3219 = ORIENTED_EDGE ( 'NONE', *, *, #1692, .F. ) ;
#3220 = EDGE_LOOP ( 'NONE', ( #3018, #3291, #4888, #3590 ) ) ;
#3221 = EDGE_CURVE ( 'NONE', #4093, #2751, #1838, .T. ) ;
#3222 = CARTESIAN_POINT ( 'NONE',  ( 100.0000000000000000, 20.69999999999999929, -54.99999999999999289 ) ) ;
#3223 = EDGE_CURVE ( 'NONE', #3051, #4559, #3067, .T. ) ;
#3224 = CARTESIAN_POINT ( 'NONE',  ( 10.50000000000000000, 22.25000000000003553, -53.62499999999987921 ) ) ;
#3225 = DIRECTION ( 'NONE',  ( -1.000000000000000000, 0.000000000000000000, 0.000000000000000000 ) ) ;
#3226 = ORIENTED_EDGE ( 'NONE', *, *, #2736, .F. ) ;
#3227 = DIRECTION ( 'NONE',  ( 0.000000000000000000, 0.000000000000000000, -1.000000000000000000 ) ) ;
#3228 = ORIENTED_EDGE ( 'NONE', *, *, #134, .T. ) ;
#3229 = AXIS2_PLACEMENT_3D ( 'NONE', #311, #3794, #1099 ) ;
#3230 = CARTESIAN_POINT ( 'NONE',  ( 11.75000000000000711, 0.000000000000000000, -51.61000000000000654 ) ) ;
#3231 = FACE_OUTER_BOUND ( 'NONE', #3617, .T. ) ;
#3232 = ORIENTED_EDGE ( 'NONE', *, *, #3332, .T. ) ;
#3233 = EDGE_LOOP ( 'NONE', ( #2848, #1079, #816, #1827 ) ) ;
#3234 = DIRECTION ( 'NONE',  ( 1.000000000000000000, -0.000000000000000000, -0.000000000000000000 ) ) ;
#3235 = VERTEX_POINT ( 'NONE', #4911 ) ;
#3236 = EDGE_LOOP ( 'NONE', ( #4252, #1247, #2906, #3498, #343, #1284 ) ) ;
#3237 = DIRECTION ( 'NONE',  ( 0.000000000000000000, 0.000000000000000000, -1.000000000000000000 ) ) ;
#3238 = DIRECTION ( 'NONE',  ( 1.000000000000000000, 0.000000000000000000, -2.392722035830078972E-16 ) ) ;
#3239 = EDGE_CURVE ( 'NONE', #2656, #3710, #4556, .T. ) ;
#3240 = AXIS2_PLACEMENT_3D ( 'NONE', #179, #4103, #2192 ) ;
#3241 = CARTESIAN_POINT ( 'NONE',  ( 17.50000000000000000, 0.000000000000000000, -52.50000000000000000 ) ) ;
#3242 = DIRECTION ( 'NONE',  ( 0.000000000000000000, -1.000000000000000000, 0.000000000000000000 ) ) ;
#3243 = CONICAL_SURFACE ( 'NONE', #2282, 3.360000000000002096, 0.7853981633974483900 ) ;
#3244 = ORIENTED_EDGE ( 'NONE', *, *, #2981, .F. ) ;
#3245 = ORIENTED_EDGE ( 'NONE', *, *, #1774, .T. ) ;
#3246 = AXIS2_PLACEMENT_3D ( 'NONE', #826, #3923, #1604 ) ;
#3247 = FACE_OUTER_BOUND ( 'NONE', #3024, .T. ) ;
#3248 = EDGE_CURVE ( 'NONE', #1323, #3952, #4181, .T. ) ;
#3249 = CONICAL_SURFACE ( 'NONE', #4218, 3.360000000000002096, 0.7853981633974437271 ) ;
#3250 = DIRECTION ( 'NONE',  ( -0.000000000000000000, -1.000000000000000000, -0.000000000000000000 ) ) ;
#3251 = EDGE_LOOP ( 'NONE', ( #3674, #4946, #2120, #2133 ) ) ;
#3252 = CARTESIAN_POINT ( 'NONE',  ( 7.500000000000008882, 1.040834085586085637E-15, 0.000000000000000000 ) ) ;
#3253 = ORIENTED_EDGE ( 'NONE', *, *, #791, .F. ) ;
#3254 = AXIS2_PLACEMENT_3D ( 'NONE', #2121, #2899, #3227 ) ;
#3255 = FACE_OUTER_BOUND ( 'NONE', #2880, .T. ) ;
#3256 = EDGE_CURVE ( 'NONE', #3331, #709, #341, .T. ) ;
#3257 = DIRECTION ( 'NONE',  ( -0.000000000000000000, 0.000000000000000000, 1.000000000000000000 ) ) ;
#3258 = DIRECTION ( 'NONE',  ( -2.891205793294675861E-16, 5.551115123125794535E-15, 1.000000000000000000 ) ) ;
#3259 = EDGE_LOOP ( 'NONE', ( #2575, #1201, #2229, #2427, #2561, #336 ) ) ;
#3260 = VECTOR ( 'NONE', #449, 1000.000000000000000 ) ;
#3261 = VERTEX_POINT ( 'NONE', #778 ) ;
#3262 = FACE_OUTER_BOUND ( 'NONE', #3809, .T. ) ;
#3263 = EDGE_CURVE ( 'NONE', #1029, #4597, #317, .T. ) ;
#3264 = ORIENTED_EDGE ( 'NONE', *, *, #2519, .F. ) ;
#3265 = CARTESIAN_POINT ( 'NONE',  ( 88.26000000000000512, 0.000000000000000000, -48.25000000000000000 ) ) ;
#3266 = AXIS2_PLACEMENT_3D ( 'NONE', #1042, #2571, #4110 ) ;
#3267 = CARTESIAN_POINT ( 'NONE',  ( 97.75000000000000000, 11.74000000000000021, -48.26000000000000512 ) ) ;
#3268 = DIRECTION ( 'NONE',  ( -0.000000000000000000, -1.000000000000000000, -0.000000000000000000 ) ) ;
#3269 = ORIENTED_EDGE ( 'NONE', *, *, #1349, .T. ) ;
#3270 = CARTESIAN_POINT ( 'NONE',  ( 100.0000000000000000, 17.49999999999997513, 9.714451465470117204E-14 ) ) ;
#3271 = EDGE_CURVE ( 'NONE', #4395, #2074, #4604, .T. ) ;
#3272 = ORIENTED_EDGE ( 'NONE', *, *, #4119, .T. ) ;
#3273 = DIRECTION ( 'NONE',  ( 2.891205793294678819E-16, 0.000000000000000000, 1.000000000000000000 ) ) ;
#3274 = CARTESIAN_POINT ( 'NONE',  ( 10.50000000000000000, 17.50000000000001421, -5.250000000000018652 ) ) ;
#3275 = FACE_BOUND ( 'NONE', #2283, .T. ) ;
#3276 = EDGE_CURVE ( 'NONE', #1470, #1925, #3800, .T. ) ;
#3277 = ORIENTED_EDGE ( 'NONE', *, *, #4026, .T. ) ;
#3278 = PLANE ( 'NONE',  #2294 ) ;
#3279 = VERTEX_POINT ( 'NONE', #3827 ) ;
#3280 = FACE_OUTER_BOUND ( 'NONE', #612, .T. ) ;
#3281 = VECTOR ( 'NONE', #2101, 1000.000000000000000 ) ;
#3282 = CARTESIAN_POINT ( 'NONE',  ( 82.50000000000000000, 0.000000000000000000, -52.50000000000000000 ) ) ;
#3283 = CARTESIAN_POINT ( 'NONE',  ( 11.75000000000000533, 11.75000000000000000, -2.249999999999999556 ) ) ;
#3284 = ORIENTED_EDGE ( 'NONE', *, *, #2823, .T. ) ;
#3285 = ORIENTED_EDGE ( 'NONE', *, *, #4333, .T. ) ;
#3286 = VECTOR ( 'NONE', #2700, 1000.000000000000000 ) ;
#3287 = DIRECTION ( 'NONE',  ( 0.000000000000000000, -1.000000000000000000, 0.000000000000000000 ) ) ;
#3288 = ADVANCED_FACE ( 'NONE', ( #1510, #1132, #366 ), #1908, .T. ) ;
#3289 = ORIENTED_EDGE ( 'NONE', *, *, #2056, .T. ) ;
#3290 = EDGE_CURVE ( 'NONE', #745, #3061, #47, .T. ) ;
#3291 = ORIENTED_EDGE ( 'NONE', *, *, #2135, .T. ) ;
#3292 = CONICAL_SURFACE ( 'NONE', #2250, 3.360000000000002096, 0.7853981633974441712 ) ;
#3293 = AXIS2_PLACEMENT_3D ( 'NONE', #3976, #854, #2390 ) ;
#3294 = CARTESIAN_POINT ( 'NONE',  ( 0.000000000000000000, 0.000000000000000000, -3.000000000000000888 ) ) ;
#3295 = DIRECTION ( 'NONE',  ( 1.000000000000000000, 0.000000000000000000, 0.000000000000000000 ) ) ;
#3296 = VERTEX_POINT ( 'NONE', #806 ) ;
#3297 = FACE_OUTER_BOUND ( 'NONE', #3676, .T. ) ;
#3298 = DIRECTION ( 'NONE',  ( 0.000000000000000000, 0.000000000000000000, -1.000000000000000000 ) ) ;
#3299 = DIRECTION ( 'NONE',  ( -1.000000000000000000, 0.000000000000000000, -0.000000000000000000 ) ) ;
#3300 = ORIENTED_EDGE ( 'NONE', *, *, #3159, .T. ) ;
#3301 = CARTESIAN_POINT ( 'NONE',  ( 1.121588454295349287E-17, 24.50000000000000000, -2.249999999999999556 ) ) ;
#3302 = ORIENTED_EDGE ( 'NONE', *, *, #4550, .T. ) ;
#3303 = EDGE_CURVE ( 'NONE', #3296, #255, #1582, .T. ) ;
#3304 = CARTESIAN_POINT ( 'NONE',  ( 6.500000000000000888, 24.50000000000000000, -57.74999999999997868 ) ) ;
#3305 = CYLINDRICAL_SURFACE ( 'NONE', #3508, 1.699999999999998401 ) ;
#3306 = DIRECTION ( 'NONE',  ( 0.000000000000000000, 1.000000000000000000, -0.000000000000000000 ) ) ;
#3307 = VERTEX_POINT ( 'NONE', #1987 ) ;
#3308 = ORIENTED_EDGE ( 'NONE', *, *, #3565, .F. ) ;
#3309 = DIRECTION ( 'NONE',  ( 0.000000000000000000, -1.000000000000000000, 0.000000000000000000 ) ) ;
#3310 = EDGE_CURVE ( 'NONE', #2153, #3185, #1877, .T. ) ;
#3311 = ORIENTED_EDGE ( 'NONE', *, *, #2059, .F. ) ;
#3312 = EDGE_CURVE ( 'NONE', #3037, #4465, #584, .T. ) ;
#3313 = DIRECTION ( 'NONE',  ( 0.000000000000000000, 0.000000000000000000, -1.000000000000000000 ) ) ;
#3314 = CARTESIAN_POINT ( 'NONE',  ( 5.250000000000000888, 2.999999999999995559, -53.50000000000000000 ) ) ;
#3315 = CARTESIAN_POINT ( 'NONE',  ( 100.0000000000000000, 11.74000000000000021, -11.75000000000000178 ) ) ;
#3316 = EDGE_LOOP ( 'NONE', ( #4045, #3930 ) ) ;
#3317 = VECTOR ( 'NONE', #1937, 1000.000000000000000 ) ;
#3318 = CARTESIAN_POINT ( 'NONE',  ( 92.50000000000000000, 24.50000000000000000, 0.000000000000000000 ) ) ;
#3319 = ADVANCED_FACE ( 'NONE', ( #3979 ), #1148, .F. ) ;
#3320 = CARTESIAN_POINT ( 'NONE',  ( 0.000000000000000000, 17.50000000000000000, -54.99999999999999289 ) ) ;
#3321 = VECTOR ( 'NONE', #3752, 1000.000000000000000 ) ;
#3322 = FACE_BOUND ( 'NONE', #552, .T. ) ;
#3323 = VERTEX_POINT ( 'NONE', #879 ) ;
#3324 = LINE ( 'NONE', #2591, #2852 ) ;
#3325 = ORIENTED_EDGE ( 'NONE', *, *, #3535, .T. ) ;
#3326 = CARTESIAN_POINT ( 'NONE',  ( 100.0000000000000000, 11.74000000000000021, -13.44999999999999929 ) ) ;
#3327 = UNCERTAINTY_MEASURE_WITH_UNIT (LENGTH_MEASURE( 1.000000000000000082E-05 ), #1268, 'distance_accuracy_value', 'NONE');
#3328 = CARTESIAN_POINT ( 'NONE',  ( 11.75000000000000178, 1.659999999999999476, -11.74000000000000021 ) ) ;
#3329 = DIRECTION ( 'NONE',  ( -4.984837574645997858E-18, 0.000000000000000000, 1.000000000000000000 ) ) ;
#3330 = VECTOR ( 'NONE', #4140, 1000.000000000000000 ) ;
#3331 = VERTEX_POINT ( 'NONE', #4353 ) ;
#3332 = EDGE_CURVE ( 'NONE', #3698, #1328, #4329, .T. ) ;
#3333 = ORIENTED_EDGE ( 'NONE', *, *, #3463, .T. ) ;
#3334 = VECTOR ( 'NONE', #2202, 1000.000000000000000 ) ;
#3335 = CARTESIAN_POINT ( 'NONE',  ( 94.75000000000000000, 17.50000000000030553, -8.049116928532574245E-14 ) ) ;
#3336 = CIRCLE ( 'NONE', #2457, 3.360000000000002096 ) ;
#3337 = VERTEX_POINT ( 'NONE', #4281 ) ;
#3338 = ADVANCED_FACE ( 'NONE', ( #2368 ), #123, .F. ) ;
#3339 = DIRECTION ( 'NONE',  ( 0.000000000000000000, 0.000000000000000000, -1.000000000000000000 ) ) ;
#3340 = ORIENTED_EDGE ( 'NONE', *, *, #2155, .T. ) ;
#3341 = CARTESIAN_POINT ( 'NONE',  ( 100.0000000000000000, 11.74000000000000021, -46.56000000000000227 ) ) ;
#3342 = VECTOR ( 'NONE', #2150, 1000.000000000000000 ) ;
#3343 = ORIENTED_EDGE ( 'NONE', *, *, #1719, .F. ) ;
#3344 = ORIENTED_EDGE ( 'NONE', *, *, #1743, .F. ) ;
#3345 = EDGE_CURVE ( 'NONE', #422, #1666, #3881, .T. ) ;
#3346 = EDGE_CURVE ( 'NONE', #2536, #4659, #1281, .T. ) ;
#3347 = VECTOR ( 'NONE', #2065, 1000.000000000000000 ) ;
#3348 = CARTESIAN_POINT ( 'NONE',  ( 6.500000000000000000, 2.999999999999996891, -5.000000000000004441 ) ) ;
#3349 = CARTESIAN_POINT ( 'NONE',  ( 91.62000000000001876, 11.74999999999999645, -60.00000000000000000 ) ) ;
#3350 = EDGE_CURVE ( 'NONE', #4792, #1841, #3162, .T. ) ;
#3351 = ORIENTED_EDGE ( 'NONE', *, *, #1671, .F. ) ;
#3352 = CARTESIAN_POINT ( 'NONE',  ( 17.50000000000000000, 3.000000000000000000, -52.50000000000000000 ) ) ;
#3353 = ORIENTED_EDGE ( 'NONE', *, *, #4983, .T. ) ;
#3354 = CARTESIAN_POINT ( 'NONE',  ( 6.500000000000000000, 2.999999999999995559, -54.74999999999997868 ) ) ;
#3355 = CARTESIAN_POINT ( 'NONE',  ( 89.50000000000001421, 24.50000000000003553, -51.37499999999987921 ) ) ;
#3356 = PLANE ( 'NONE',  #4860 ) ;
#3357 = ORIENTED_EDGE ( 'NONE', *, *, #2734, .T. ) ;
#3358 = CARTESIAN_POINT ( 'NONE',  ( 84.90000000000001990, 11.74999999999999645, -60.00000000000000000 ) ) ;
#3359 = ORIENTED_EDGE ( 'NONE', *, *, #2262, .F. ) ;
#3360 = DIRECTION ( 'NONE',  ( 0.000000000000000000, 0.000000000000000000, -1.000000000000000000 ) ) ;
#3361 = AXIS2_PLACEMENT_3D ( 'NONE', #4334, #1661, #4736 ) ;
#3362 = CARTESIAN_POINT ( 'NONE',  ( 0.000000000000000000, 0.000000000000000000, -54.99999999999999289 ) ) ;
#3363 = VERTEX_POINT ( 'NONE', #2790 ) ;
#3364 = CIRCLE ( 'NONE', #792, 1.699999999999993072 ) ;
#3365 = EDGE_CURVE ( 'NONE', #98, #2936, #3194, .T. ) ;
#3366 = CARTESIAN_POINT ( 'NONE',  ( 88.26000000000000512, 3.000000000000000000, -48.25000000000000000 ) ) ;
#3367 = ORIENTED_EDGE ( 'NONE', *, *, #3529, .T. ) ;
#3368 = DIRECTION ( 'NONE',  ( 0.000000000000000000, 0.000000000000000000, -1.000000000000000000 ) ) ;
#3369 = DIRECTION ( 'NONE',  ( 0.7071067811865460184, 0.000000000000000000, -0.7071067811865489050 ) ) ;
#3370 = ORIENTED_EDGE ( 'NONE', *, *, #4672, .T. ) ;
#3371 = ORIENTED_EDGE ( 'NONE', *, *, #2576, .T. ) ;
#3372 = VECTOR ( 'NONE', #3850, 1000.000000000000000 ) ;
#3373 = DIRECTION ( 'NONE',  ( 0.000000000000000000, 0.000000000000000000, -1.000000000000000000 ) ) ;
#3374 = DIRECTION ( 'NONE',  ( -1.000000000000000000, 0.000000000000000000, -0.000000000000000000 ) ) ;
#3375 = EDGE_CURVE ( 'NONE', #1146, #397, #418, .T. ) ;
#3376 = ORIENTED_EDGE ( 'NONE', *, *, #2669, .T. ) ;
#3377 = CARTESIAN_POINT ( 'NONE',  ( 98.34000000000001762, 11.74000000000000021, -46.56000000000000227 ) ) ;
#3378 = ORIENTED_EDGE ( 'NONE', *, *, #101, .F. ) ;
#3379 = EDGE_CURVE ( 'NONE', #4607, #3235, #2439, .T. ) ;
#3380 = PLANE ( 'NONE',  #1513 ) ;
#3381 = DIRECTION ( 'NONE',  ( 0.000000000000000000, 0.000000000000000000, 1.000000000000000000 ) ) ;
#3382 = LINE ( 'NONE', #3708, #1479 ) ;
#3383 = ORIENTED_EDGE ( 'NONE', *, *, #318, .F. ) ;
#3384 = CARTESIAN_POINT ( 'NONE',  ( 10.50000000000000000, 17.50000000000001421, -7.500000000000000000 ) ) ;
#3385 = ORIENTED_EDGE ( 'NONE', *, *, #416, .F. ) ;
#3386 = LINE ( 'NONE', #1471, #1641 ) ;
#3387 = DIRECTION ( 'NONE',  ( -1.000000000000000000, -0.000000000000000000, -0.000000000000000000 ) ) ;
#3388 = EDGE_LOOP ( 'NONE', ( #2528, #1872, #3277, #3196 ) ) ;
#3389 = CIRCLE ( 'NONE', #1218, 1.699999999999998401 ) ;
#3390 = CARTESIAN_POINT ( 'NONE',  ( 5.250000000000000888, 17.50000000000000711, -53.50000000000000000 ) ) ;
#3391 = CARTESIAN_POINT ( 'NONE',  ( 100.0000000000000000, 0.000000000000000000, -8.625000000000117240 ) ) ;
#3392 = CARTESIAN_POINT ( 'NONE',  ( 6.500000000000001776, 2.999999999999995559, -1.879283765641541282E-15 ) ) ;
#3393 = EDGE_LOOP ( 'NONE', ( #1151, #2264, #105, #4503, #330, #3424, #3888, #3615 ) ) ;
#3394 = ADVANCED_FACE ( 'NONE', ( #2016, #1182 ), #4256, .F. ) ;
#3395 = CARTESIAN_POINT ( 'NONE',  ( 10.50000000000000000, 24.50000000000011724, -5.249999999999979572 ) ) ;
#3396 = FACE_OUTER_BOUND ( 'NONE', #3393, .T. ) ;
#3397 = CARTESIAN_POINT ( 'NONE',  ( 92.50000000000000000, 24.50000000000009237, -5.249999999999979572 ) ) ;
#3398 = VERTEX_POINT ( 'NONE', #3926 ) ;
#3399 = DIRECTION ( 'NONE',  ( 1.000000000000000000, -0.000000000000000000, -0.000000000000000000 ) ) ;
#3400 = ORIENTED_EDGE ( 'NONE', *, *, #3949, .T. ) ;
#3401 = VECTOR ( 'NONE', #2742, 1000.000000000000000 ) ;
#3402 = EDGE_CURVE ( 'NONE', #4527, #548, #4306, .T. ) ;
#3403 = FACE_OUTER_BOUND ( 'NONE', #4985, .T. ) ;
#3404 = PLANE ( 'NONE',  #3895 ) ;
#3405 = DIRECTION ( 'NONE',  ( -0.000000000000000000, 5.551115123125794535E-15, 1.000000000000000000 ) ) ;
#3406 = ORIENTED_EDGE ( 'NONE', *, *, #470, .F. ) ;
#3407 = CARTESIAN_POINT ( 'NONE',  ( 100.0000000000000000, 0.000000000000000000, -54.99999999999999289 ) ) ;
#3408 = VERTEX_POINT ( 'NONE', #3547 ) ;
#3409 = CARTESIAN_POINT ( 'NONE',  ( 11.75000000000000533, 11.75000000000000000, -2.249999999999999556 ) ) ;
#3410 = VECTOR ( 'NONE', #37, 1000.000000000000000 ) ;
#3411 = DIRECTION ( 'NONE',  ( 0.000000000000000000, 0.000000000000000000, -1.000000000000000000 ) ) ;
#3412 = DIRECTION ( 'NONE',  ( 1.000000000000000000, -0.000000000000000000, -0.000000000000000000 ) ) ;
#3413 = AXIS2_PLACEMENT_3D ( 'NONE', #949, #4873, #1374 ) ;
#3414 = ORIENTED_EDGE ( 'NONE', *, *, #604, .F. ) ;
#3415 = EDGE_CURVE ( 'NONE', #2966, #2034, #911, .T. ) ;
#3416 = VECTOR ( 'NONE', #4165, 1000.000000000000000 ) ;
#3417 = DIRECTION ( 'NONE',  ( -0.000000000000000000, -0.000000000000000000, 1.000000000000000000 ) ) ;
#3418 = CYLINDRICAL_SURFACE ( 'NONE', #1119, 1.699999999999987965 ) ;
#3419 = ORIENTED_EDGE ( 'NONE', *, *, #506, .F. ) ;
#3420 = DIRECTION ( 'NONE',  ( 1.000000000000000000, 0.000000000000000000, 0.000000000000000000 ) ) ;
#3421 = DIRECTION ( 'NONE',  ( -1.000000000000000000, 0.000000000000000000, 1.291815354450813925E-16 ) ) ;
#3422 = ADVANCED_FACE ( 'NONE', ( #3218 ), #3127, .F. ) ;
#3423 = DIRECTION ( 'NONE',  ( -0.000000000000000000, -1.000000000000000000, -5.551115123125794535E-15 ) ) ;
#3424 = ORIENTED_EDGE ( 'NONE', *, *, #4335, .F. ) ;
#3425 = ORIENTED_EDGE ( 'NONE', *, *, #1199, .F. ) ;
#3426 = AXIS2_PLACEMENT_3D ( 'NONE', #3841, #1668, #1696 ) ;
#3427 = CYLINDRICAL_SURFACE ( 'NONE', #4250, 10.00000000000000888 ) ;
#3428 = EDGE_CURVE ( 'NONE', #1502, #348, #2868, .T. ) ;
#3429 = CARTESIAN_POINT ( 'NONE',  ( 82.50000000000000000, 7.500000000000000000, -2.250000000000000000 ) ) ;
#3430 = CARTESIAN_POINT ( 'NONE',  ( 92.50000000000000000, 7.500000000000000000, -7.500000000000000000 ) ) ;
#3431 = ORIENTED_EDGE ( 'NONE', *, *, #2460, .T. ) ;
#3432 = DIRECTION ( 'NONE',  ( -0.000000000000000000, -1.000000000000000000, -0.000000000000000000 ) ) ;
#3433 = ORIENTED_EDGE ( 'NONE', *, *, #3749, .F. ) ;
#3434 = DIRECTION ( 'NONE',  ( 0.000000000000000000, 0.000000000000000000, -1.000000000000000000 ) ) ;
#3435 = CARTESIAN_POINT ( 'NONE',  ( 11.75000000000000533, 11.75000000000000000, -1.660000000000022569 ) ) ;
#3436 = CARTESIAN_POINT ( 'NONE',  ( 6.500000000000000888, 17.50000000000000000, -54.99999999999999289 ) ) ;
#3437 = ORIENTED_EDGE ( 'NONE', *, *, #2355, .F. ) ;
#3438 = EDGE_CURVE ( 'NONE', #430, #2550, #982, .T. ) ;
#3439 = PRODUCT_DEFINITION_CONTEXT ( 'detailed design', #938, 'design' ) ;
#3440 = VECTOR ( 'NONE', #3579, 1000.000000000000114 ) ;
#3441 = DIRECTION ( 'NONE',  ( 0.000000000000000000, -6.167905692361974645E-15, -1.000000000000000000 ) ) ;
#3442 = ADVANCED_FACE ( 'NONE', ( #4855 ), #1733, .F. ) ;
#3443 = AXIS2_PLACEMENT_3D ( 'NONE', #2871, #574, #3298 ) ;
#3444 = ORIENTED_EDGE ( 'NONE', *, *, #3345, .T. ) ;
#3445 = DIRECTION ( 'NONE',  ( -1.000000000000000000, 0.000000000000000000, 0.000000000000000000 ) ) ;
#3446 = VERTEX_POINT ( 'NONE', #1332 ) ;
#3447 = CARTESIAN_POINT ( 'NONE',  ( 92.50000000000000000, 2.999999999999995559, -2.249999999999999112 ) ) ;
#3448 = CIRCLE ( 'NONE', #4090, 1.699999999999993072 ) ;
#3449 = CARTESIAN_POINT ( 'NONE',  ( 0.000000000000000000, 0.000000000000000000, -3.000000000000000888 ) ) ;
#3450 = DIRECTION ( 'NONE',  ( -1.000000000000000000, -0.000000000000000000, -0.000000000000000000 ) ) ;
#3451 = ORIENTED_EDGE ( 'NONE', *, *, #3927, .T. ) ;
#3452 = DIRECTION ( 'NONE',  ( 0.000000000000000000, 0.000000000000000000, 1.000000000000000000 ) ) ;
#3453 = VECTOR ( 'NONE', #2584, 1000.000000000000114 ) ;
#3454 = ORIENTED_EDGE ( 'NONE', *, *, #4228, .T. ) ;
#3455 = CIRCLE ( 'NONE', #1123, 10.00000000000000533 ) ;
#3456 = DIRECTION ( 'NONE',  ( -0.000000000000000000, -0.000000000000000000, 1.000000000000000000 ) ) ;
#3457 = DIRECTION ( 'NONE',  ( 1.387778780781445676E-16, -1.000000000000000000, 0.000000000000000000 ) ) ;
#3458 = DIRECTION ( 'NONE',  ( -1.000000000000000000, 0.000000000000000000, 0.000000000000000000 ) ) ;
#3459 = ORIENTED_EDGE ( 'NONE', *, *, #729, .F. ) ;
#3460 = PLANE ( 'NONE',  #274 ) ;
#3461 = ORIENTED_EDGE ( 'NONE', *, *, #3239, .F. ) ;
#3462 = DIRECTION ( 'NONE',  ( 1.000000000000000000, 0.000000000000000000, 0.000000000000000000 ) ) ;
#3463 = EDGE_CURVE ( 'NONE', #3279, #2776, #4417, .T. ) ;
#3464 = LINE ( 'NONE', #12, #1737 ) ;
#3465 = PLANE ( 'NONE',  #2686 ) ;
#3466 = ORIENTED_EDGE ( 'NONE', *, *, #4739, .F. ) ;
#3467 = AXIS2_PLACEMENT_3D ( 'NONE', #1579, #339, #1482 ) ;
#3468 = ADVANCED_FACE ( 'NONE', ( #1005 ), #2112, .T. ) ;
#3469 = DIRECTION ( 'NONE',  ( 0.000000000000000000, 0.000000000000000000, -1.000000000000000000 ) ) ;
#3470 = VECTOR ( 'NONE', #1200, 1000.000000000000114 ) ;
#3471 = DIRECTION ( 'NONE',  ( 2.551063935260012956E-16, 0.000000000000000000, 1.000000000000000000 ) ) ;
#3472 = EDGE_CURVE ( 'NONE', #4808, #3195, #173, .T. ) ;
#3473 = DIRECTION ( 'NONE',  ( 1.000000000000000000, 0.000000000000000000, 0.000000000000000000 ) ) ;
#3474 = CARTESIAN_POINT ( 'NONE',  ( 7.500000000000000888, 24.50000000000011724, -5.249999999999979572 ) ) ;
#3475 = ORIENTED_EDGE ( 'NONE', *, *, #4451, .F. ) ;
#3476 = ORIENTED_EDGE ( 'NONE', *, *, #2824, .F. ) ;
#3477 = EDGE_CURVE ( 'NONE', #1232, #233, #2808, .T. ) ;
#3478 = CARTESIAN_POINT ( 'NONE',  ( 1.660000000000001696, 11.74000000000000021, -10.05000000000000426 ) ) ;
#3479 = CARTESIAN_POINT ( 'NONE',  ( 1.121588454295349287E-17, 2.999999999999995559, -2.249999999999999556 ) ) ;
#3480 = DIRECTION ( 'NONE',  ( -0.000000000000000000, -1.000000000000000000, -0.000000000000000000 ) ) ;
#3481 = ORIENTED_EDGE ( 'NONE', *, *, #4951, .F. ) ;
#3482 = CARTESIAN_POINT ( 'NONE',  ( 0.000000000000000000, 13.84678410487506994, -10.03891847603440013 ) ) ;
#3483 = VERTEX_POINT ( 'NONE', #4783 ) ;
#3484 = PLANE ( 'NONE',  #2683 ) ;
#3485 = CIRCLE ( 'NONE', #4046, 3.360000000000000320 ) ;
#3486 = CARTESIAN_POINT ( 'NONE',  ( 86.56000000000003070, 11.74999999999999645, -57.75000000000000000 ) ) ;
#3487 = CARTESIAN_POINT ( 'NONE',  ( 0.000000000000000000, 60.00000000000000000, -52.50000000000000000 ) ) ;
#3488 = AXIS2_PLACEMENT_3D ( 'NONE', #4162, #4587, #2998 ) ;
#3489 = EDGE_CURVE ( 'NONE', #4713, #1301, #1305, .T. ) ;
#3490 = ORIENTED_EDGE ( 'NONE', *, *, #337, .F. ) ;
#3491 = CARTESIAN_POINT ( 'NONE',  ( 88.26000000000000512, 0.000000000000000000, -48.25000000000000000 ) ) ;
#3492 = VECTOR ( 'NONE', #3788, 1000.000000000000000 ) ;
#3493 = CARTESIAN_POINT ( 'NONE',  ( 11.75000000000000178, 0.000000000000000000, -11.74000000000000021 ) ) ;
#3494 = CARTESIAN_POINT ( 'NONE',  ( 0.000000000000000000, 1.141265444721584497E-15, -5.000000000000005329 ) ) ;
#3495 = VECTOR ( 'NONE', #4439, 1000.000000000000000 ) ;
#3496 = CARTESIAN_POINT ( 'NONE',  ( 89.50000000000001421, 17.50000000000001421, -54.74999999999997868 ) ) ;
#3497 = DIRECTION ( 'NONE',  ( 8.659560562354934091E-17, -0.7071067811865474617, 0.7071067811865475727 ) ) ;
#3498 = ORIENTED_EDGE ( 'NONE', *, *, #2361, .T. ) ;
#3499 = ORIENTED_EDGE ( 'NONE', *, *, #4672, .F. ) ;
#3500 = EDGE_CURVE ( 'NONE', #3710, #4415, #594, .T. ) ;
#3501 = FACE_OUTER_BOUND ( 'NONE', #465, .T. ) ;
#3502 = EDGE_CURVE ( 'NONE', #2936, #3669, #1782, .T. ) ;
#3503 = LINE ( 'NONE', #4311, #2443 ) ;
#3504 = DIRECTION ( 'NONE',  ( 0.000000000000000000, 0.000000000000000000, 1.000000000000000000 ) ) ;
#3505 = VECTOR ( 'NONE', #435, 1000.000000000000000 ) ;
#3506 = VERTEX_POINT ( 'NONE', #1757 ) ;
#3507 = LINE ( 'NONE', #3152, #521 ) ;
#3508 = AXIS2_PLACEMENT_3D ( 'NONE', #2125, #209, #231 ) ;
#3509 = ORIENTED_EDGE ( 'NONE', *, *, #1133, .F. ) ;
#3510 = DIRECTION ( 'NONE',  ( 0.000000000000000000, 0.000000000000000000, 1.000000000000000000 ) ) ;
#3511 = VECTOR ( 'NONE', #417, 1000.000000000000000 ) ;
#3512 = DIRECTION ( 'NONE',  ( -1.000000000000000000, 0.000000000000000000, 0.000000000000000000 ) ) ;
#3513 = CARTESIAN_POINT ( 'NONE',  ( 11.75000000000000533, 11.75000000000000000, 1.734723475976807883E-15 ) ) ;
#3514 = ORIENTED_EDGE ( 'NONE', *, *, #779, .F. ) ;
#3515 = CARTESIAN_POINT ( 'NONE',  ( 93.50000000000000000, 2.999999999999995559, -54.75000000000000000 ) ) ;
#3516 = CARTESIAN_POINT ( 'NONE',  ( 0.000000000000000000, 3.000000000000000000, -52.50000000000000000 ) ) ;
#3517 = EDGE_LOOP ( 'NONE', ( #896, #3476, #2684, #118 ) ) ;
#3518 = LINE ( 'NONE', #3876, #4658 ) ;
#3519 = CARTESIAN_POINT ( 'NONE',  ( 97.75000000000000000, 11.74000000000000021, -49.96000000000000796 ) ) ;
#3520 = ADVANCED_FACE ( 'NONE', ( #242 ), #4481, .T. ) ;
#3521 = VECTOR ( 'NONE', #251, 1000.000000000000114 ) ;
#3522 = PLANE ( 'NONE',  #4235 ) ;
#3523 = DIRECTION ( 'NONE',  ( -0.000000000000000000, -0.000000000000000000, -1.000000000000000000 ) ) ;
#3524 = AXIS2_PLACEMENT_3D ( 'NONE', #1746, #4822, #813 ) ;
#3525 = ORIENTED_EDGE ( 'NONE', *, *, #3159, .F. ) ;
#3526 = DIRECTION ( 'NONE',  ( 1.000000000000000000, -0.000000000000000000, -0.000000000000000000 ) ) ;
#3527 = ORIENTED_EDGE ( 'NONE', *, *, #4182, .F. ) ;
#3528 = LINE ( 'NONE', #3097, #4972 ) ;
#3529 = EDGE_CURVE ( 'NONE', #807, #1158, #931, .T. ) ;
#3530 = DIRECTION ( 'NONE',  ( 1.000000000000000000, 0.000000000000000000, 0.000000000000000000 ) ) ;
#3531 = FACE_OUTER_BOUND ( 'NONE', #4544, .T. ) ;
#3532 = ORIENTED_EDGE ( 'NONE', *, *, #101, .T. ) ;
#3533 = CARTESIAN_POINT ( 'NONE',  ( 94.75000000000000000, 3.000000000000003997, -52.50000000000000000 ) ) ;
#3534 = ORIENTED_EDGE ( 'NONE', *, *, #4459, .T. ) ;
#3535 = EDGE_CURVE ( 'NONE', #1063, #1857, #642, .T. ) ;
#3536 = VECTOR ( 'NONE', #4671, 1000.000000000000000 ) ;
#3537 = DIRECTION ( 'NONE',  ( 0.000000000000000000, -0.5869675714609299266, -0.8096104433943883683 ) ) ;
#3538 = CARTESIAN_POINT ( 'NONE',  ( 0.000000000000000000, 18.94999999999999574, -3.000000000000001776 ) ) ;
#3539 = DIRECTION ( 'NONE',  ( 0.000000000000000000, 2.282530889443167022E-16, -1.000000000000000000 ) ) ;
#3540 = ORIENTED_EDGE ( 'NONE', *, *, #924, .T. ) ;
#3541 = ORIENTED_EDGE ( 'NONE', *, *, #4357, .T. ) ;
#3542 = FACE_OUTER_BOUND ( 'NONE', #3999, .T. ) ;
#3543 = CARTESIAN_POINT ( 'NONE',  ( 89.50000000000001421, 24.50000000000003553, -8.625000000000117240 ) ) ;
#3544 = CYLINDRICAL_SURFACE ( 'NONE', #44, 1.700000000000000178 ) ;
#3545 = DIRECTION ( 'NONE',  ( 1.000000000000000000, 0.000000000000000000, 0.000000000000000000 ) ) ;
#3546 = AXIS2_PLACEMENT_3D ( 'NONE', #414, #4153, #4177 ) ;
#3547 = CARTESIAN_POINT ( 'NONE',  ( 10.05000000000001670, 11.75000000000000000, -1.660000000000022569 ) ) ;
#3548 = EDGE_CURVE ( 'NONE', #1290, #1052, #546, .T. ) ;
#3549 = VERTEX_POINT ( 'NONE', #4405 ) ;
#3550 = ORIENTED_EDGE ( 'NONE', *, *, #3985, .T. ) ;
#3551 = VECTOR ( 'NONE', #2810, 1000.000000000000000 ) ;
#3552 = LINE ( 'NONE', #452, #1996 ) ;
#3553 = CARTESIAN_POINT ( 'NONE',  ( 0.000000000000000000, 11.74000000000000021, -8.390000000000002345 ) ) ;
#3554 = CARTESIAN_POINT ( 'NONE',  ( 100.0000000000000000, 7.500000000000000000, -17.49999999999999645 ) ) ;
#3555 = EDGE_LOOP ( 'NONE', ( #3946, #3344, #4407, #634 ) ) ;
#3556 = CARTESIAN_POINT ( 'NONE',  ( 98.34000000000001762, 11.74000000000000021, -48.26000000000000512 ) ) ;
#3557 = VERTEX_POINT ( 'NONE', #957 ) ;
#3558 = EDGE_CURVE ( 'NONE', #1740, #3867, #2492, .T. ) ;
#3559 = LINE ( 'NONE', #2002, #569 ) ;
#3560 = CARTESIAN_POINT ( 'NONE',  ( 92.50000000000001421, 3.000000000000000000, 2.852656382717416251E-14 ) ) ;
#3561 = DIRECTION ( 'NONE',  ( -0.000000000000000000, -1.000000000000000000, -0.000000000000000000 ) ) ;
#3562 = ORIENTED_EDGE ( 'NONE', *, *, #2135, .F. ) ;
#3563 = ORIENTED_EDGE ( 'NONE', *, *, #4983, .F. ) ;
#3564 = CARTESIAN_POINT ( 'NONE',  ( 6.500000000000000888, 18.94999999999998863, -56.99999999999999289 ) ) ;
#3565 = EDGE_CURVE ( 'NONE', #3741, #4747, #2287, .T. ) ;
#3566 = AXIS2_PLACEMENT_3D ( 'NONE', #3951, #3142, #2067 ) ;
#3567 = EDGE_CURVE ( 'NONE', #4343, #4477, #695, .T. ) ;
#3568 = ORIENTED_EDGE ( 'NONE', *, *, #4567, .T. ) ;
#3569 = DIRECTION ( 'NONE',  ( -1.000000000000000000, 0.000000000000000000, 0.000000000000000000 ) ) ;
#3570 = DIRECTION ( 'NONE',  ( 0.000000000000000000, 0.000000000000000000, -1.000000000000000000 ) ) ;
#3571 = AXIS2_PLACEMENT_3D ( 'NONE', #2331, #3078, #3434 ) ;
#3572 = CARTESIAN_POINT ( 'NONE',  ( 2.250000000000001332, 11.74000000000000021, -48.26000000000000512 ) ) ;
#3573 = CARTESIAN_POINT ( 'NONE',  ( 0.000000000000000000, 17.49999999999997513, 9.714451465470117204E-14 ) ) ;
#3574 = CIRCLE ( 'NONE', #4224, 1.700000000000000178 ) ;
#3575 = ORIENTED_EDGE ( 'NONE', *, *, #267, .T. ) ;
#3576 = VERTEX_POINT ( 'NONE', #773 ) ;
#3577 = ADVANCED_FACE ( 'NONE', ( #313 ), #3292, .F. ) ;
#3578 = AXIS2_PLACEMENT_3D ( 'NONE', #1638, #2875, #3610 ) ;
#3579 = DIRECTION ( 'NONE',  ( 8.659560562354956277E-17, -0.7071067811865455743, 0.7071067811865493491 ) ) ;
#3580 = FACE_OUTER_BOUND ( 'NONE', #1245, .T. ) ;
#3581 = CARTESIAN_POINT ( 'NONE',  ( 10.50000000000000000, 7.500000000000000000, -7.500000000000000000 ) ) ;
#3582 = ORIENTED_EDGE ( 'NONE', *, *, #2890, .T. ) ;
#3583 = FACE_OUTER_BOUND ( 'NONE', #2704, .T. ) ;
#3584 = ORIENTED_EDGE ( 'NONE', *, *, #2961, .T. ) ;
#3585 = EDGE_CURVE ( 'NONE', #3323, #4527, #3011, .T. ) ;
#3586 = DIRECTION ( 'NONE',  ( -0.000000000000000000, -1.000000000000000000, -5.551115123125794535E-15 ) ) ;
#3587 = DIRECTION ( 'NONE',  ( 0.000000000000000000, -1.000000000000000000, -0.000000000000000000 ) ) ;
#3588 = PLANE ( 'NONE',  #4460 ) ;
#3589 = VECTOR ( 'NONE', #4668, 1000.000000000000000 ) ;
#3590 = ORIENTED_EDGE ( 'NONE', *, *, #176, .F. ) ;
#3591 = EDGE_LOOP ( 'NONE', ( #2710, #139, #3818, #3170 ) ) ;
#3592 = DIRECTION ( 'NONE',  ( 0.000000000000000000, 1.000000000000000000, -5.551115123125793746E-15 ) ) ;
#3593 = VECTOR ( 'NONE', #2342, 1000.000000000000000 ) ;
#3594 = EDGE_CURVE ( 'NONE', #2885, #1732, #2239, .T. ) ;
#3595 = ORIENTED_EDGE ( 'NONE', *, *, #2183, .T. ) ;
#3596 = FACE_OUTER_BOUND ( 'NONE', #1599, .T. ) ;
#3597 = PLANE ( 'NONE',  #3246 ) ;
#3598 = EDGE_CURVE ( 'NONE', #3331, #2413, #4577, .T. ) ;
#3599 = LINE ( 'NONE', #522, #3938 ) ;
#3600 = CARTESIAN_POINT ( 'NONE',  ( 0.000000000000000000, 11.74000000000000021, -48.26000000000000512 ) ) ;
#3601 = DIRECTION ( 'NONE',  ( -1.000000000000000000, 1.328227547853268932E-30, 2.392722035830078972E-16 ) ) ;
#3602 = VERTEX_POINT ( 'NONE', #3745 ) ;
#3603 = EDGE_LOOP ( 'NONE', ( #1203, #3851, #2401, #4633 ) ) ;
#3604 = VECTOR ( 'NONE', #1211, 1000.000000000000000 ) ;
#3605 = CARTESIAN_POINT ( 'NONE',  ( 92.50000000000000000, 7.500000000000000000, -7.500000000000000000 ) ) ;
#3606 = PLANE ( 'NONE',  #190 ) ;
#3607 = DIRECTION ( 'NONE',  ( 0.000000000000000000, 0.000000000000000000, -1.000000000000000000 ) ) ;
#3608 = CIRCLE ( 'NONE', #954, 1.700000000000000178 ) ;
#3609 = ORIENTED_EDGE ( 'NONE', *, *, #4318, .T. ) ;
#3610 = DIRECTION ( 'NONE',  ( 0.000000000000000000, 0.000000000000000000, -1.000000000000000000 ) ) ;
#3611 = EDGE_LOOP ( 'NONE', ( #1660, #4433, #1335, #537 ) ) ;
#3612 = VECTOR ( 'NONE', #3458, 1000.000000000000000 ) ;
#3613 = CARTESIAN_POINT ( 'NONE',  ( 89.50000000000001421, 22.25000000000003553, -51.37499999999987921 ) ) ;
#3614 = CYLINDRICAL_SURFACE ( 'NONE', #2929, 1.699999999999987965 ) ;
#3615 = ORIENTED_EDGE ( 'NONE', *, *, #2032, .T. ) ;
#3616 = ADVANCED_FACE ( 'NONE', ( #288 ), #3418, .F. ) ;
#3617 = EDGE_LOOP ( 'NONE', ( #4723, #3747, #583, #2009 ) ) ;
#3618 = CARTESIAN_POINT ( 'NONE',  ( 10.50000000000000000, 17.50000000000000711, -53.62499999999997868 ) ) ;
#3619 = AXIS2_PLACEMENT_3D ( 'NONE', #4432, #4831, #1380 ) ;
#3620 = ORIENTED_EDGE ( 'NONE', *, *, #1249, .T. ) ;
#3621 = EDGE_CURVE ( 'NONE', #1997, #1518, #2410, .T. ) ;
#3622 = PLANE ( 'NONE',  #4399 ) ;
#3623 = DIRECTION ( 'NONE',  ( 1.000000000000000000, -0.000000000000000000, -0.000000000000000000 ) ) ;
#3624 = EDGE_CURVE ( 'NONE', #1925, #3307, #1903, .T. ) ;
#3625 = VERTEX_POINT ( 'NONE', #718 ) ;
#3626 = ORIENTED_EDGE ( 'NONE', *, *, #214, .T. ) ;
#3627 = ADVANCED_FACE ( 'NONE', ( #4200 ), #4986, .F. ) ;
#3628 = VECTOR ( 'NONE', #4483, 1000.000000000000000 ) ;
#3629 = LINE ( 'NONE', #1785, #4012 ) ;
#3630 = CARTESIAN_POINT ( 'NONE',  ( 88.26000000000000512, 0.000000000000000000, -49.94999999999999574 ) ) ;
#3631 = EDGE_CURVE ( 'NONE', #3446, #4981, #1506, .T. ) ;
#3632 = ORIENTED_EDGE ( 'NONE', *, *, #4984, .T. ) ;
#3633 = CARTESIAN_POINT ( 'NONE',  ( 0.000000000000000000, 2.999999999999995559, -6.500000000000000000 ) ) ;
#3634 = VERTEX_POINT ( 'NONE', #1806 ) ;
#3635 = AXIS2_PLACEMENT_3D ( 'NONE', #4061, #4893, #1817 ) ;
#3636 = CARTESIAN_POINT ( 'NONE',  ( 0.000000000000000000, 11.74000000000000021, -48.26000000000000512 ) ) ;
#3637 = CARTESIAN_POINT ( 'NONE',  ( 6.500000000000000000, 2.999999999999995559, -54.74999999999997868 ) ) ;
#3638 = CYLINDRICAL_SURFACE ( 'NONE', #4537, 1.699999999999993072 ) ;
#3639 = ORIENTED_EDGE ( 'NONE', *, *, #3256, .T. ) ;
#3640 = EDGE_LOOP ( 'NONE', ( #831, #3772, #3400, #2156, #4158, #211, #1474, #841, #496, #2508, #3582, #1700 ) ) ;
#3641 = CARTESIAN_POINT ( 'NONE',  ( 11.75000000000000533, 11.75000000000000000, -60.00000000000000000 ) ) ;
#3642 = EDGE_CURVE ( 'NONE', #166, #4716, #4175, .T. ) ;
#3643 = ORIENTED_EDGE ( 'NONE', *, *, #2981, .T. ) ;
#3644 = CARTESIAN_POINT ( 'NONE',  ( 82.50000000000000000, 7.500000000000000000, 0.000000000000000000 ) ) ;
#3645 = VECTOR ( 'NONE', #4632, 1000.000000000000000 ) ;
#3646 = CARTESIAN_POINT ( 'NONE',  ( 84.90000000000001990, 11.74999999999999645, 1.734723475976807883E-15 ) ) ;
#3647 = CARTESIAN_POINT ( 'NONE',  ( 93.50000000000000000, 2.999999999999995559, -3.000000000000000888 ) ) ;
#3648 = VERTEX_POINT ( 'NONE', #3036 ) ;
#3649 = DIRECTION ( 'NONE',  ( -1.000000000000000000, 0.000000000000000000, 0.000000000000000000 ) ) ;
#3650 = AXIS2_PLACEMENT_3D ( 'NONE', #3932, #4711, #3911 ) ;
#3651 = ORIENTED_EDGE ( 'NONE', *, *, #3040, .F. ) ;
#3652 = ORIENTED_EDGE ( 'NONE', *, *, #4371, .T. ) ;
#3653 = VECTOR ( 'NONE', #4919, 1000.000000000000000 ) ;
#3654 = VECTOR ( 'NONE', #4988, 1000.000000000000000 ) ;
#3655 = DIRECTION ( 'NONE',  ( 1.000000000000000000, -0.000000000000000000, -0.000000000000000000 ) ) ;
#3656 = AXIS2_PLACEMENT_3D ( 'NONE', #3265, #683, #1068 ) ;
#3657 = CARTESIAN_POINT ( 'NONE',  ( 0.000000000000000000, 7.500000000000000000, -7.500000000000000000 ) ) ;
#3658 = EDGE_CURVE ( 'NONE', #2480, #1063, #2263, .T. ) ;
#3659 = VERTEX_POINT ( 'NONE', #2313 ) ;
#3660 = CARTESIAN_POINT ( 'NONE',  ( 11.75000000000000178, 0.000000000000000000, -15.10000000000000142 ) ) ;
#3661 = ORIENTED_EDGE ( 'NONE', *, *, #4984, .F. ) ;
#3662 = VECTOR ( 'NONE', #3399, 1000.000000000000000 ) ;
#3663 = EDGE_CURVE ( 'NONE', #4773, #4832, #3795, .T. ) ;
#3664 = CARTESIAN_POINT ( 'NONE',  ( 0.000000000000000000, 11.74000000000000021, -49.96000000000000796 ) ) ;
#3665 = LINE ( 'NONE', #1721, #446 ) ;
#3666 = DIRECTION ( 'NONE',  ( 0.000000000000000000, 0.000000000000000000, -1.000000000000000000 ) ) ;
#3667 = ORIENTED_EDGE ( 'NONE', *, *, #4608, .F. ) ;
#3668 = VECTOR ( 'NONE', #725, 1000.000000000000000 ) ;
#3669 = VERTEX_POINT ( 'NONE', #1054 ) ;
#3670 = DIRECTION ( 'NONE',  ( 0.000000000000000000, 1.000000000000000000, 0.000000000000000000 ) ) ;
#3671 = EDGE_LOOP ( 'NONE', ( #3744, #1061, #3104, #31 ) ) ;
#3672 = AXIS2_PLACEMENT_3D ( 'NONE', #3613, #2830, #4317 ) ;
#3673 = PLANE ( 'NONE',  #1540 ) ;
#3674 = ORIENTED_EDGE ( 'NONE', *, *, #436, .F. ) ;
#3675 = CARTESIAN_POINT ( 'NONE',  ( 2.250000000000000000, 7.500000000000013323, -7.499999999999993783 ) ) ;
#3676 = EDGE_LOOP ( 'NONE', ( #525, #2743, #2582, #4113 ) ) ;
#3677 = EDGE_CURVE ( 'NONE', #554, #1546, #1127, .T. ) ;
#3678 = CYLINDRICAL_SURFACE ( 'NONE', #4915, 1.699999999999993072 ) ;
#3679 = CARTESIAN_POINT ( 'NONE',  ( 6.499999999999999112, 14.88037689471529568, -8.613273248668569693 ) ) ;
#3680 = LINE ( 'NONE', #648, #424 ) ;
#3681 = ORIENTED_EDGE ( 'NONE', *, *, #1194, .F. ) ;
#3682 = FACE_OUTER_BOUND ( 'NONE', #1055, .T. ) ;
#3683 = ORIENTED_EDGE ( 'NONE', *, *, #134, .F. ) ;
#3684 = ADVANCED_FACE ( 'NONE', ( #1880 ), #2660, .T. ) ;
#3685 = LINE ( 'NONE', #2926, #4649 ) ;
#3686 = CARTESIAN_POINT ( 'NONE',  ( 7.500000000000000888, 17.50000000000000000, -54.74999999999997868 ) ) ;
#3687 = CYLINDRICAL_SURFACE ( 'NONE', #193, 9.999999999999994671 ) ;
#3688 = ORIENTED_EDGE ( 'NONE', *, *, #4479, .F. ) ;
#3689 = ORIENTED_EDGE ( 'NONE', *, *, #4464, .F. ) ;
#3690 = EDGE_CURVE ( 'NONE', #3785, #3109, #2215, .T. ) ;
#3691 = AXIS2_PLACEMENT_3D ( 'NONE', #3887, #1892, #4640 ) ;
#3692 = DIRECTION ( 'NONE',  ( 0.000000000000000000, 0.000000000000000000, -1.000000000000000000 ) ) ;
#3693 = ORIENTED_EDGE ( 'NONE', *, *, #4464, .T. ) ;
#3694 = AXIS2_PLACEMENT_3D ( 'NONE', #4272, #463, #926 ) ;
#3695 = CYLINDRICAL_SURFACE ( 'NONE', #2106, 1.699999999999993072 ) ;
#3696 = DIRECTION ( 'NONE',  ( 0.000000000000000000, 0.000000000000000000, -1.000000000000000000 ) ) ;
#3697 = DIRECTION ( 'NONE',  ( -0.000000000000000000, 0.000000000000000000, 1.000000000000000000 ) ) ;
#3698 = VERTEX_POINT ( 'NONE', #2035 ) ;
#3699 = CARTESIAN_POINT ( 'NONE',  ( 7.500000000000006217, 3.000000000000000000, -7.500000000000000000 ) ) ;
#3700 = DIRECTION ( 'NONE',  ( 1.000000000000000000, -0.000000000000000000, -0.000000000000000000 ) ) ;
#3701 = VECTOR ( 'NONE', #2764, 1000.000000000000000 ) ;
#3702 = CARTESIAN_POINT ( 'NONE',  ( 88.26000000000000512, 0.000000000000000000, -11.74000000000000199 ) ) ;
#3703 = EDGE_LOOP ( 'NONE', ( #1951, #3406, #2289, #1122 ) ) ;
#3704 = DIRECTION ( 'NONE',  ( -1.000000000000000000, 0.000000000000000000, 0.000000000000000000 ) ) ;
#3705 = ORIENTED_EDGE ( 'NONE', *, *, #4727, .T. ) ;
#3706 = LINE ( 'NONE', #4418, #1906 ) ;
#3707 = CYLINDRICAL_SURFACE ( 'NONE', #1016, 1.700000000000000178 ) ;
#3708 = CARTESIAN_POINT ( 'NONE',  ( 5.250000000000007994, 17.50000000000030553, -8.116937234641242211E-14 ) ) ;
#3709 = CIRCLE ( 'NONE', #3792, 1.699999999999993072 ) ;
#3710 = VERTEX_POINT ( 'NONE', #3164 ) ;
#3711 = VERTEX_POINT ( 'NONE', #4349 ) ;
#3712 = ADVANCED_FACE ( 'NONE', ( #2786 ), #1204, .F. ) ;
#3713 = CYLINDRICAL_SURFACE ( 'NONE', #2604, 9.999999999999994671 ) ;
#3714 = ORIENTED_EDGE ( 'NONE', *, *, #4044, .T. ) ;
#3715 = EDGE_CURVE ( 'NONE', #4903, #769, #1652, .T. ) ;
#3716 = EDGE_CURVE ( 'NONE', #4339, #1648, #3518, .T. ) ;
#3717 = CARTESIAN_POINT ( 'NONE',  ( 93.50000000000000000, 17.50000000000000000, -54.75000000000000000 ) ) ;
#3718 = EDGE_CURVE ( 'NONE', #1495, #1149, #4253, .T. ) ;
#3719 = CARTESIAN_POINT ( 'NONE',  ( 100.0000000000000000, 20.69999999999999929, 0.000000000000000000 ) ) ;
#3720 = EDGE_LOOP ( 'NONE', ( #2175, #2302, #295, #3831, #487, #1168, #1729, #638, #2694, #849, #719, #4708 ) ) ;
#3721 = AXIS2_PLACEMENT_3D ( 'NONE', #1960, #4707, #263 ) ;
#3722 = CARTESIAN_POINT ( 'NONE',  ( 10.50000000000000000, 24.50000000000003553, -8.625000000000117240 ) ) ;
#3723 = CARTESIAN_POINT ( 'NONE',  ( 5.250000000000007994, 2.999999999999995559, -6.782030610866781795E-16 ) ) ;
#3724 = AXIS2_PLACEMENT_3D ( 'NONE', #1993, #912, #3530 ) ;
#3725 = CARTESIAN_POINT ( 'NONE',  ( 88.26000000000000512, 0.000000000000000000, -44.89000000000000057 ) ) ;
#3726 = ORIENTED_EDGE ( 'NONE', *, *, #858, .T. ) ;
#3727 = LINE ( 'NONE', #3301, #2374 ) ;
#3728 = ORIENTED_EDGE ( 'NONE', *, *, #2706, .T. ) ;
#3729 = AXIS2_PLACEMENT_3D ( 'NONE', #2389, #492, #2813 ) ;
#3730 = CIRCLE ( 'NONE', #3656, 3.360000000000002096 ) ;
#3731 = LINE ( 'NONE', #967, #2957 ) ;
#3732 = CARTESIAN_POINT ( 'NONE',  ( 92.50000000000000000, 24.50000000000000000, -60.00000000000000000 ) ) ;
#3733 = FACE_OUTER_BOUND ( 'NONE', #2270, .T. ) ;
#3734 = ORIENTED_EDGE ( 'NONE', *, *, #2791, .T. ) ;
#3735 = DIRECTION ( 'NONE',  ( 3.083952846180990281E-16, 0.000000000000000000, -1.000000000000000000 ) ) ;
#3736 = EDGE_LOOP ( 'NONE', ( #3803, #983 ) ) ;
#3737 = LINE ( 'NONE', #3335, #671 ) ;
#3738 = AXIS2_PLACEMENT_3D ( 'NONE', #4939, #4535, #702 ) ;
#3739 = ADVANCED_FACE ( 'NONE', ( #3947 ), #551, .F. ) ;
#3740 = CARTESIAN_POINT ( 'NONE',  ( 7.500000000000006217, 3.000000000000000000, -7.500000000000000000 ) ) ;
#3741 = VERTEX_POINT ( 'NONE', #93 ) ;
#3742 = LINE ( 'NONE', #1003, #327 ) ;
#3743 = ADVANCED_FACE ( 'NONE', ( #2362 ), #2738, .T. ) ;
#3744 = ORIENTED_EDGE ( 'NONE', *, *, #3005, .T. ) ;
#3745 = CARTESIAN_POINT ( 'NONE',  ( 0.000000000000000000, 20.69999999999999929, -56.99999999999999289 ) ) ;
#3746 = AXIS2_PLACEMENT_3D ( 'NONE', #3637, #86, #556 ) ;
#3747 = ORIENTED_EDGE ( 'NONE', *, *, #3365, .T. ) ;
#3748 = CARTESIAN_POINT ( 'NONE',  ( 89.50000000000001421, 17.50000000000001421, -6.375000000000000888 ) ) ;
#3749 = EDGE_CURVE ( 'NONE', #2338, #1911, #3922, .T. ) ;
#3750 = VECTOR ( 'NONE', #1304, 1000.000000000000114 ) ;
#3751 = DIRECTION ( 'NONE',  ( -1.000000000000000000, 0.000000000000000000, 0.000000000000000000 ) ) ;
#3752 = DIRECTION ( 'NONE',  ( 0.000000000000000000, 6.167905692361974645E-15, 1.000000000000000000 ) ) ;
#3753 = VERTEX_POINT ( 'NONE', #413 ) ;
#3754 = LINE ( 'NONE', #4509, #4303 ) ;
#3755 = ORIENTED_EDGE ( 'NONE', *, *, #1929, .T. ) ;
#3756 = LINE ( 'NONE', #1064, #1354 ) ;
#3757 = CARTESIAN_POINT ( 'NONE',  ( 0.000000000000000000, 0.000000000000000000, -60.00000000000000000 ) ) ;
#3758 = DIRECTION ( 'NONE',  ( -0.000000000000000000, -0.000000000000000000, -1.000000000000000000 ) ) ;
#3759 = ORIENTED_EDGE ( 'NONE', *, *, #2542, .F. ) ;
#3760 = CARTESIAN_POINT ( 'NONE',  ( 10.05000000000001670, 11.75000000000000000, -58.33999999999997499 ) ) ;
#3761 = ORIENTED_EDGE ( 'NONE', *, *, #15, .T. ) ;
#3762 = FACE_OUTER_BOUND ( 'NONE', #4266, .T. ) ;
#3763 = AXIS2_PLACEMENT_3D ( 'NONE', #2944, #4033, #4075 ) ;
#3764 = DIRECTION ( 'NONE',  ( 0.000000000000000000, 1.000000000000000000, 2.282530889443166529E-16 ) ) ;
#3765 = EDGE_CURVE ( 'NONE', #2776, #2947, #1956, .T. ) ;
#3766 = VECTOR ( 'NONE', #1262, 1000.000000000000000 ) ;
#3767 = ORIENTED_EDGE ( 'NONE', *, *, #1368, .T. ) ;
#3768 = VECTOR ( 'NONE', #1362, 1000.000000000000000 ) ;
#3769 = PLANE ( 'NONE',  #3229 ) ;
#3770 = CARTESIAN_POINT ( 'NONE',  ( 10.50000000000000000, 22.25000000000003553, -51.37499999999987921 ) ) ;
#3771 = DIRECTION ( 'NONE',  ( 1.000000000000000000, 0.000000000000000000, 0.000000000000000000 ) ) ;
#3772 = ORIENTED_EDGE ( 'NONE', *, *, #3624, .T. ) ;
#3773 = PLANE ( 'NONE',  #4032 ) ;
#3774 = ADVANCED_FACE ( 'NONE', ( #2437 ), #4702, .F. ) ;
#3775 = DIRECTION ( 'NONE',  ( -6.599266530932140069E-32, -1.000000000000000000, -2.282530889443167022E-16 ) ) ;
#3776 = DIRECTION ( 'NONE',  ( -2.952720810173289112E-16, 0.000000000000000000, 1.000000000000000000 ) ) ;
#3777 = ORIENTED_EDGE ( 'NONE', *, *, #3248, .F. ) ;
#3778 = LINE ( 'NONE', #2174, #3009 ) ;
#3779 = ORIENTED_EDGE ( 'NONE', *, *, #591, .T. ) ;
#3780 = VECTOR ( 'NONE', #4677, 1000.000000000000000 ) ;
#3781 = DIRECTION ( 'NONE',  ( 2.392722035830078972E-16, 0.000000000000000000, 1.000000000000000000 ) ) ;
#3782 = ADVANCED_FACE ( 'NONE', ( #491 ), #3858, .F. ) ;
#3783 = LINE ( 'NONE', #1891, #587 ) ;
#3784 = CARTESIAN_POINT ( 'NONE',  ( 92.50000000000000000, 17.50000000000000000, -57.74999999999999289 ) ) ;
#3785 = VERTEX_POINT ( 'NONE', #3138 ) ;
#3786 = DIRECTION ( 'NONE',  ( 1.000000000000000000, 8.673617379884033500E-16, 0.000000000000000000 ) ) ;
#3787 = VERTEX_POINT ( 'NONE', #4325 ) ;
#3788 = DIRECTION ( 'NONE',  ( 0.000000000000000000, 0.000000000000000000, 1.000000000000000000 ) ) ;
#3789 = LINE ( 'NONE', #1875, #934 ) ;
#3790 = CARTESIAN_POINT ( 'NONE',  ( 100.0000000000000000, 0.000000000000000000, -3.000000000000000888 ) ) ;
#3791 = ORIENTED_EDGE ( 'NONE', *, *, #2960, .F. ) ;
#3792 = AXIS2_PLACEMENT_3D ( 'NONE', #3366, #262, #3339 ) ;
#3793 = EDGE_CURVE ( 'NONE', #2251, #3896, #4500, .T. ) ;
#3794 = DIRECTION ( 'NONE',  ( 0.000000000000000000, 1.000000000000000000, 0.000000000000000000 ) ) ;
#3795 = LINE ( 'NONE', #3341, #229 ) ;
#3796 = ORIENTED_EDGE ( 'NONE', *, *, #4479, .T. ) ;
#3797 = CARTESIAN_POINT ( 'NONE',  ( 88.26000000000001933, 11.74999999999999645, 1.734723475976807883E-15 ) ) ;
#3798 = ADVANCED_FACE ( 'NONE', ( #17 ), #2007, .F. ) ;
#3799 = FACE_OUTER_BOUND ( 'NONE', #401, .T. ) ;
#3800 = LINE ( 'NONE', #3855, #2760 ) ;
#3801 = VERTEX_POINT ( 'NONE', #1177 ) ;
#3802 = CARTESIAN_POINT ( 'NONE',  ( 100.0000000000000000, 11.74000000000000021, -51.62000000000000455 ) ) ;
#3803 = ORIENTED_EDGE ( 'NONE', *, *, #4549, .F. ) ;
#3804 = AXIS2_PLACEMENT_3D ( 'NONE', #4789, #4815, #3299 ) ;
#3805 = DIRECTION ( 'NONE',  ( 1.000000000000000000, 0.000000000000000000, -2.392722035830078972E-16 ) ) ;
#3806 = ADVANCED_FACE ( 'NONE', ( #1577 ), #42, .F. ) ;
#3807 = PLANE ( 'NONE',  #3488 ) ;
#3808 = DIRECTION ( 'NONE',  ( -0.000000000000000000, -0.000000000000000000, 1.000000000000000000 ) ) ;
#3809 = EDGE_LOOP ( 'NONE', ( #1585, #2408, #4487, #3302 ) ) ;
#3810 = CARTESIAN_POINT ( 'NONE',  ( 0.000000000000000000, 24.50000000000000000, -5.000000000000000000 ) ) ;
#3811 = ORIENTED_EDGE ( 'NONE', *, *, #1804, .F. ) ;
#3812 = LINE ( 'NONE', #2279, #4462 ) ;
#3813 = EDGE_CURVE ( 'NONE', #2687, #3821, #4651, .T. ) ;
#3814 = VECTOR ( 'NONE', #4634, 1000.000000000000000 ) ;
#3815 = DIRECTION ( 'NONE',  ( 0.000000000000000000, 0.000000000000000000, -1.000000000000000000 ) ) ;
#3816 = DIRECTION ( 'NONE',  ( -0.000000000000000000, -1.000000000000000000, 5.551115123125794535E-15 ) ) ;
#3817 = CIRCLE ( 'NONE', #1324, 3.360000000000000320 ) ;
#3818 = ORIENTED_EDGE ( 'NONE', *, *, #2325, .T. ) ;
#3819 = CIRCLE ( 'NONE', #3578, 9.999999999999994671 ) ;
#3820 = FACE_OUTER_BOUND ( 'NONE', #2314, .T. ) ;
#3821 = VERTEX_POINT ( 'NONE', #2414 ) ;
#3822 = DIRECTION ( 'NONE',  ( -0.000000000000000000, -1.000000000000000000, -0.000000000000000000 ) ) ;
#3823 = ORIENTED_EDGE ( 'NONE', *, *, #3379, .T. ) ;
#3824 = DIRECTION ( 'NONE',  ( -1.000000000000000000, 0.000000000000000000, 0.000000000000000000 ) ) ;
#3825 = LINE ( 'NONE', #3041, #1836 ) ;
#3826 = CIRCLE ( 'NONE', #361, 1.699999999999998401 ) ;
#3827 = CARTESIAN_POINT ( 'NONE',  ( 2.250000000000000000, 17.50000000000001421, -7.499999999999999112 ) ) ;
#3828 = ADVANCED_FACE ( 'NONE', ( #3596 ), #1283, .F. ) ;
#3829 = ORIENTED_EDGE ( 'NONE', *, *, #1924, .F. ) ;
#3830 = DIRECTION ( 'NONE',  ( 0.000000000000000000, -1.000000000000000000, 0.000000000000000000 ) ) ;
#3831 = ORIENTED_EDGE ( 'NONE', *, *, #3749, .T. ) ;
#3832 = AXIS2_PLACEMENT_3D ( 'NONE', #1181, #2714, #3545 ) ;
#3833 = DIRECTION ( 'NONE',  ( 0.000000000000000000, 0.000000000000000000, 1.000000000000000000 ) ) ;
#3834 = DIRECTION ( 'NONE',  ( 0.000000000000000000, -1.000000000000000000, -0.000000000000000000 ) ) ;
#3835 = FACE_OUTER_BOUND ( 'NONE', #4523, .T. ) ;
#3836 = ORIENTED_EDGE ( 'NONE', *, *, #4173, .T. ) ;
#3837 = DIRECTION ( 'NONE',  ( 0.000000000000000000, 0.000000000000000000, -1.000000000000000000 ) ) ;
#3838 = VERTEX_POINT ( 'NONE', #929 ) ;
#3839 = CARTESIAN_POINT ( 'NONE',  ( 94.75000000000000000, 17.50000000000000711, -53.50000000000000000 ) ) ;
#3840 = EDGE_CURVE ( 'NONE', #963, #2505, #1352, .T. ) ;
#3841 = CARTESIAN_POINT ( 'NONE',  ( 88.26000000000001933, 11.74999999999999645, -60.00000000000000000 ) ) ;
#3842 = CARTESIAN_POINT ( 'NONE',  ( 5.250000000000000888, 7.500000000000000000, -52.50000000000000000 ) ) ;
#3843 = EDGE_CURVE ( 'NONE', #3648, #244, #2912, .T. ) ;
#3844 = VERTEX_POINT ( 'NONE', #4849 ) ;
#3845 = EDGE_CURVE ( 'NONE', #254, #2223, #2412, .T. ) ;
#3846 = VECTOR ( 'NONE', #3655, 1000.000000000000000 ) ;
#3847 = CARTESIAN_POINT ( 'NONE',  ( 92.50000000000000000, 24.50000000000003553, -8.625000000000117240 ) ) ;
#3848 = EDGE_CURVE ( 'NONE', #1841, #4792, #637, .T. ) ;
#3849 = VECTOR ( 'NONE', #1711, 1000.000000000000114 ) ;
#3850 = DIRECTION ( 'NONE',  ( 0.000000000000000000, 0.000000000000000000, -1.000000000000000000 ) ) ;
#3851 = ORIENTED_EDGE ( 'NONE', *, *, #267, .F. ) ;
#3852 = CARTESIAN_POINT ( 'NONE',  ( 5.250000000000000888, 2.999999999999995559, -53.50000000000000000 ) ) ;
#3853 = AXIS2_PLACEMENT_3D ( 'NONE', #3023, #2648, #3050 ) ;
#3854 = LINE ( 'NONE', #393, #2066 ) ;
#3855 = CARTESIAN_POINT ( 'NONE',  ( 7.500000000000000888, 24.50000000000011724, -5.249999999999979572 ) ) ;
#3856 = EDGE_LOOP ( 'NONE', ( #3269, #1221 ) ) ;
#3857 = LINE ( 'NONE', #1965, #3814 ) ;
#3858 = CONICAL_SURFACE ( 'NONE', #713, 3.360000000000000320, 0.7853981633974503884 ) ;
#3859 = ORIENTED_EDGE ( 'NONE', *, *, #3840, .F. ) ;
#3860 = EDGE_CURVE ( 'NONE', #2550, #833, #3455, .T. ) ;
#3861 = VECTOR ( 'NONE', #512, 1000.000000000000000 ) ;
#3862 = CARTESIAN_POINT ( 'NONE',  ( 7.500000000000000888, 24.50000000000011724, -5.249999999999979572 ) ) ;
#3863 = LINE ( 'NONE', #1943, #663 ) ;
#3864 = DIRECTION ( 'NONE',  ( 1.000000000000000000, 0.000000000000000000, 0.000000000000000000 ) ) ;
#3865 = ORIENTED_EDGE ( 'NONE', *, *, #4886, .F. ) ;
#3866 = DIRECTION ( 'NONE',  ( 1.000000000000000000, -0.000000000000000000, -0.000000000000000000 ) ) ;
#3867 = VERTEX_POINT ( 'NONE', #904 ) ;
#3868 = DIRECTION ( 'NONE',  ( -0.000000000000000000, -0.000000000000000000, 1.000000000000000000 ) ) ;
#3869 = DIRECTION ( 'NONE',  ( 1.000000000000000000, 0.000000000000000000, 0.000000000000000000 ) ) ;
#3870 = CARTESIAN_POINT ( 'NONE',  ( 100.0000000000000000, 11.74000000000000021, -48.26000000000000512 ) ) ;
#3871 = ORIENTED_EDGE ( 'NONE', *, *, #1349, .F. ) ;
#3872 = AXIS2_PLACEMENT_3D ( 'NONE', #265, #1008, #1834 ) ;
#3873 = FACE_OUTER_BOUND ( 'NONE', #4185, .T. ) ;
#3874 = EDGE_CURVE ( 'NONE', #1013, #4853, #717, .T. ) ;
#3875 = ORIENTED_EDGE ( 'NONE', *, *, #2716, .T. ) ;
#3876 = CARTESIAN_POINT ( 'NONE',  ( 94.75000000000000000, 2.999999999999995559, 0.000000000000000000 ) ) ;
#3877 = VECTOR ( 'NONE', #135, 1000.000000000000000 ) ;
#3878 = DIRECTION ( 'NONE',  ( 0.000000000000000000, 0.000000000000000000, -1.000000000000000000 ) ) ;
#3879 = EDGE_CURVE ( 'NONE', #1734, #651, #3599, .T. ) ;
#3880 = DIRECTION ( 'NONE',  ( -1.000000000000000000, 0.000000000000000000, -0.000000000000000000 ) ) ;
#3881 = LINE ( 'NONE', #906, #338 ) ;
#3882 = ORIENTED_EDGE ( 'NONE', *, *, #3054, .F. ) ;
#3883 = CARTESIAN_POINT ( 'NONE',  ( 0.000000000000000000, 0.000000000000000000, 0.000000000000000000 ) ) ;
#3884 = ORIENTED_EDGE ( 'NONE', *, *, #1440, .F. ) ;
#3885 = CARTESIAN_POINT ( 'NONE',  ( 7.500000000000006217, 60.00000000000000000, -7.500000000000000000 ) ) ;
#3886 = CARTESIAN_POINT ( 'NONE',  ( 7.500000000000007105, 60.00000000000000000, -8.673617379884043361E-16 ) ) ;
#3887 = CARTESIAN_POINT ( 'NONE',  ( 11.75000000000000711, 3.000000000000000000, -48.25000000000000000 ) ) ;
#3888 = ORIENTED_EDGE ( 'NONE', *, *, #3059, .T. ) ;
#3889 = CARTESIAN_POINT ( 'NONE',  ( 88.26000000000000512, 0.000000000000000000, -46.55000000000001137 ) ) ;
#3890 = ORIENTED_EDGE ( 'NONE', *, *, #4000, .T. ) ;
#3891 = VECTOR ( 'NONE', #2564, 1000.000000000000000 ) ;
#3892 = LINE ( 'NONE', #1974, #2828 ) ;
#3893 = CARTESIAN_POINT ( 'NONE',  ( 92.50000000000000000, 24.50000000000006395, -54.75000000000002132 ) ) ;
#3894 = DIRECTION ( 'NONE',  ( -0.000000000000000000, -0.000000000000000000, 1.000000000000000000 ) ) ;
#3895 = AXIS2_PLACEMENT_3D ( 'NONE', #325, #2699, #4540 ) ;
#3896 = VERTEX_POINT ( 'NONE', #3646 ) ;
#3897 = EDGE_CURVE ( 'NONE', #4518, #4716, #2171, .T. ) ;
#3898 = CARTESIAN_POINT ( 'NONE',  ( 92.50000000000000000, 22.25000000000003553, -51.37499999999987921 ) ) ;
#3899 = AXIS2_PLACEMENT_3D ( 'NONE', #3064, #1933, #3471 ) ;
#3900 = DIRECTION ( 'NONE',  ( -0.000000000000000000, 0.000000000000000000, 1.000000000000000000 ) ) ;
#3901 = DIRECTION ( 'NONE',  ( 0.000000000000000000, -1.000000000000000000, 0.000000000000000000 ) ) ;
#3902 = VECTOR ( 'NONE', #227, 1000.000000000000000 ) ;
#3903 = EDGE_CURVE ( 'NONE', #271, #4773, #4581, .T. ) ;
#3904 = CARTESIAN_POINT ( 'NONE',  ( 0.000000000000000000, 20.69999999999999929, -3.000000000000000888 ) ) ;
#3905 = DIRECTION ( 'NONE',  ( 0.000000000000000000, 5.551115123125790591E-15, -1.000000000000000000 ) ) ;
#3906 =( GEOMETRIC_REPRESENTATION_CONTEXT ( 3 ) GLOBAL_UNCERTAINTY_ASSIGNED_CONTEXT ( ( #1418 ) ) GLOBAL_UNIT_ASSIGNED_CONTEXT ( ( #1135, #2718, #4966 ) ) REPRESENTATION_CONTEXT ( 'NONE', 'WORKASPACE' ) );
#3907 = EDGE_CURVE ( 'NONE', #2885, #542, #475, .T. ) ;
#3908 = ORIENTED_EDGE ( 'NONE', *, *, #4076, .F. ) ;
#3909 = ORIENTED_EDGE ( 'NONE', *, *, #2609, .T. ) ;
#3910 = CARTESIAN_POINT ( 'NONE',  ( 0.000000000000000000, 24.50000000000000000, 0.000000000000000000 ) ) ;
#3911 = DIRECTION ( 'NONE',  ( 0.000000000000000000, 1.000000000000000000, 5.551115123125794535E-15 ) ) ;
#3912 = DIRECTION ( 'NONE',  ( 0.000000000000000000, -1.000000000000000000, 5.551115123125794535E-15 ) ) ;
#3913 = ORIENTED_EDGE ( 'NONE', *, *, #225, .T. ) ;
#3914 = CARTESIAN_POINT ( 'NONE',  ( 82.50000000000000000, 7.500000000000000000, -57.74999999999999289 ) ) ;
#3915 = VECTOR ( 'NONE', #1516, 1000.000000000000000 ) ;
#3916 = ORIENTED_EDGE ( 'NONE', *, *, #665, .T. ) ;
#3917 = DIRECTION ( 'NONE',  ( 0.000000000000000000, 0.000000000000000000, -1.000000000000000000 ) ) ;
#3918 = CARTESIAN_POINT ( 'NONE',  ( 92.50000000000000000, 24.50000000000000000, -60.00000000000000000 ) ) ;
#3919 = ORIENTED_EDGE ( 'NONE', *, *, #2716, .F. ) ;
#3920 = FACE_OUTER_BOUND ( 'NONE', #716, .T. ) ;
#3921 = ORIENTED_EDGE ( 'NONE', *, *, #1475, .F. ) ;
#3922 = LINE ( 'NONE', #4724, #2490 ) ;
#3923 = DIRECTION ( 'NONE',  ( 0.000000000000000000, -1.000000000000000000, 0.000000000000000000 ) ) ;
#3924 = AXIS2_PLACEMENT_3D ( 'NONE', #3636, #4492, #2148 ) ;
#3925 = DIRECTION ( 'NONE',  ( 1.291815354450813925E-16, -5.551115123125791380E-15, 1.000000000000000000 ) ) ;
#3926 = CARTESIAN_POINT ( 'NONE',  ( 6.500000000000000888, 20.69999999999999929, -5.000000000000000888 ) ) ;
#3927 = EDGE_CURVE ( 'NONE', #3176, #1146, #1681, .T. ) ;
#3928 = VECTOR ( 'NONE', #4359, 1000.000000000000000 ) ;
#3929 = VERTEX_POINT ( 'NONE', #4345 ) ;
#3930 = ORIENTED_EDGE ( 'NONE', *, *, #1041, .T. ) ;
#3931 = LINE ( 'NONE', #2042, #3440 ) ;
#3932 = CARTESIAN_POINT ( 'NONE',  ( 10.50000000000000000, 24.50000000000012434, -6.374999999999980460 ) ) ;
#3933 = VECTOR ( 'NONE', #2138, 1000.000000000000000 ) ;
#3934 = DIRECTION ( 'NONE',  ( -0.000000000000000000, -0.000000000000000000, 1.000000000000000000 ) ) ;
#3935 = ORIENTED_EDGE ( 'NONE', *, *, #3472, .F. ) ;
#3936 = DIRECTION ( 'NONE',  ( -0.7071067811865445751, 0.000000000000000000, -0.7071067811865504593 ) ) ;
#3937 = ORIENTED_EDGE ( 'NONE', *, *, #4511, .T. ) ;
#3938 = VECTOR ( 'NONE', #566, 1000.000000000000000 ) ;
#3939 = EDGE_CURVE ( 'NONE', #2543, #3307, #1701, .T. ) ;
#3940 = FACE_OUTER_BOUND ( 'NONE', #4499, .T. ) ;
#3941 = CARTESIAN_POINT ( 'NONE',  ( 88.26000000000000512, 0.000000000000000000, -11.74000000000000199 ) ) ;
#3942 = DIRECTION ( 'NONE',  ( 0.000000000000000000, 0.000000000000000000, 1.000000000000000000 ) ) ;
#3943 = EDGE_LOOP ( 'NONE', ( #1971, #1659, #2545, #2676 ) ) ;
#3944 = EDGE_LOOP ( 'NONE', ( #1021, #2605, #160, #3968 ) ) ;
#3945 = CARTESIAN_POINT ( 'NONE',  ( 97.74999999999998579, 17.50000000000000711, -6.500000000000000000 ) ) ;
#3946 = ORIENTED_EDGE ( 'NONE', *, *, #1049, .F. ) ;
#3947 = FACE_OUTER_BOUND ( 'NONE', #999, .T. ) ;
#3948 = CARTESIAN_POINT ( 'NONE',  ( 7.500000000000001776, 0.000000000000000000, -42.50000000000000000 ) ) ;
#3949 = EDGE_CURVE ( 'NONE', #3307, #4355, #848, .T. ) ;
#3950 = CARTESIAN_POINT ( 'NONE',  ( 5.250000000000007994, 7.500000000000000000, -6.782030610866781795E-16 ) ) ;
#3951 = CARTESIAN_POINT ( 'NONE',  ( 88.26000000000001933, 11.74999999999999645, -60.00000000000000000 ) ) ;
#3952 = VERTEX_POINT ( 'NONE', #1299 ) ;
#3953 = EDGE_CURVE ( 'NONE', #4527, #2874, #2359, .T. ) ;
#3954 = ORIENTED_EDGE ( 'NONE', *, *, #1688, .F. ) ;
#3955 = DIRECTION ( 'NONE',  ( -0.000000000000000000, -0.000000000000000000, 1.000000000000000000 ) ) ;
#3956 = CARTESIAN_POINT ( 'NONE',  ( 7.500000000000006217, 3.000000000000000000, -17.49999999999999645 ) ) ;
#3957 = LINE ( 'NONE', #3224, #2599 ) ;
#3958 = DIRECTION ( 'NONE',  ( 0.000000000000000000, 0.000000000000000000, 1.000000000000000000 ) ) ;
#3959 = EDGE_LOOP ( 'NONE', ( #2792, #4866, #2559, #2235 ) ) ;
#3960 = CARTESIAN_POINT ( 'NONE',  ( 11.75000000000000711, 0.000000000000000000, -44.89000000000000057 ) ) ;
#3961 = ORIENTED_EDGE ( 'NONE', *, *, #974, .F. ) ;
#3962 = EDGE_CURVE ( 'NONE', #4348, #864, #3210, .T. ) ;
#3963 = LINE ( 'NONE', #507, #4676 ) ;
#3964 = PLANE ( 'NONE',  #46 ) ;
#3965 = FACE_OUTER_BOUND ( 'NONE', #4665, .T. ) ;
#3966 = ORIENTED_EDGE ( 'NONE', *, *, #2196, .T. ) ;
#3967 = AXIS2_PLACEMENT_3D ( 'NONE', #4887, #4485, #2873 ) ;
#3968 = ORIENTED_EDGE ( 'NONE', *, *, #827, .F. ) ;
#3969 = ADVANCED_FACE ( 'NONE', ( #1673 ), #4370, .T. ) ;
#3970 = CARTESIAN_POINT ( 'NONE',  ( 10.50000000000000000, 7.500000000000000000, -5.250000000000018652 ) ) ;
#3971 = CARTESIAN_POINT ( 'NONE',  ( 89.50000000000001421, 24.50000000000007105, -53.62500000000002132 ) ) ;
#3972 = VECTOR ( 'NONE', #812, 1000.000000000000000 ) ;
#3973 = ORIENTED_EDGE ( 'NONE', *, *, #1317, .T. ) ;
#3974 = CARTESIAN_POINT ( 'NONE',  ( 97.74999999999998579, 2.999999999999995559, -6.500000000000000000 ) ) ;
#3975 = AXIS2_PLACEMENT_3D ( 'NONE', #4901, #351, #685 ) ;
#3976 = CARTESIAN_POINT ( 'NONE',  ( 88.26000000000000512, 1.659999999999999476, -11.74000000000000199 ) ) ;
#3977 = AXIS2_PLACEMENT_3D ( 'NONE', #4718, #2855, #3942 ) ;
#3978 = CARTESIAN_POINT ( 'NONE',  ( 88.26000000000000512, 0.000000000000000000, -13.43999999999999595 ) ) ;
#3979 = FACE_OUTER_BOUND ( 'NONE', #2005, .T. ) ;
#3980 = VECTOR ( 'NONE', #4543, 1000.000000000000000 ) ;
#3981 = EDGE_LOOP ( 'NONE', ( #655, #2328, #165, #2129 ) ) ;
#3982 = ORIENTED_EDGE ( 'NONE', *, *, #665, .F. ) ;
#3983 = AXIS2_PLACEMENT_3D ( 'NONE', #1972, #429, #2402 ) ;
#3984 = DIRECTION ( 'NONE',  ( 1.000000000000000000, -0.000000000000000000, -0.000000000000000000 ) ) ;
#3985 = EDGE_CURVE ( 'NONE', #430, #651, #1649, .T. ) ;
#3986 = DIRECTION ( 'NONE',  ( 0.000000000000000000, 1.000000000000000000, 0.000000000000000000 ) ) ;
#3987 = DIRECTION ( 'NONE',  ( 0.000000000000000000, 5.551115123125794535E-15, 1.000000000000000000 ) ) ;
#3988 = VERTEX_POINT ( 'NONE', #63 ) ;
#3989 = DIRECTION ( 'NONE',  ( 0.000000000000000000, -1.000000000000000000, -6.167905692361974645E-15 ) ) ;
#3990 = ORIENTED_EDGE ( 'NONE', *, *, #3813, .T. ) ;
#3991 = CARTESIAN_POINT ( 'NONE',  ( 2.250000000000000000, 7.500000000000013323, -7.499999999999993783 ) ) ;
#3992 = DIRECTION ( 'NONE',  ( 0.000000000000000000, -5.551115123125793746E-15, -1.000000000000000000 ) ) ;
#3993 = FACE_OUTER_BOUND ( 'NONE', #3959, .T. ) ;
#3994 = VECTOR ( 'NONE', #1370, 1000.000000000000000 ) ;
#3995 = ORIENTED_EDGE ( 'NONE', *, *, #559, .T. ) ;
#3996 = VERTEX_POINT ( 'NONE', #2733 ) ;
#3997 = ADVANCED_FACE ( 'NONE', ( #3920 ), #2833, .F. ) ;
#3998 = LINE ( 'NONE', #3970, #4743 ) ;
#3999 = EDGE_LOOP ( 'NONE', ( #2811, #1085, #4406, #821 ) ) ;
#4000 = EDGE_CURVE ( 'NONE', #959, #2108, #3998, .T. ) ;
#4001 = ORIENTED_EDGE ( 'NONE', *, *, #3472, .T. ) ;
#4002 = EDGE_CURVE ( 'NONE', #1402, #4449, #2409, .T. ) ;
#4003 = EDGE_CURVE ( 'NONE', #1773, #1063, #3186, .T. ) ;
#4004 = CARTESIAN_POINT ( 'NONE',  ( 0.000000000000000000, 17.50000000000000000, -5.249999999999999112 ) ) ;
#4005 = DIRECTION ( 'NONE',  ( -1.000000000000000000, 0.000000000000000000, 0.000000000000000000 ) ) ;
#4006 = VERTEX_POINT ( 'NONE', #3945 ) ;
#4007 = ORIENTED_EDGE ( 'NONE', *, *, #357, .F. ) ;
#4008 = VECTOR ( 'NONE', #2124, 1000.000000000000000 ) ;
#4009 = DIRECTION ( 'NONE',  ( -0.000000000000000000, -1.000000000000000000, -0.000000000000000000 ) ) ;
#4010 = CARTESIAN_POINT ( 'NONE',  ( 10.50000000000000000, 24.50000000000011724, -5.249999999999979572 ) ) ;
#4011 = FACE_OUTER_BOUND ( 'NONE', #2297, .T. ) ;
#4012 = VECTOR ( 'NONE', #1383, 1000.000000000000000 ) ;
#4013 = EDGE_LOOP ( 'NONE', ( #1298, #2425, #462, #334, #4626, #2083, #467, #1334, #1783, #1306, #726, #3728 ) ) ;
#4014 = DIRECTION ( 'NONE',  ( 0.000000000000000000, 0.000000000000000000, -1.000000000000000000 ) ) ;
#4015 = ORIENTED_EDGE ( 'NONE', *, *, #2387, .F. ) ;
#4016 = ADVANCED_FACE ( 'NONE', ( #3542 ), #2033, .T. ) ;
#4017 = CARTESIAN_POINT ( 'NONE',  ( 89.50000000000001421, 24.50000000000003553, -8.625000000000117240 ) ) ;
#4018 = CARTESIAN_POINT ( 'NONE',  ( 0.000000000000000000, 11.74000000000000021, -51.62000000000000455 ) ) ;
#4019 = LINE ( 'NONE', #921, #1881 ) ;
#4020 = EDGE_LOOP ( 'NONE', ( #1357, #1805, #1004, #2930 ) ) ;
#4021 = ORIENTED_EDGE ( 'NONE', *, *, #4786, .T. ) ;
#4022 = LINE ( 'NONE', #1047, #1726 ) ;
#4023 = VECTOR ( 'NONE', #3623, 1000.000000000000000 ) ;
#4024 = ORIENTED_EDGE ( 'NONE', *, *, #1929, .F. ) ;
#4025 = CARTESIAN_POINT ( 'NONE',  ( 97.75000000000000000, 7.500000000000013323, -52.50000000000000711 ) ) ;
#4026 = EDGE_CURVE ( 'NONE', #215, #548, #871, .T. ) ;
#4027 = CARTESIAN_POINT ( 'NONE',  ( 93.50000000000000000, 24.50000000000000000, -54.99999999999999289 ) ) ;
#4028 = DIRECTION ( 'NONE',  ( 0.000000000000000000, 3.556183125752452966E-15, -1.000000000000000000 ) ) ;
#4029 = ORIENTED_EDGE ( 'NONE', *, *, #514, .T. ) ;
#4030 = ORIENTED_EDGE ( 'NONE', *, *, #76, .F. ) ;
#4031 = EDGE_CURVE ( 'NONE', #2970, #1902, #1686, .T. ) ;
#4032 = AXIS2_PLACEMENT_3D ( 'NONE', #43, #4652, #804 ) ;
#4033 = DIRECTION ( 'NONE',  ( 0.000000000000000000, -1.000000000000000000, -0.000000000000000000 ) ) ;
#4034 = LINE ( 'NONE', #1012, #3891 ) ;
#4035 = VERTEX_POINT ( 'NONE', #1623 ) ;
#4036 = DIRECTION ( 'NONE',  ( 1.387778780781445676E-16, -1.000000000000000000, 0.000000000000000000 ) ) ;
#4037 = ORIENTED_EDGE ( 'NONE', *, *, #4364, .T. ) ;
#4038 = CARTESIAN_POINT ( 'NONE',  ( 86.56000000000003070, 11.74999999999999645, -2.249999999999999112 ) ) ;
#4039 = LINE ( 'NONE', #1018, #4631 ) ;
#4040 = DIRECTION ( 'NONE',  ( 1.000000000000000000, 0.000000000000000000, 0.000000000000000000 ) ) ;
#4041 = EDGE_LOOP ( 'NONE', ( #3626, #3995, #2137, #3431 ) ) ;
#4042 = VERTEX_POINT ( 'NONE', #167 ) ;
#4043 = FACE_OUTER_BOUND ( 'NONE', #3124, .T. ) ;
#4044 = EDGE_CURVE ( 'NONE', #1128, #4343, #2197, .T. ) ;
#4045 = ORIENTED_EDGE ( 'NONE', *, *, #3415, .T. ) ;
#4046 = AXIS2_PLACEMENT_3D ( 'NONE', #2614, #3450, #293 ) ;
#4047 = DIRECTION ( 'NONE',  ( 2.392722035830078972E-16, 0.000000000000000000, 1.000000000000000000 ) ) ;
#4048 = DIRECTION ( 'NONE',  ( 0.000000000000000000, 6.167905692361974645E-15, -1.000000000000000000 ) ) ;
#4049 = VERTEX_POINT ( 'NONE', #3564 ) ;
#4050 = ORIENTED_EDGE ( 'NONE', *, *, #1350, .T. ) ;
#4051 = ADVANCED_FACE ( 'NONE', ( #3160 ), #1272, .T. ) ;
#4052 = VECTOR ( 'NONE', #2029, 1000.000000000000000 ) ;
#4053 = DIRECTION ( 'NONE',  ( 0.000000000000000000, 0.5869675714609297046, -0.8096104433943885903 ) ) ;
#4054 = ADVANCED_FACE ( 'NONE', ( #140 ), #1348, .F. ) ;
#4055 = VECTOR ( 'NONE', #4397, 1000.000000000000000 ) ;
#4056 = DIRECTION ( 'NONE',  ( -1.000000000000000000, 0.000000000000000000, 0.000000000000000000 ) ) ;
#4057 = ORIENTED_EDGE ( 'NONE', *, *, #148, .F. ) ;
#4058 = DIRECTION ( 'NONE',  ( -1.291815354450813925E-16, 0.000000000000000000, -1.000000000000000000 ) ) ;
#4059 = ORIENTED_EDGE ( 'NONE', *, *, #4504, .F. ) ;
#4060 = AXIS2_PLACEMENT_3D ( 'NONE', #3482, #402, #3125 ) ;
#4061 = CARTESIAN_POINT ( 'NONE',  ( 6.500000000000001776, 2.999999999999995559, -1.879283765641541282E-15 ) ) ;
#4062 = CARTESIAN_POINT ( 'NONE',  ( 0.000000000000000000, 3.000000000000000000, -52.50000000000000000 ) ) ;
#4063 = FACE_BOUND ( 'NONE', #141, .T. ) ;
#4064 = ORIENTED_EDGE ( 'NONE', *, *, #3594, .F. ) ;
#4065 = VERTEX_POINT ( 'NONE', #1775 ) ;
#4066 = DIRECTION ( 'NONE',  ( -1.000000000000000000, 0.000000000000000000, 0.000000000000000000 ) ) ;
#4067 = ORIENTED_EDGE ( 'NONE', *, *, #3567, .T. ) ;
#4068 = CARTESIAN_POINT ( 'NONE',  ( 0.000000000000000000, 60.00000000000000000, -60.00000000000000000 ) ) ;
#4069 = CONICAL_SURFACE ( 'NONE', #608, 3.360000000000002096, 0.7853981633974441712 ) ;
#4070 = ADVANCED_FACE ( 'NONE', ( #4474 ), #2956, .F. ) ;
#4071 = PLANE ( 'NONE',  #4112 ) ;
#4072 = DIRECTION ( 'NONE',  ( 0.000000000000000000, 0.000000000000000000, -1.000000000000000000 ) ) ;
#4073 = ORIENTED_EDGE ( 'NONE', *, *, #2842, .T. ) ;
#4074 = CARTESIAN_POINT ( 'NONE',  ( 2.250000000000006217, 2.999999999999995559, -6.500000000000000000 ) ) ;
#4075 = DIRECTION ( 'NONE',  ( 0.000000000000000000, 0.000000000000000000, -1.000000000000000000 ) ) ;
#4076 = EDGE_CURVE ( 'NONE', #3185, #2153, #2130, .T. ) ;
#4077 = FACE_OUTER_BOUND ( 'NONE', #2046, .T. ) ;
#4078 = ORIENTED_EDGE ( 'NONE', *, *, #3939, .F. ) ;
#4079 = DIRECTION ( 'NONE',  ( 0.000000000000000000, 3.556183125752452966E-15, -1.000000000000000000 ) ) ;
#4080 = ORIENTED_EDGE ( 'NONE', *, *, #1642, .T. ) ;
#4081 = CIRCLE ( 'NONE', #2553, 3.360000000000000320 ) ;
#4082 = PLANE ( 'NONE',  #1458 ) ;
#4083 = ADVANCED_FACE ( 'NONE', ( #4043 ), #611, .T. ) ;
#4084 = ADVANCED_FACE ( 'NONE', ( #2530 ), #3713, .T. ) ;
#4085 = VECTOR ( 'NONE', #3775, 1000.000000000000000 ) ;
#4086 = DIRECTION ( 'NONE',  ( -0.000000000000000000, -1.000000000000000000, 5.551115123125794535E-15 ) ) ;
#4087 = DIRECTION ( 'NONE',  ( 0.000000000000000000, -0.000000000000000000, 1.000000000000000000 ) ) ;
#4088 = ORIENTED_EDGE ( 'NONE', *, *, #1762, .T. ) ;
#4089 = ORIENTED_EDGE ( 'NONE', *, *, #281, .T. ) ;
#4090 = AXIS2_PLACEMENT_3D ( 'NONE', #4562, #3480, #4541 ) ;
#4091 = DIRECTION ( 'NONE',  ( 1.000000000000000000, 0.000000000000000000, 0.000000000000000000 ) ) ;
#4092 = ADVANCED_FACE ( 'NONE', ( #4826 ), #1395, .F. ) ;
#4093 = VERTEX_POINT ( 'NONE', #1023 ) ;
#4094 = VECTOR ( 'NONE', #1478, 1000.000000000000000 ) ;
#4095 = AXIS2_PLACEMENT_3D ( 'NONE', #2063, #1330, #4304 ) ;
#4096 = CARTESIAN_POINT ( 'NONE',  ( 7.500000000000007105, 17.50000000000000000, 0.000000000000000000 ) ) ;
#4097 = ORIENTED_EDGE ( 'NONE', *, *, #3897, .T. ) ;
#4098 = DIRECTION ( 'NONE',  ( 0.000000000000000000, 1.000000000000000000, -0.000000000000000000 ) ) ;
#4099 = DIRECTION ( 'NONE',  ( 1.000000000000000000, 0.000000000000000000, -0.000000000000000000 ) ) ;
#4100 = ORIENTED_EDGE ( 'NONE', *, *, #740, .T. ) ;
#4101 = ORIENTED_EDGE ( 'NONE', *, *, #2824, .T. ) ;
#4102 = CARTESIAN_POINT ( 'NONE',  ( 82.50000000000000000, 7.500000000000000000, -57.74999999999999289 ) ) ;
#4103 = DIRECTION ( 'NONE',  ( 0.000000000000000000, -0.000000000000000000, 1.000000000000000000 ) ) ;
#4104 = EDGE_CURVE ( 'NONE', #2221, #4816, #4022, .T. ) ;
#4105 = ORIENTED_EDGE ( 'NONE', *, *, #1011, .T. ) ;
#4106 = CARTESIAN_POINT ( 'NONE',  ( 92.50000000000000000, 0.000000000000000000, -52.50000000000000000 ) ) ;
#4107 = ORIENTED_EDGE ( 'NONE', *, *, #4720, .T. ) ;
#4108 = AXIS2_PLACEMENT_3D ( 'NONE', #2265, #3112, #1102 ) ;
#4109 = LINE ( 'NONE', #4469, #3521 ) ;
#4110 = DIRECTION ( 'NONE',  ( 0.000000000000000000, 0.000000000000000000, -1.000000000000000000 ) ) ;
#4111 = CARTESIAN_POINT ( 'NONE',  ( 0.000000000000000000, 24.50000000000000000, 0.000000000000000000 ) ) ;
#4112 = AXIS2_PLACEMENT_3D ( 'NONE', #1803, #4047, #614 ) ;
#4113 = ORIENTED_EDGE ( 'NONE', *, *, #4459, .F. ) ;
#4114 = DIRECTION ( 'NONE',  ( 1.000000000000000000, 0.000000000000000000, -2.392722035830078972E-16 ) ) ;
#4115 = ORIENTED_EDGE ( 'NONE', *, *, #3303, .T. ) ;
#4116 = CARTESIAN_POINT ( 'NONE',  ( 0.000000000000000000, 0.000000000000000000, -56.99999999999999289 ) ) ;
#4117 = EDGE_CURVE ( 'NONE', #3157, #4316, #3737, .T. ) ;
#4118 = FACE_BOUND ( 'NONE', #2635, .T. ) ;
#4119 = EDGE_CURVE ( 'NONE', #2543, #1046, #2205, .T. ) ;
#4120 = ORIENTED_EDGE ( 'NONE', *, *, #4549, .T. ) ;
#4121 = CARTESIAN_POINT ( 'NONE',  ( 11.75000000000000533, 11.75000000000000000, 0.000000000000000000 ) ) ;
#4122 = ORIENTED_EDGE ( 'NONE', *, *, #58, .T. ) ;
#4123 = DIRECTION ( 'NONE',  ( 1.000000000000000000, 0.000000000000000000, 0.000000000000000000 ) ) ;
#4124 = CARTESIAN_POINT ( 'NONE',  ( 0.000000000000000000, 13.84678410487506994, -10.03891847603440013 ) ) ;
#4125 = ORIENTED_EDGE ( 'NONE', *, *, #2630, .T. ) ;
#4126 = VECTOR ( 'NONE', #3497, 1000.000000000000000 ) ;
#4127 = CARTESIAN_POINT ( 'NONE',  ( 92.50000000000001421, 0.000000000000000000, 2.852656382717416882E-14 ) ) ;
#4128 = DIRECTION ( 'NONE',  ( 0.000000000000000000, 0.000000000000000000, -1.000000000000000000 ) ) ;
#4129 = VECTOR ( 'NONE', #3986, 1000.000000000000000 ) ;
#4130 = CARTESIAN_POINT ( 'NONE',  ( 7.500000000000003553, 24.50000000000000000, -2.250000000000001776 ) ) ;
#4131 = AXIS2_PLACEMENT_3D ( 'NONE', #296, #4913, #1462 ) ;
#4132 = ORIENTED_EDGE ( 'NONE', *, *, #1194, .T. ) ;
#4133 = CYLINDRICAL_SURFACE ( 'NONE', #4131, 1.700000000000000178 ) ;
#4134 = VERTEX_POINT ( 'NONE', #1824 ) ;
#4135 = VECTOR ( 'NONE', #2836, 1000.000000000000000 ) ;
#4136 = EDGE_CURVE ( 'NONE', #4659, #2497, #2925, .T. ) ;
#4137 = CIRCLE ( 'NONE', #4781, 1.699999999999998401 ) ;
#4138 = CARTESIAN_POINT ( 'NONE',  ( 100.0000000000000000, 11.74000000000000021, -15.11000000000000121 ) ) ;
#4139 = LINE ( 'NONE', #4842, #2703 ) ;
#4140 = DIRECTION ( 'NONE',  ( -0.000000000000000000, -0.000000000000000000, -1.000000000000000000 ) ) ;
#4141 = ORIENTED_EDGE ( 'NONE', *, *, #3477, .T. ) ;
#4142 = DIRECTION ( 'NONE',  ( 1.000000000000000000, -0.000000000000000000, -0.000000000000000000 ) ) ;
#4143 = ORIENTED_EDGE ( 'NONE', *, *, #3106, .F. ) ;
#4144 = DIRECTION ( 'NONE',  ( -4.984837574645997858E-18, 0.000000000000000000, 1.000000000000000000 ) ) ;
#4145 = CONICAL_SURFACE ( 'NONE', #765, 3.360000000000000320, 0.7853981633974482790 ) ;
#4146 = LINE ( 'NONE', #4379, #1578 ) ;
#4147 = EDGE_CURVE ( 'NONE', #217, #1470, #256, .T. ) ;
#4148 = EDGE_LOOP ( 'NONE', ( #1601, #3311, #2617, #4101 ) ) ;
#4149 = CARTESIAN_POINT ( 'NONE',  ( 88.26000000000001933, 11.74999999999999645, 0.000000000000000000 ) ) ;
#4150 = DIRECTION ( 'NONE',  ( 0.000000000000000000, 0.5869675714609300377, 0.8096104433943882572 ) ) ;
#4151 = CIRCLE ( 'NONE', #2224, 10.00000000000000178 ) ;
#4152 = ORIENTED_EDGE ( 'NONE', *, *, #2859, .F. ) ;
#4153 = DIRECTION ( 'NONE',  ( -0.000000000000000000, -1.000000000000000000, -0.000000000000000000 ) ) ;
#4154 = EDGE_CURVE ( 'NONE', #3176, #627, #4498, .T. ) ;
#4155 = VECTOR ( 'NONE', #1206, 1000.000000000000000 ) ;
#4156 = CARTESIAN_POINT ( 'NONE',  ( 0.000000000000000000, 11.74000000000000021, -44.90000000000000568 ) ) ;
#4157 = CARTESIAN_POINT ( 'NONE',  ( 0.000000000000000000, 0.000000000000000000, -56.99999999999999289 ) ) ;
#4158 = ORIENTED_EDGE ( 'NONE', *, *, #4595, .F. ) ;
#4159 = CARTESIAN_POINT ( 'NONE',  ( 92.50000000000001421, 60.00000000000000000, 2.852656382717416882E-14 ) ) ;
#4160 = ORIENTED_EDGE ( 'NONE', *, *, #1684, .F. ) ;
#4161 = CARTESIAN_POINT ( 'NONE',  ( 11.75000000000000533, 11.75000000000000000, 1.734723475976807883E-15 ) ) ;
#4162 = CARTESIAN_POINT ( 'NONE',  ( 7.500000000000000000, 7.500000000000000000, 0.000000000000000000 ) ) ;
#4163 = LINE ( 'NONE', #4945, #3612 ) ;
#4164 = EDGE_LOOP ( 'NONE', ( #3916, #2781 ) ) ;
#4165 = DIRECTION ( 'NONE',  ( 1.000000000000000000, -0.000000000000000000, -0.000000000000000000 ) ) ;
#4166 = ORIENTED_EDGE ( 'NONE', *, *, #4840, .T. ) ;
#4167 = EDGE_CURVE ( 'NONE', #264, #2831, #2209, .T. ) ;
#4168 = CARTESIAN_POINT ( 'NONE',  ( 2.250000000000000000, 17.50000000000001421, -52.50000000000000000 ) ) ;
#4169 = CONICAL_SURFACE ( 'NONE', #2079, 3.360000000000000320, 0.7853981633974446153 ) ;
#4170 = LINE ( 'NONE', #1597, #856 ) ;
#4171 = VECTOR ( 'NONE', #3405, 1000.000000000000000 ) ;
#4172 = ORIENTED_EDGE ( 'NONE', *, *, #1777, .T. ) ;
#4173 = EDGE_CURVE ( 'NONE', #3296, #1257, #1325, .T. ) ;
#4174 = DIRECTION ( 'NONE',  ( 0.000000000000000000, 0.000000000000000000, 1.000000000000000000 ) ) ;
#4175 = LINE ( 'NONE', #3062, #158 ) ;
#4176 = ORIENTED_EDGE ( 'NONE', *, *, #1426, .T. ) ;
#4177 = DIRECTION ( 'NONE',  ( 0.000000000000000000, 0.000000000000000000, -1.000000000000000000 ) ) ;
#4178 = AXIS2_PLACEMENT_3D ( 'NONE', #91, #2006, #2057 ) ;
#4179 = ADVANCED_FACE ( 'NONE', ( #3262 ), #2482, .F. ) ;
#4180 = PLANE ( 'NONE',  #1674 ) ;
#4181 = LINE ( 'NONE', #1155, #2360 ) ;
#4182 = EDGE_CURVE ( 'NONE', #2210, #2497, #4802, .T. ) ;
#4183 = VERTEX_POINT ( 'NONE', #996 ) ;
#4184 = CARTESIAN_POINT ( 'NONE',  ( 2.250000000000000000, 17.50000000000001421, -7.499999999999998224 ) ) ;
#4185 = EDGE_LOOP ( 'NONE', ( #3667, #657, #198, #3026 ) ) ;
#4186 = AXIS2_PLACEMENT_3D ( 'NONE', #2787, #2364, #1678 ) ;
#4187 = CARTESIAN_POINT ( 'NONE',  ( 89.50000000000001421, 24.50000000000003553, -8.625000000000117240 ) ) ;
#4188 = DIRECTION ( 'NONE',  ( 1.000000000000000000, -0.000000000000000000, -0.000000000000000000 ) ) ;
#4189 = LINE ( 'NONE', #1113, #1355 ) ;
#4190 = ORIENTED_EDGE ( 'NONE', *, *, #1844, .F. ) ;
#4191 = DIRECTION ( 'NONE',  ( 0.000000000000000000, 0.000000000000000000, -1.000000000000000000 ) ) ;
#4192 = EDGE_LOOP ( 'NONE', ( #3093, #4248, #205, #2100, #4956, #2445, #1490, #2894, #3966, #1282, #3153, #180 ) ) ;
#4193 = CARTESIAN_POINT ( 'NONE',  ( 5.250000000000007994, 17.49999999999997513, 7.981296622423716952E-14 ) ) ;
#4194 = CARTESIAN_POINT ( 'NONE',  ( 0.000000000000000000, 2.999999999999995559, -53.50000000000000000 ) ) ;
#4195 = CARTESIAN_POINT ( 'NONE',  ( 89.50000000000001421, 24.50000000000009237, -5.249999999999979572 ) ) ;
#4196 = ORIENTED_EDGE ( 'NONE', *, *, #1492, .F. ) ;
#4197 = ADVANCED_FACE ( 'NONE', ( #2154 ), #1070, .F. ) ;
#4198 = CARTESIAN_POINT ( 'NONE',  ( 89.96000000000000796, 11.74999999999999645, -1.660000000000022569 ) ) ;
#4199 = DIRECTION ( 'NONE',  ( 0.000000000000000000, 1.000000000000000000, -0.000000000000000000 ) ) ;
#4200 = FACE_OUTER_BOUND ( 'NONE', #3944, .T. ) ;
#4201 = ORIENTED_EDGE ( 'NONE', *, *, #484, .T. ) ;
#4202 = DIRECTION ( 'NONE',  ( -0.000000000000000000, 1.000000000000000000, -0.000000000000000000 ) ) ;
#4203 = DIRECTION ( 'NONE',  ( -1.000000000000000000, -0.000000000000000000, -0.000000000000000000 ) ) ;
#4204 = CARTESIAN_POINT ( 'NONE',  ( 5.250000000000007994, 2.999999999999995559, -6.782030610866781795E-16 ) ) ;
#4205 = EDGE_CURVE ( 'NONE', #4339, #4316, #1547, .T. ) ;
#4206 = ORIENTED_EDGE ( 'NONE', *, *, #604, .T. ) ;
#4207 = CARTESIAN_POINT ( 'NONE',  ( 6.500000000000000888, 24.50000000000000000, -57.74999999999997868 ) ) ;
#4208 = ORIENTED_EDGE ( 'NONE', *, *, #3271, .F. ) ;
#4209 = VECTOR ( 'NONE', #624, 1000.000000000000000 ) ;
#4210 = EDGE_CURVE ( 'NONE', #504, #1128, #4217, .T. ) ;
#4211 = DIRECTION ( 'NONE',  ( 0.000000000000000000, 0.000000000000000000, -1.000000000000000000 ) ) ;
#4212 = CARTESIAN_POINT ( 'NONE',  ( 0.000000000000000000, 24.50000000000000000, 0.000000000000000000 ) ) ;
#4213 = LINE ( 'NONE', #1916, #3286 ) ;
#4214 = ORIENTED_EDGE ( 'NONE', *, *, #2247, .F. ) ;
#4215 = CARTESIAN_POINT ( 'NONE',  ( 7.500000000000000888, 24.50000000000011724, -5.249999999999979572 ) ) ;
#4216 = ORIENTED_EDGE ( 'NONE', *, *, #880, .T. ) ;
#4217 = LINE ( 'NONE', #1896, #3492 ) ;
#4218 = AXIS2_PLACEMENT_3D ( 'NONE', #4644, #3955, #1193 ) ;
#4219 = AXIS2_PLACEMENT_3D ( 'NONE', #4444, #1420, #2525 ) ;
#4220 = DIRECTION ( 'NONE',  ( 1.000000000000000000, -0.000000000000000000, -0.000000000000000000 ) ) ;
#4221 = LINE ( 'NONE', #3790, #3410 ) ;
#4222 = VECTOR ( 'NONE', #4142, 1000.000000000000000 ) ;
#4223 = ORIENTED_EDGE ( 'NONE', *, *, #1199, .T. ) ;
#4224 = AXIS2_PLACEMENT_3D ( 'NONE', #4899, #2887, #4427 ) ;
#4225 = EDGE_LOOP ( 'NONE', ( #2351, #4516, #3937, #4383 ) ) ;
#4226 = CARTESIAN_POINT ( 'NONE',  ( 100.0000000000000000, 11.74000000000000021, -51.62000000000000455 ) ) ;
#4227 = ORIENTED_EDGE ( 'NONE', *, *, #4524, .T. ) ;
#4228 = EDGE_CURVE ( 'NONE', #3896, #2251, #2529, .T. ) ;
#4229 = DIRECTION ( 'NONE',  ( 1.000000000000000000, 0.000000000000000000, 0.000000000000000000 ) ) ;
#4230 = PLANE ( 'NONE',  #1273 ) ;
#4231 = CARTESIAN_POINT ( 'NONE',  ( 0.000000000000000000, 17.50000000000000711, -6.500000000000000000 ) ) ;
#4232 = ORIENTED_EDGE ( 'NONE', *, *, #918, .T. ) ;
#4233 = FACE_OUTER_BOUND ( 'NONE', #3095, .T. ) ;
#4234 = EDGE_LOOP ( 'NONE', ( #4768, #174, #4740, #3126 ) ) ;
#4235 = AXIS2_PLACEMENT_3D ( 'NONE', #4729, #1280, #493 ) ;
#4236 = EDGE_CURVE ( 'NONE', #305, #3602, #1095, .T. ) ;
#4237 = DIRECTION ( 'NONE',  ( 1.000000000000000000, -0.000000000000000000, -0.000000000000000000 ) ) ;
#4238 = LINE ( 'NONE', #3073, #2203 ) ;
#4239 = LINE ( 'NONE', #2327, #382 ) ;
#4240 = ORIENTED_EDGE ( 'NONE', *, *, #416, .T. ) ;
#4241 = CARTESIAN_POINT ( 'NONE',  ( 7.500000000000000888, 60.00000000000000000, -52.50000000000000000 ) ) ;
#4242 = EDGE_LOOP ( 'NONE', ( #4421, #442, #3759, #1431 ) ) ;
#4243 = DIRECTION ( 'NONE',  ( -0.000000000000000000, 1.000000000000000000, -0.000000000000000000 ) ) ;
#4244 = ADVANCED_FACE ( 'NONE', ( #9 ), #306, .F. ) ;
#4245 = EDGE_CURVE ( 'NONE', #1889, #3625, #4300, .T. ) ;
#4246 = CARTESIAN_POINT ( 'NONE',  ( 7.500000000000006217, 3.000000000000000000, -52.50000000000000000 ) ) ;
#4247 = DIRECTION ( 'NONE',  ( 0.000000000000000000, 0.000000000000000000, 1.000000000000000000 ) ) ;
#4248 = ORIENTED_EDGE ( 'NONE', *, *, #3214, .T. ) ;
#4249 = ADVANCED_FACE ( 'NONE', ( #3762 ), #3169, .F. ) ;
#4250 = AXIS2_PLACEMENT_3D ( 'NONE', #4611, #2594, #4211 ) ;
#4251 = CARTESIAN_POINT ( 'NONE',  ( 11.75000000000000711, 0.000000000000000000, -48.25000000000000000 ) ) ;
#4252 = ORIENTED_EDGE ( 'NONE', *, *, #2698, .T. ) ;
#4253 = LINE ( 'NONE', #3543, #1361 ) ;
#4254 = LINE ( 'NONE', #2688, #171 ) ;
#4255 = DIRECTION ( 'NONE',  ( 1.000000000000000000, -0.000000000000000000, -0.000000000000000000 ) ) ;
#4256 = PLANE ( 'NONE',  #3079 ) ;
#4257 = VERTEX_POINT ( 'NONE', #1850 ) ;
#4258 = CARTESIAN_POINT ( 'NONE',  ( 97.75000000000000000, 7.500000000000013323, -7.499999999999993783 ) ) ;
#4259 = EDGE_LOOP ( 'NONE', ( #1823, #3973, #1748, #4578 ) ) ;
#4260 = DIRECTION ( 'NONE',  ( 0.000000000000000000, 0.000000000000000000, -1.000000000000000000 ) ) ;
#4261 = EDGE_CURVE ( 'NONE', #89, #2, #3817, .T. ) ;
#4262 = LINE ( 'NONE', #1466, #3972 ) ;
#4263 = CYLINDRICAL_SURFACE ( 'NONE', #705, 10.00000000000000888 ) ;
#4264 = ORIENTED_EDGE ( 'NONE', *, *, #2298, .T. ) ;
#4265 = LINE ( 'NONE', #762, #39 ) ;
#4266 = EDGE_LOOP ( 'NONE', ( #3509, #1651, #4534, #2216 ) ) ;
#4267 = CARTESIAN_POINT ( 'NONE',  ( 89.96000000000000796, 11.74999999999999645, -60.00000000000000000 ) ) ;
#4268 = CARTESIAN_POINT ( 'NONE',  ( 6.500000000000000000, 2.999999999999995559, -54.74999999999997868 ) ) ;
#4269 = FACE_OUTER_BOUND ( 'NONE', #1321, .T. ) ;
#4270 = ORIENTED_EDGE ( 'NONE', *, *, #3290, .T. ) ;
#4271 = EDGE_CURVE ( 'NONE', #933, #2221, #3386, .T. ) ;
#4272 = CARTESIAN_POINT ( 'NONE',  ( 100.0000000000000000, 0.000000000000000000, -51.37499999999987921 ) ) ;
#4273 = DIRECTION ( 'NONE',  ( 0.000000000000000000, 0.000000000000000000, -1.000000000000000000 ) ) ;
#4274 = ORIENTED_EDGE ( 'NONE', *, *, #3020, .T. ) ;
#4275 = EDGE_CURVE ( 'NONE', #2970, #2113, #1143, .T. ) ;
#4276 = EDGE_LOOP ( 'NONE', ( #4078, #3272, #1640, #2870 ) ) ;
#4277 = CARTESIAN_POINT ( 'NONE',  ( 93.50000000000000000, 2.999999999999995559, -2.249999999999999112 ) ) ;
#4278 = AXIS2_PLACEMENT_3D ( 'NONE', #4820, #652, #2176 ) ;
#4279 = LINE ( 'NONE', #2036, #4135 ) ;
#4280 = DIRECTION ( 'NONE',  ( -1.291815354450813925E-16, 0.000000000000000000, -1.000000000000000000 ) ) ;
#4281 = CARTESIAN_POINT ( 'NONE',  ( 89.96000000000000796, 11.74999999999999645, -2.249999999999999112 ) ) ;
#4282 = EDGE_LOOP ( 'NONE', ( #488, #3908 ) ) ;
#4283 = DIRECTION ( 'NONE',  ( 0.000000000000000000, 0.000000000000000000, -1.000000000000000000 ) ) ;
#4284 = ORIENTED_EDGE ( 'NONE', *, *, #2560, .F. ) ;
#4285 = CARTESIAN_POINT ( 'NONE',  ( 100.0000000000000000, 11.74000000000000021, -8.390000000000002345 ) ) ;
#4286 = CARTESIAN_POINT ( 'NONE',  ( 7.500000000000000888, 24.50000000000003553, -8.625000000000117240 ) ) ;
#4287 = DIRECTION ( 'NONE',  ( 0.000000000000000000, 6.167905692361974645E-15, -1.000000000000000000 ) ) ;
#4288 = ORIENTED_EDGE ( 'NONE', *, *, #4519, .T. ) ;
#4289 = DIRECTION ( 'NONE',  ( -1.000000000000000000, 0.000000000000000000, 0.000000000000000000 ) ) ;
#4290 = ORIENTED_EDGE ( 'NONE', *, *, #4210, .F. ) ;
#4291 = VECTOR ( 'NONE', #1059, 1000.000000000000000 ) ;
#4292 = PLANE ( 'NONE',  #2061 ) ;
#4293 = CARTESIAN_POINT ( 'NONE',  ( 92.50000000000000000, 17.50000000000000000, -54.74999999999997868 ) ) ;
#4294 = VECTOR ( 'NONE', #1662, 1000.000000000000000 ) ;
#4295 = VERTEX_POINT ( 'NONE', #4618 ) ;
#4296 = DIRECTION ( 'NONE',  ( -0.000000000000000000, -0.000000000000000000, 1.000000000000000000 ) ) ;
#4297 = CIRCLE ( 'NONE', #4330, 1.699999999999987965 ) ;
#4298 = LINE ( 'NONE', #3971, #2746 ) ;
#4299 = EDGE_CURVE ( 'NONE', #1013, #254, #3812, .T. ) ;
#4300 = CIRCLE ( 'NONE', #2447, 1.699999999999987965 ) ;
#4301 = CARTESIAN_POINT ( 'NONE',  ( 2.250000000000000000, 7.500000000000000000, -17.49999999999999645 ) ) ;
#4302 = CARTESIAN_POINT ( 'NONE',  ( 92.50000000000002842, 0.000000000000000000, -42.50000000000000000 ) ) ;
#4303 = VECTOR ( 'NONE', #2994, 1000.000000000000000 ) ;
#4304 = DIRECTION ( 'NONE',  ( 0.000000000000000000, 0.000000000000000000, -1.000000000000000000 ) ) ;
#4305 = LINE ( 'NONE', #878, #691 ) ;
#4306 = LINE ( 'NONE', #2344, #1954 ) ;
#4307 = ORIENTED_EDGE ( 'NONE', *, *, #3843, .T. ) ;
#4308 = ORIENTED_EDGE ( 'NONE', *, *, #406, .T. ) ;
#4309 = EDGE_CURVE ( 'NONE', #2474, #1917, #2291, .T. ) ;
#4310 = LINE ( 'NONE', #3956, #4408 ) ;
#4311 = CARTESIAN_POINT ( 'NONE',  ( 0.000000000000000000, 17.50000000000000000, -5.000000000000000888 ) ) ;
#4312 = DIRECTION ( 'NONE',  ( -0.000000000000000000, -1.000000000000000000, -0.000000000000000000 ) ) ;
#4313 = ORIENTED_EDGE ( 'NONE', *, *, #2606, .F. ) ;
#4314 = DIRECTION ( 'NONE',  ( 0.000000000000000000, 0.000000000000000000, -1.000000000000000000 ) ) ;
#4315 = VECTOR ( 'NONE', #434, 1000.000000000000000 ) ;
#4316 = VERTEX_POINT ( 'NONE', #3839 ) ;
#4317 = DIRECTION ( 'NONE',  ( 0.000000000000000000, -0.000000000000000000, -1.000000000000000000 ) ) ;
#4318 = EDGE_CURVE ( 'NONE', #191, #3576, #1521, .T. ) ;
#4319 = ORIENTED_EDGE ( 'NONE', *, *, #3585, .F. ) ;
#4320 = VERTEX_POINT ( 'NONE', #2258 ) ;
#4321 = DIRECTION ( 'NONE',  ( -0.000000000000000000, -1.000000000000000000, -0.000000000000000000 ) ) ;
#4322 = DIRECTION ( 'NONE',  ( -0.000000000000000000, -1.000000000000000000, 5.551115123125794535E-15 ) ) ;
#4323 = EDGE_CURVE ( 'NONE', #4597, #390, #331, .T. ) ;
#4324 = EDGE_LOOP ( 'NONE', ( #1574, #2832, #4308, #2378 ) ) ;
#4325 = CARTESIAN_POINT ( 'NONE',  ( 88.26000000000000512, 1.659999999999999476, -49.94999999999999574 ) ) ;
#4326 = CARTESIAN_POINT ( 'NONE',  ( 11.75000000000000711, 3.000000000000000000, -49.95000000000000284 ) ) ;
#4327 = CIRCLE ( 'NONE', #1027, 3.360000000000002096 ) ;
#4328 = PLANE ( 'NONE',  #1984 ) ;
#4329 = LINE ( 'NONE', #829, #3401 ) ;
#4330 = AXIS2_PLACEMENT_3D ( 'NONE', #3283, #3329, #1444 ) ;
#4331 = VERTEX_POINT ( 'NONE', #1498 ) ;
#4332 = ORIENTED_EDGE ( 'NONE', *, *, #4491, .F. ) ;
#4333 = EDGE_CURVE ( 'NONE', #1518, #1997, #4137, .T. ) ;
#4334 = CARTESIAN_POINT ( 'NONE',  ( 11.75000000000000533, 11.75000000000000000, -58.33999999999997499 ) ) ;
#4335 = EDGE_CURVE ( 'NONE', #4599, #390, #4566, .T. ) ;
#4336 = CARTESIAN_POINT ( 'NONE',  ( 0.000000000000000000, 3.000000000000000000, 0.000000000000000000 ) ) ;
#4337 = VECTOR ( 'NONE', #3771, 1000.000000000000000 ) ;
#4338 = CARTESIAN_POINT ( 'NONE',  ( 94.75000000000000000, 2.999999999999995559, 0.000000000000000000 ) ) ;
#4339 = VERTEX_POINT ( 'NONE', #736 ) ;
#4340 = CARTESIAN_POINT ( 'NONE',  ( 7.500000000000007105, 17.50000000000000000, -60.00000000000000000 ) ) ;
#4341 = ORIENTED_EDGE ( 'NONE', *, *, #4486, .T. ) ;
#4342 = DIRECTION ( 'NONE',  ( 1.000000000000000000, -0.000000000000000000, 0.000000000000000000 ) ) ;
#4343 = VERTEX_POINT ( 'NONE', #2306 ) ;
#4344 = ORIENTED_EDGE ( 'NONE', *, *, #4261, .F. ) ;
#4345 = CARTESIAN_POINT ( 'NONE',  ( 92.50000000000000000, 24.50000000000003553, -51.37499999999987921 ) ) ;
#4346 = DIRECTION ( 'NONE',  ( 0.000000000000000000, 0.000000000000000000, -1.000000000000000000 ) ) ;
#4347 = VERTEX_POINT ( 'NONE', #4592 ) ;
#4348 = VERTEX_POINT ( 'NONE', #2705 ) ;
#4349 = CARTESIAN_POINT ( 'NONE',  ( 93.50000000000000000, 17.50000000000000000, -54.99999999999999289 ) ) ;
#4350 = DIRECTION ( 'NONE',  ( -0.000000000000000000, -1.000000000000000000, -0.000000000000000000 ) ) ;
#4351 = ADVANCED_FACE ( 'NONE', ( #3105 ), #3249, .F. ) ;
#4352 = LINE ( 'NONE', #3950, #1595 ) ;
#4353 = CARTESIAN_POINT ( 'NONE',  ( 6.500000000000000000, 2.999999999999995559, -5.249999999999999112 ) ) ;
#4354 = ORIENTED_EDGE ( 'NONE', *, *, #2935, .T. ) ;
#4355 = VERTEX_POINT ( 'NONE', #2727 ) ;
#4356 = CARTESIAN_POINT ( 'NONE',  ( 1.660000000000001696, 11.74000000000000021, -48.26000000000000512 ) ) ;
#4357 = EDGE_CURVE ( 'NONE', #388, #1841, #498, .T. ) ;
#4358 = LINE ( 'NONE', #1213, #1476 ) ;
#4359 = DIRECTION ( 'NONE',  ( 0.000000000000000000, 0.000000000000000000, -1.000000000000000000 ) ) ;
#4360 = ORIENTED_EDGE ( 'NONE', *, *, #4154, .T. ) ;
#4361 = DIRECTION ( 'NONE',  ( -0.000000000000000000, -6.167905692361974645E-15, 1.000000000000000000 ) ) ;
#4362 = ORIENTED_EDGE ( 'NONE', *, *, #541, .F. ) ;
#4363 = ADVANCED_FACE ( 'NONE', ( #1570 ), #3484, .T. ) ;
#4364 = EDGE_CURVE ( 'NONE', #1158, #601, #1469, .T. ) ;
#4365 = FACE_OUTER_BOUND ( 'NONE', #3236, .T. ) ;
#4366 = DIRECTION ( 'NONE',  ( 0.000000000000000000, 0.000000000000000000, -1.000000000000000000 ) ) ;
#4367 = VERTEX_POINT ( 'NONE', #3760 ) ;
#4368 = AXIS2_PLACEMENT_3D ( 'NONE', #4836, #1384, #4463 ) ;
#4369 = ORIENTED_EDGE ( 'NONE', *, *, #69, .F. ) ;
#4370 = PLANE ( 'NONE',  #3047 ) ;
#4371 = EDGE_CURVE ( 'NONE', #1857, #1940, #279, .T. ) ;
#4372 = ORIENTED_EDGE ( 'NONE', *, *, #1650, .F. ) ;
#4373 = VECTOR ( 'NONE', #3381, 1000.000000000000000 ) ;
#4374 = ORIENTED_EDGE ( 'NONE', *, *, #3598, .T. ) ;
#4375 = CARTESIAN_POINT ( 'NONE',  ( 92.50000000000000000, 0.000000000000000000, -7.500000000000000000 ) ) ;
#4376 = VECTOR ( 'NONE', #2062, 1000.000000000000000 ) ;
#4377 = AXIS2_PLACEMENT_3D ( 'NONE', #4116, #561, #2181 ) ;
#4378 = AXIS2_PLACEMENT_3D ( 'NONE', #2004, #3539, #87 ) ;
#4379 = CARTESIAN_POINT ( 'NONE',  ( 11.75000000000000178, 0.000000000000000000, -8.380000000000000782 ) ) ;
#4380 = EDGE_CURVE ( 'NONE', #3753, #3867, #1496, .T. ) ;
#4381 = ORIENTED_EDGE ( 'NONE', *, *, #4691, .T. ) ;
#4382 = CIRCLE ( 'NONE', #4546, 1.699999999999987965 ) ;
#4383 = ORIENTED_EDGE ( 'NONE', *, *, #4429, .T. ) ;
#4384 = AXIS2_PLACEMENT_3D ( 'NONE', #3144, #832, #2371 ) ;
#4385 = CARTESIAN_POINT ( 'NONE',  ( 100.0000000000000000, 18.94999999999998863, -56.99999999999999289 ) ) ;
#4386 = LINE ( 'NONE', #885, #27 ) ;
#4387 = LINE ( 'NONE', #3201, #3766 ) ;
#4388 = ORIENTED_EDGE ( 'NONE', *, *, #1688, .T. ) ;
#4389 = DIRECTION ( 'NONE',  ( 0.000000000000000000, -1.000000000000000000, -5.551115123125794535E-15 ) ) ;
#4390 = VERTEX_POINT ( 'NONE', #2230 ) ;
#4391 = CARTESIAN_POINT ( 'NONE',  ( 2.250000000000005773, 11.74000000000000021, -11.75000000000000178 ) ) ;
#4392 = DIRECTION ( 'NONE',  ( 0.000000000000000000, 0.000000000000000000, -1.000000000000000000 ) ) ;
#4393 = CARTESIAN_POINT ( 'NONE',  ( 0.000000000000000000, 24.50000000000045830, -59.99999999999984368 ) ) ;
#4394 = VECTOR ( 'NONE', #4771, 1000.000000000000000 ) ;
#4395 = VERTEX_POINT ( 'NONE', #4922 ) ;
#4396 = ORIENTED_EDGE ( 'NONE', *, *, #3379, .F. ) ;
#4397 = DIRECTION ( 'NONE',  ( -0.000000000000000000, 1.000000000000000000, -0.000000000000000000 ) ) ;
#4398 = ADVANCED_FACE ( 'NONE', ( #3001 ), #3085, .F. ) ;
#4399 = AXIS2_PLACEMENT_3D ( 'NONE', #3362, #4522, #4430 ) ;
#4400 = EDGE_CURVE ( 'NONE', #3741, #1710, #4619, .T. ) ;
#4401 = ORIENTED_EDGE ( 'NONE', *, *, #4446, .T. ) ;
#4402 = DIRECTION ( 'NONE',  ( -1.000000000000000000, 0.000000000000000000, 0.000000000000000000 ) ) ;
#4403 = CARTESIAN_POINT ( 'NONE',  ( 0.000000000000000000, 2.999999999999995559, -6.500000000000000000 ) ) ;
#4404 = DIRECTION ( 'NONE',  ( 0.000000000000000000, 0.000000000000000000, -1.000000000000000000 ) ) ;
#4405 = CARTESIAN_POINT ( 'NONE',  ( 82.50000000000000000, 7.500000000000000000, -60.00000000000000000 ) ) ;
#4406 = ORIENTED_EDGE ( 'NONE', *, *, #2909, .T. ) ;
#4407 = ORIENTED_EDGE ( 'NONE', *, *, #4731, .T. ) ;
#4408 = VECTOR ( 'NONE', #811, 1000.000000000000000 ) ;
#4409 = CARTESIAN_POINT ( 'NONE',  ( 0.000000000000000000, 11.74000000000000021, -11.75000000000000178 ) ) ;
#4410 = AXIS2_PLACEMENT_3D ( 'NONE', #1188, #2999, #1869 ) ;
#4411 = LINE ( 'NONE', #4863, #2593 ) ;
#4412 = VECTOR ( 'NONE', #4009, 1000.000000000000000 ) ;
#4413 = ORIENTED_EDGE ( 'NONE', *, *, #1412, .T. ) ;
#4414 = DIRECTION ( 'NONE',  ( 0.000000000000000000, -1.000000000000000000, -2.282530889443167022E-16 ) ) ;
#4415 = VERTEX_POINT ( 'NONE', #349 ) ;
#4416 = EDGE_CURVE ( 'NONE', #3075, #990, #3730, .T. ) ;
#4417 = CIRCLE ( 'NONE', #962, 10.00000000000000533 ) ;
#4418 = CARTESIAN_POINT ( 'NONE',  ( 97.74999999999998579, 2.999999999999995559, -6.500000000000000000 ) ) ;
#4419 = CARTESIAN_POINT ( 'NONE',  ( 89.50000000000001421, 17.50000000000001421, -5.250000000000018652 ) ) ;
#4420 = CARTESIAN_POINT ( 'NONE',  ( 92.50000000000001421, 3.000000000000000000, -17.49999999999999645 ) ) ;
#4421 = ORIENTED_EDGE ( 'NONE', *, *, #4858, .T. ) ;
#4422 = VERTEX_POINT ( 'NONE', #1353 ) ;
#4423 = CARTESIAN_POINT ( 'NONE',  ( 10.50000000000000000, 24.50000000000011724, -5.249999999999979572 ) ) ;
#4424 = AXIS2_PLACEMENT_3D ( 'NONE', #2388, #825, #3900 ) ;
#4425 = EDGE_CURVE ( 'NONE', #3711, #814, #734, .T. ) ;
#4426 = EDGE_LOOP ( 'NONE', ( #946, #4341, #4360, #4748 ) ) ;
#4427 = DIRECTION ( 'NONE',  ( 0.000000000000000000, 0.000000000000000000, -1.000000000000000000 ) ) ;
#4428 = AXIS2_PLACEMENT_3D ( 'NONE', #1019, #3758, #4897 ) ;
#4429 = EDGE_CURVE ( 'NONE', #4465, #3037, #1162, .T. ) ;
#4430 = DIRECTION ( 'NONE',  ( -1.000000000000000000, 0.000000000000000000, -0.000000000000000000 ) ) ;
#4431 = ORIENTED_EDGE ( 'NONE', *, *, #1835, .F. ) ;
#4432 = CARTESIAN_POINT ( 'NONE',  ( 100.0000000000000000, 11.74000000000000021, -11.75000000000000178 ) ) ;
#4433 = ORIENTED_EDGE ( 'NONE', *, *, #1409, .T. ) ;
#4434 = FACE_BOUND ( 'NONE', #1821, .T. ) ;
#4435 = CIRCLE ( 'NONE', #3872, 1.699999999999993072 ) ;
#4436 = PLANE ( 'NONE',  #3763 ) ;
#4437 = CARTESIAN_POINT ( 'NONE',  ( 6.499999999999998224, 12.38549774682508264, -47.94551413355181779 ) ) ;
#4438 = ORIENTED_EDGE ( 'NONE', *, *, #2630, .F. ) ;
#4439 = DIRECTION ( 'NONE',  ( -1.291815354450813925E-16, -5.551115123125794535E-15, -1.000000000000000000 ) ) ;
#4440 = EDGE_LOOP ( 'NONE', ( #618, #2193, #1687, #2257, #3046, #3875 ) ) ;
#4441 = AXIS2_PLACEMENT_3D ( 'NONE', #1982, #3417, #3032 ) ;
#4442 = CARTESIAN_POINT ( 'NONE',  ( 7.500000000000000888, 17.50000000000000000, -54.74999999999997868 ) ) ;
#4443 = LINE ( 'NONE', #3757, #2618 ) ;
#4444 = CARTESIAN_POINT ( 'NONE',  ( 0.000000000000000000, 2.999999999999995559, -53.50000000000000000 ) ) ;
#4445 = ORIENTED_EDGE ( 'NONE', *, *, #3658, .T. ) ;
#4446 = EDGE_CURVE ( 'NONE', #909, #1932, #3025, .T. ) ;
#4447 = ORIENTED_EDGE ( 'NONE', *, *, #873, .T. ) ;
#4448 = DIRECTION ( 'NONE',  ( 0.000000000000000000, -0.7071067811865474617, -0.7071067811865475727 ) ) ;
#4449 = VERTEX_POINT ( 'NONE', #4779 ) ;
#4450 = VECTOR ( 'NONE', #2293, 1000.000000000000000 ) ;
#4451 = EDGE_CURVE ( 'NONE', #2413, #2687, #2277, .T. ) ;
#4452 = CARTESIAN_POINT ( 'NONE',  ( 89.50000000000001421, 24.50000000000006395, -54.75000000000002132 ) ) ;
#4453 = ORIENTED_EDGE ( 'NONE', *, *, #4309, .T. ) ;
#4454 = DIRECTION ( 'NONE',  ( 0.000000000000000000, 0.000000000000000000, -1.000000000000000000 ) ) ;
#4455 = ORIENTED_EDGE ( 'NONE', *, *, #2077, .F. ) ;
#4456 = DIRECTION ( 'NONE',  ( -0.000000000000000000, -0.000000000000000000, 1.000000000000000000 ) ) ;
#4457 = VECTOR ( 'NONE', #3830, 1000.000000000000000 ) ;
#4458 = EDGE_CURVE ( 'NONE', #111, #4597, #2863, .T. ) ;
#4459 = EDGE_CURVE ( 'NONE', #2874, #3753, #2488, .T. ) ;
#4460 = AXIS2_PLACEMENT_3D ( 'NONE', #4393, #1244, #1645 ) ;
#4461 = DIRECTION ( 'NONE',  ( -1.000000000000000000, 0.000000000000000000, 0.000000000000000000 ) ) ;
#4462 = VECTOR ( 'NONE', #2677, 1000.000000000000000 ) ;
#4463 = DIRECTION ( 'NONE',  ( 2.551063935260009998E-16, 0.000000000000000000, 1.000000000000000000 ) ) ;
#4464 = EDGE_CURVE ( 'NONE', #2536, #2210, #1802, .T. ) ;
#4465 = VERTEX_POINT ( 'NONE', #3358 ) ;
#4466 = CARTESIAN_POINT ( 'NONE',  ( 89.50000000000001421, 22.25000000000003553, -6.375000000000116351 ) ) ;
#4467 = ORIENTED_EDGE ( 'NONE', *, *, #4735, .T. ) ;
#4468 = VECTOR ( 'NONE', #2047, 1000.000000000000000 ) ;
#4469 = CARTESIAN_POINT ( 'NONE',  ( 91.62000000000001876, 11.74999999999999645, 1.734723475976807883E-15 ) ) ;
#4470 = FACE_OUTER_BOUND ( 'NONE', #2551, .T. ) ;
#4471 = FACE_OUTER_BOUND ( 'NONE', #2486, .T. ) ;
#4472 = EDGE_LOOP ( 'NONE', ( #4227, #4824 ) ) ;
#4473 = ORIENTED_EDGE ( 'NONE', *, *, #4491, .T. ) ;
#4474 = FACE_OUTER_BOUND ( 'NONE', #2726, .T. ) ;
#4475 = AXIS2_PLACEMENT_3D ( 'NONE', #3941, #508, #4392 ) ;
#4476 = EDGE_CURVE ( 'NONE', #563, #3051, #516, .T. ) ;
#4477 = VERTEX_POINT ( 'NONE', #3644 ) ;
#4478 = VECTOR ( 'NONE', #71, 1000.000000000000000 ) ;
#4479 = EDGE_CURVE ( 'NONE', #2210, #2536, #3574, .T. ) ;
#4480 = CARTESIAN_POINT ( 'NONE',  ( 100.0000000000000000, 7.500000000000000000, -42.49999999999999289 ) ) ;
#4481 = PLANE ( 'NONE',  #4575 ) ;
#4482 = ORIENTED_EDGE ( 'NONE', *, *, #3631, .T. ) ;
#4483 = DIRECTION ( 'NONE',  ( -1.000000000000000000, 1.328227547853268932E-30, 2.392722035830078972E-16 ) ) ;
#4484 = CARTESIAN_POINT ( 'NONE',  ( 2.250000000000005329, 11.74000000000000021, -13.44999999999999929 ) ) ;
#4485 = DIRECTION ( 'NONE',  ( -0.000000000000000000, -1.000000000000000000, -0.000000000000000000 ) ) ;
#4486 = EDGE_CURVE ( 'NONE', #2338, #3176, #1045, .T. ) ;
#4487 = ORIENTED_EDGE ( 'NONE', *, *, #2853, .T. ) ;
#4488 = CARTESIAN_POINT ( 'NONE',  ( 93.50000000000000000, 24.50000000000000000, -57.75000000000000000 ) ) ;
#4489 = ORIENTED_EDGE ( 'NONE', *, *, #908, .F. ) ;
#4490 = CIRCLE ( 'NONE', #298, 1.700000000000000178 ) ;
#4491 = EDGE_CURVE ( 'NONE', #4065, #959, #656, .T. ) ;
#4492 = DIRECTION ( 'NONE',  ( -1.000000000000000000, -0.000000000000000000, -0.000000000000000000 ) ) ;
#4493 = LINE ( 'NONE', #4062, #3342 ) ;
#4494 = FACE_BOUND ( 'NONE', #789, .T. ) ;
#4495 = ORIENTED_EDGE ( 'NONE', *, *, #810, .T. ) ;
#4496 = ORIENTED_EDGE ( 'NONE', *, *, #1464, .F. ) ;
#4497 = VECTOR ( 'NONE', #4287, 1000.000000000000000 ) ;
#4498 = LINE ( 'NONE', #658, #751 ) ;
#4499 = EDGE_LOOP ( 'NONE', ( #2949, #4837, #249, #3639, #199, #4987, #2180, #4030, #1391 ) ) ;
#4500 = CIRCLE ( 'NONE', #309, 3.360000000000002096 ) ;
#4501 = FACE_OUTER_BOUND ( 'NONE', #1098, .T. ) ;
#4502 = DIRECTION ( 'NONE',  ( 1.000000000000000000, -0.000000000000000000, -0.000000000000000000 ) ) ;
#4503 = ORIENTED_EDGE ( 'NONE', *, *, #3263, .T. ) ;
#4504 = EDGE_CURVE ( 'NONE', #4542, #4295, #2978, .T. ) ;
#4505 = DIRECTION ( 'NONE',  ( 0.000000000000000000, -0.000000000000000000, -1.000000000000000000 ) ) ;
#4506 = PLANE ( 'NONE',  #4728 ) ;
#4507 = DIRECTION ( 'NONE',  ( 1.000000000000000000, -0.000000000000000000, -0.000000000000000000 ) ) ;
#4508 = ORIENTED_EDGE ( 'NONE', *, *, #4638, .F. ) ;
#4509 = CARTESIAN_POINT ( 'NONE',  ( 6.500000000000000000, 2.999999999999995559, -54.99999999999999289 ) ) ;
#4510 = ORIENTED_EDGE ( 'NONE', *, *, #2918, .T. ) ;
#4511 = EDGE_CURVE ( 'NONE', #4792, #4465, #2379, .T. ) ;
#4512 = CARTESIAN_POINT ( 'NONE',  ( 0.000000000000000000, 0.000000000000000000, -7.500000000000000000 ) ) ;
#4513 = CARTESIAN_POINT ( 'NONE',  ( 17.50000000000000000, 7.500000000000000000, -57.74999999999999289 ) ) ;
#4514 = CARTESIAN_POINT ( 'NONE',  ( 92.50000000000001421, 0.000000000000000000, -17.49999999999999645 ) ) ;
#4515 = AXIS2_PLACEMENT_3D ( 'NONE', #2658, #4957, #4174 ) ;
#4516 = ORIENTED_EDGE ( 'NONE', *, *, #3350, .F. ) ;
#4517 = CARTESIAN_POINT ( 'NONE',  ( 100.0000000000000000, 11.74000000000000021, -48.26000000000000512 ) ) ;
#4518 = VERTEX_POINT ( 'NONE', #3102 ) ;
#4519 = EDGE_CURVE ( 'NONE', #1813, #3549, #839, .T. ) ;
#4520 = DIRECTION ( 'NONE',  ( 0.000000000000000000, -0.8096104433943885903, -0.5869675714609297046 ) ) ;
#4521 = EDGE_CURVE ( 'NONE', #900, #3157, #815, .T. ) ;
#4522 = DIRECTION ( 'NONE',  ( 0.000000000000000000, 0.000000000000000000, -1.000000000000000000 ) ) ;
#4523 = EDGE_LOOP ( 'NONE', ( #356, #3069, #1365, #4143 ) ) ;
#4524 = EDGE_CURVE ( 'NONE', #3337, #1402, #674, .T. ) ;
#4525 = DIRECTION ( 'NONE',  ( -1.000000000000000000, -0.000000000000000000, -0.000000000000000000 ) ) ;
#4526 = DIRECTION ( 'NONE',  ( 0.000000000000000000, -0.7071067811865470176, -0.7071067811865479058 ) ) ;
#4527 = VERTEX_POINT ( 'NONE', #1918 ) ;
#4528 = AXIS2_PLACEMENT_3D ( 'NONE', #4157, #1486, #3374 ) ;
#4529 = LINE ( 'NONE', #220, #2343 ) ;
#4530 = FACE_OUTER_BOUND ( 'NONE', #1397, .T. ) ;
#4531 = VECTOR ( 'NONE', #1112, 1000.000000000000000 ) ;
#4532 = ADVANCED_FACE ( 'NONE', ( #2675 ), #4590, .F. ) ;
#4533 = DIRECTION ( 'NONE',  ( 1.000000000000000000, 0.000000000000000000, 0.000000000000000000 ) ) ;
#4534 = ORIENTED_EDGE ( 'NONE', *, *, #4416, .T. ) ;
#4535 = DIRECTION ( 'NONE',  ( 0.000000000000000000, 1.000000000000000000, -0.000000000000000000 ) ) ;
#4536 = ORIENTED_EDGE ( 'NONE', *, *, #4750, .T. ) ;
#4537 = AXIS2_PLACEMENT_3D ( 'NONE', #4694, #3561, #1669 ) ;
#4538 = VECTOR ( 'NONE', #1448, 1000.000000000000000 ) ;
#4539 = DIRECTION ( 'NONE',  ( -0.000000000000000000, 0.000000000000000000, 1.000000000000000000 ) ) ;
#4540 = DIRECTION ( 'NONE',  ( 0.000000000000000000, -0.000000000000000000, -1.000000000000000000 ) ) ;
#4541 = DIRECTION ( 'NONE',  ( 0.000000000000000000, 0.000000000000000000, -1.000000000000000000 ) ) ;
#4542 = VERTEX_POINT ( 'NONE', #4642 ) ;
#4543 = DIRECTION ( 'NONE',  ( 1.000000000000000000, 0.000000000000000000, 4.984837574645997858E-18 ) ) ;
#4544 = EDGE_LOOP ( 'NONE', ( #641, #3481, #4844, #1497 ) ) ;
#4545 = CARTESIAN_POINT ( 'NONE',  ( 0.000000000000000000, 11.74000000000000021, -48.26000000000000512 ) ) ;
#4546 = AXIS2_PLACEMENT_3D ( 'NONE', #376, #3052, #4289 ) ;
#4547 = LINE ( 'NONE', #2628, #1416 ) ;
#4548 = ORIENTED_EDGE ( 'NONE', *, *, #451, .F. ) ;
#4549 = EDGE_CURVE ( 'NONE', #4981, #4876, #3336, .T. ) ;
#4550 = EDGE_CURVE ( 'NONE', #4367, #3659, #4382, .T. ) ;
#4551 = DIRECTION ( 'NONE',  ( 0.000000000000000000, -0.7071067811865455743, -0.7071067811865493491 ) ) ;
#4552 = VECTOR ( 'NONE', #945, 1000.000000000000000 ) ;
#4553 = ORIENTED_EDGE ( 'NONE', *, *, #4968, .F. ) ;
#4554 = DIRECTION ( 'NONE',  ( 0.000000000000000000, 0.000000000000000000, 1.000000000000000000 ) ) ;
#4555 = DIRECTION ( 'NONE',  ( -1.000000000000000000, 0.000000000000000000, -0.000000000000000000 ) ) ;
#4556 = LINE ( 'NONE', #3397, #187 ) ;
#4557 = VERTEX_POINT ( 'NONE', #3076 ) ;
#4558 = CARTESIAN_POINT ( 'NONE',  ( 100.0000000000000000, 11.74000000000000021, -8.390000000000002345 ) ) ;
#4559 = VERTEX_POINT ( 'NONE', #1216 ) ;
#4560 = DIRECTION ( 'NONE',  ( 1.000000000000000000, 0.000000000000000000, 0.000000000000000000 ) ) ;
#4561 = LINE ( 'NONE', #2300, #4531 ) ;
#4562 = CARTESIAN_POINT ( 'NONE',  ( 88.26000000000000512, 1.659999999999999476, -48.25000000000000000 ) ) ;
#4563 = EDGE_LOOP ( 'NONE', ( #711, #278 ) ) ;
#4564 = CARTESIAN_POINT ( 'NONE',  ( 1.121588454295349287E-17, 2.999999999999995559, -2.249999999999999556 ) ) ;
#4565 = ORIENTED_EDGE ( 'NONE', *, *, #3221, .F. ) ;
#4566 = LINE ( 'NONE', #4193, #1396 ) ;
#4567 = EDGE_CURVE ( 'NONE', #33, #422, #3507, .T. ) ;
#4568 = VECTOR ( 'NONE', #1942, 1000.000000000000000 ) ;
#4569 = DIRECTION ( 'NONE',  ( 0.000000000000000000, -1.000000000000000000, 0.000000000000000000 ) ) ;
#4570 = LINE ( 'NONE', #2334, #1561 ) ;
#4571 = AXIS2_PLACEMENT_3D ( 'NONE', #913, #2449, #2986 ) ;
#4572 = ORIENTED_EDGE ( 'NONE', *, *, #810, .F. ) ;
#4573 = PLANE ( 'NONE',  #4515 ) ;
#4574 = EDGE_CURVE ( 'NONE', #3506, #627, #1141, .T. ) ;
#4575 = AXIS2_PLACEMENT_3D ( 'NONE', #1028, #2839, #4099 ) ;
#4576 = DIRECTION ( 'NONE',  ( 0.000000000000000000, 0.000000000000000000, 1.000000000000000000 ) ) ;
#4577 = LINE ( 'NONE', #3392, #629 ) ;
#4578 = ORIENTED_EDGE ( 'NONE', *, *, #2546, .F. ) ;
#4579 = DIRECTION ( 'NONE',  ( -0.000000000000000000, 1.000000000000000000, -0.000000000000000000 ) ) ;
#4580 = ADVANCED_FACE ( 'NONE', ( #7 ), #3460, .T. ) ;
#4581 = CIRCLE ( 'NONE', #75, 1.700000000000000178 ) ;
#4582 = CARTESIAN_POINT ( 'NONE',  ( 88.26000000000000512, 0.000000000000000000, -11.74000000000000199 ) ) ;
#4583 = CARTESIAN_POINT ( 'NONE',  ( 93.50000000000000000, 2.999999999999995559, -54.75000000000000000 ) ) ;
#4584 = ORIENTED_EDGE ( 'NONE', *, *, #3276, .F. ) ;
#4585 = ORIENTED_EDGE ( 'NONE', *, *, #1650, .T. ) ;
#4586 = CARTESIAN_POINT ( 'NONE',  ( 92.50000000000000000, 7.500000000000000000, 0.000000000000000000 ) ) ;
#4587 = DIRECTION ( 'NONE',  ( -0.000000000000000000, 1.000000000000000000, 0.000000000000000000 ) ) ;
#4588 = CARTESIAN_POINT ( 'NONE',  ( 100.0000000000000000, 11.74000000000000021, -44.90000000000000568 ) ) ;
#4589 = ORIENTED_EDGE ( 'NONE', *, *, #2671, .T. ) ;
#4590 = PLANE ( 'NONE',  #3983 ) ;
#4591 = ORIENTED_EDGE ( 'NONE', *, *, #3248, .T. ) ;
#4592 = CARTESIAN_POINT ( 'NONE',  ( 17.50000000000000000, 0.000000000000000000, -7.500000000000000888 ) ) ;
#4593 = LINE ( 'NONE', #1523, #2304 ) ;
#4594 = CARTESIAN_POINT ( 'NONE',  ( 89.96000000000000796, 11.74999999999999645, -57.75000000000000000 ) ) ;
#4595 = EDGE_CURVE ( 'NONE', #4599, #4065, #1568, .T. ) ;
#4596 = ORIENTED_EDGE ( 'NONE', *, *, #2416, .T. ) ;
#4597 = VERTEX_POINT ( 'NONE', #2725 ) ;
#4598 = CARTESIAN_POINT ( 'NONE',  ( 0.000000000000000000, 20.69999999999999929, -56.99999999999999289 ) ) ;
#4599 = VERTEX_POINT ( 'NONE', #1894 ) ;
#4600 = FACE_BOUND ( 'NONE', #2724, .T. ) ;
#4601 = EDGE_CURVE ( 'NONE', #963, #2641, #4265, .T. ) ;
#4602 = CARTESIAN_POINT ( 'NONE',  ( 94.75000000000000000, 2.999999999999995559, -6.500000000000000000 ) ) ;
#4603 = CARTESIAN_POINT ( 'NONE',  ( 97.74999999999998579, 7.500000000000000000, 2.886284591944389247E-14 ) ) ;
#4604 = CIRCLE ( 'NONE', #830, 3.360000000000000320 ) ;
#4605 = ORIENTED_EDGE ( 'NONE', *, *, #4458, .F. ) ;
#4606 = CARTESIAN_POINT ( 'NONE',  ( 7.500000000000000888, 24.50000000000003553, -51.37499999999987921 ) ) ;
#4607 = VERTEX_POINT ( 'NONE', #4616 ) ;
#4608 = EDGE_CURVE ( 'NONE', #2034, #3801, #1591, .T. ) ;
#4609 = ADVANCED_FACE ( 'NONE', ( #4974 ), #1998, .T. ) ;
#4610 = VECTOR ( 'NONE', #2326, 1000.000000000000000 ) ;
#4611 = CARTESIAN_POINT ( 'NONE',  ( 97.75000000000000000, 7.500000000000013323, -52.50000000000000711 ) ) ;
#4612 = ADVANCED_FACE ( 'NONE', ( #32 ), #82, .T. ) ;
#4613 = DIRECTION ( 'NONE',  ( -0.000000000000000000, -0.000000000000000000, -1.000000000000000000 ) ) ;
#4614 = PLANE ( 'NONE',  #4410 ) ;
#4615 = ORIENTED_EDGE ( 'NONE', *, *, #2243, .T. ) ;
#4616 = CARTESIAN_POINT ( 'NONE',  ( 11.75000000000000178, 3.000000000000000000, -13.43999999999999950 ) ) ;
#4617 = ORIENTED_EDGE ( 'NONE', *, *, #4550, .F. ) ;
#4618 = CARTESIAN_POINT ( 'NONE',  ( 100.0000000000000000, 20.69999999999999929, -3.000000000000000888 ) ) ;
#4619 = CIRCLE ( 'NONE', #925, 10.00000000000000178 ) ;
#4620 = AXIS2_PLACEMENT_3D ( 'NONE', #4954, #2756, #2310 ) ;
#4621 = LINE ( 'NONE', #1975, #2141 ) ;
#4622 = DIRECTION ( 'NONE',  ( -1.000000000000000000, 0.000000000000000000, 0.000000000000000000 ) ) ;
#4623 = ORIENTED_EDGE ( 'NONE', *, *, #3677, .F. ) ;
#4624 = VECTOR ( 'NONE', #56, 1000.000000000000000 ) ;
#4625 = LINE ( 'NONE', #742, #3470 ) ;
#4626 = ORIENTED_EDGE ( 'NONE', *, *, #2143, .T. ) ;
#4627 = DIRECTION ( 'NONE',  ( -0.000000000000000000, -1.000000000000000000, -0.000000000000000000 ) ) ;
#4628 = LINE ( 'NONE', #3038, #1322 ) ;
#4629 = EDGE_CURVE ( 'NONE', #2751, #138, #2303, .T. ) ;
#4630 = LINE ( 'NONE', #472, #4155 ) ;
#4631 = VECTOR ( 'NONE', #4086, 1000.000000000000000 ) ;
#4632 = DIRECTION ( 'NONE',  ( -0.000000000000000000, -1.000000000000000000, -0.000000000000000000 ) ) ;
#4633 = ORIENTED_EDGE ( 'NONE', *, *, #4299, .T. ) ;
#4634 = DIRECTION ( 'NONE',  ( 0.000000000000000000, -0.000000000000000000, -1.000000000000000000 ) ) ;
#4635 = ORIENTED_EDGE ( 'NONE', *, *, #858, .F. ) ;
#4636 = CIRCLE ( 'NONE', #1341, 3.360000000000002096 ) ;
#4637 = DIRECTION ( 'NONE',  ( 0.000000000000000000, 0.000000000000000000, -1.000000000000000000 ) ) ;
#4638 = EDGE_CURVE ( 'NONE', #643, #166, #1808, .T. ) ;
#4639 = LINE ( 'NONE', #1542, #1718 ) ;
#4640 = DIRECTION ( 'NONE',  ( 0.000000000000000000, 0.000000000000000000, -1.000000000000000000 ) ) ;
#4641 = VERTEX_POINT ( 'NONE', #2426 ) ;
#4642 = CARTESIAN_POINT ( 'NONE',  ( 93.50000000000000000, 20.69999999999999929, -3.000000000000000888 ) ) ;
#4643 = EDGE_LOOP ( 'NONE', ( #2204, #4190, #2462, #4240 ) ) ;
#4644 = CARTESIAN_POINT ( 'NONE',  ( 88.26000000000001933, 11.74999999999999645, 1.734723475976807883E-15 ) ) ;
#4645 = EDGE_CURVE ( 'NONE', #4557, #4776, #161, .T. ) ;
#4646 = DIRECTION ( 'NONE',  ( -0.000000000000000000, -0.000000000000000000, -1.000000000000000000 ) ) ;
#4647 = CARTESIAN_POINT ( 'NONE',  ( 82.50000000000000000, 0.000000000000000000, -7.500000000000000000 ) ) ;
#4648 = ORIENTED_EDGE ( 'NONE', *, *, #4917, .F. ) ;
#4649 = VECTOR ( 'NONE', #2547, 1000.000000000000000 ) ;
#4650 = AXIS2_PLACEMENT_3D ( 'NONE', #1131, #2292, #1058 ) ;
#4651 = LINE ( 'NONE', #4277, #2643 ) ;
#4652 = DIRECTION ( 'NONE',  ( 0.000000000000000000, -1.000000000000000000, 0.000000000000000000 ) ) ;
#4653 = DIRECTION ( 'NONE',  ( -0.000000000000000000, -1.000000000000000000, -0.000000000000000000 ) ) ;
#4654 = DIRECTION ( 'NONE',  ( -2.952720810173288619E-16, 0.000000000000000000, 1.000000000000000000 ) ) ;
#4655 = ADVANCED_FACE ( 'NONE', ( #482 ), #3278, .F. ) ;
#4656 = ORIENTED_EDGE ( 'NONE', *, *, #3624, .F. ) ;
#4657 = LINE ( 'NONE', #4606, #4457 ) ;
#4658 = VECTOR ( 'NONE', #119, 1000.000000000000000 ) ;
#4659 = VERTEX_POINT ( 'NONE', #3960 ) ;
#4660 = CARTESIAN_POINT ( 'NONE',  ( 100.0000000000000000, 0.000000000000000000, 0.000000000000000000 ) ) ;
#4661 = LINE ( 'NONE', #2398, #917 ) ;
#4662 = DIRECTION ( 'NONE',  ( 1.000000000000000000, 0.000000000000000000, 0.000000000000000000 ) ) ;
#4663 = ORIENTED_EDGE ( 'NONE', *, *, #3718, .T. ) ;
#4664 = CARTESIAN_POINT ( 'NONE',  ( 100.0000000000000000, 11.74000000000000021, -48.26000000000000512 ) ) ;
#4665 = EDGE_LOOP ( 'NONE', ( #2566, #4073, #3779, #4206, #154, #3385, #838, #571, #1794, #675 ) ) ;
#4666 = VECTOR ( 'NONE', #95, 1000.000000000000000 ) ;
#4667 = ADVANCED_FACE ( 'NONE', ( #3583 ), #532, .F. ) ;
#4668 = DIRECTION ( 'NONE',  ( -0.000000000000000000, -0.000000000000000000, 1.000000000000000000 ) ) ;
#4669 = LINE ( 'NONE', #4195, #2366 ) ;
#4670 = EDGE_LOOP ( 'NONE', ( #568, #3058 ) ) ;
#4671 = DIRECTION ( 'NONE',  ( 1.000000000000000000, 0.000000000000000000, 0.000000000000000000 ) ) ;
#4672 = EDGE_CURVE ( 'NONE', #4808, #1128, #1264, .T. ) ;
#4673 = CLOSED_SHELL ( 'NONE', ( #3577, #2395, #662, #573, #218, #90, #1539, #3616, #1436, #576, #4705, #1810, #411, #4891, #3422, #3442, #3739, #3030, #4249, #801, #3828, #1161, #2014, #4701, #2914, #4655, #3338, #2422, #893, #4051, #2588, #40, #3113, #2788, #19, #936, #1593, #2510, #985, #600, #1171, #1319, #1934, #1333, #3520, #565, #3288, #1225, #1040, #2816, #4612, #4683, #294, #1995, #795, #1749, #478, #1912, #4875, #386, #2078, #2942, #619, #2761, #1033, #4363, #4769, #3743, #4532, #1778, #2809, #2312, #116, #4084, #2218, #4083, #3394, #4016, #2882, #535, #2272, #2632, #3007, #1222, #178, #4197, #3798, #4925, #1504, #2728, #3782, #371, #4398, #748, #1287, #3774, #1988, #3806, #3319, #588, #2149, #1088, #948, #1074, #4351, #1958, #3468, #4179, #1928, #2461, #2489, #3684, #2001, #1714, #169, #4054, #3969, #2165, #1147, #3179, #1097, #888, #2829, #4609, #1103, #2747, #1632, #544, #4244, #4070, #4092, #453, #2475, #495, #2485, #1212, #1009, #3712, #2043, #1735, #3627, #2534, #3997, #686, #147, #4667, #628, #1025, #2373, #4580, #517, #1326, #3068 ) ) ;
#4674 = EDGE_CURVE ( 'NONE', #4832, #3446, #1886, .T. ) ;
#4675 = DIRECTION ( 'NONE',  ( -0.000000000000000000, -0.000000000000000000, 1.000000000000000000 ) ) ;
#4676 = VECTOR ( 'NONE', #4744, 1000.000000000000000 ) ;
#4677 = DIRECTION ( 'NONE',  ( 1.000000000000000000, -0.000000000000000000, -0.000000000000000000 ) ) ;
#4678 = CARTESIAN_POINT ( 'NONE',  ( 6.500000000000000000, 20.69999999999999929, -54.99999999999999289 ) ) ;
#4679 = DIRECTION ( 'NONE',  ( 0.000000000000000000, 0.000000000000000000, 1.000000000000000000 ) ) ;
#4680 = EDGE_LOOP ( 'NONE', ( #780, #3661 ) ) ;
#4681 = DIRECTION ( 'NONE',  ( 1.000000000000000000, 0.000000000000000000, 0.000000000000000000 ) ) ;
#4682 = ORIENTED_EDGE ( 'NONE', *, *, #1409, .F. ) ;
#4683 = ADVANCED_FACE ( 'NONE', ( #2099 ), #553, .F. ) ;
#4684 = CARTESIAN_POINT ( 'NONE',  ( 0.000000000000000000, 20.69999999999999929, -56.99999999999999289 ) ) ;
#4685 = DIRECTION ( 'NONE',  ( 0.000000000000000000, -0.7071067811865455743, -0.7071067811865493491 ) ) ;
#4686 = FACE_OUTER_BOUND ( 'NONE', #2737, .T. ) ;
#4687 = ORIENTED_EDGE ( 'NONE', *, *, #4458, .T. ) ;
#4688 = DIRECTION ( 'NONE',  ( -4.984837574645997858E-18, 0.000000000000000000, 1.000000000000000000 ) ) ;
#4689 = ORIENTED_EDGE ( 'NONE', *, *, #4323, .F. ) ;
#4690 = AXIS2_PLACEMENT_3D ( 'NONE', #1207, #2815, #4679 ) ;
#4691 = EDGE_CURVE ( 'NONE', #1024, #233, #1665, .T. ) ;
#4692 = LINE ( 'NONE', #1242, #818 ) ;
#4693 = LINE ( 'NONE', #2003, #2785 ) ;
#4694 = CARTESIAN_POINT ( 'NONE',  ( 88.26000000000000512, 0.000000000000000000, -11.74000000000000199 ) ) ;
#4695 = VERTEX_POINT ( 'NONE', #578 ) ;
#4696 = EDGE_LOOP ( 'NONE', ( #38, #1531, #3620, #3016 ) ) ;
#4697 = CARTESIAN_POINT ( 'NONE',  ( 10.50000000000000000, 17.50000000000000711, -6.375000000000019540 ) ) ;
#4698 = MECHANICAL_DESIGN_GEOMETRIC_PRESENTATION_REPRESENTATION (  '', ( #2767 ), #1001 ) ;
#4699 = LINE ( 'NONE', #168, #3551 ) ;
#4700 = AXIS2_PLACEMENT_3D ( 'NONE', #1873, #3868, #3462 ) ;
#4701 = ADVANCED_FACE ( 'NONE', ( #1366 ), #3204, .F. ) ;
#4702 = CYLINDRICAL_SURFACE ( 'NONE', #70, 1.699999999999998401 ) ;
#4703 = LINE ( 'NONE', #1626, #971 ) ;
#4704 = AXIS2_PLACEMENT_3D ( 'NONE', #3633, #989, #131 ) ;
#4705 = ADVANCED_FACE ( 'NONE', ( #1694 ), #4145, .F. ) ;
#4706 = LINE ( 'NONE', #4902, #2308 ) ;
#4707 = DIRECTION ( 'NONE',  ( 0.000000000000000000, -1.000000000000000000, 0.000000000000000000 ) ) ;
#4708 = ORIENTED_EDGE ( 'NONE', *, *, #415, .T. ) ;
#4709 = EDGE_LOOP ( 'NONE', ( #321, #3353, #3643, #3215 ) ) ;
#4710 = CARTESIAN_POINT ( 'NONE',  ( 93.50000000000000000, 18.94999999999999574, -3.000000000000001776 ) ) ;
#4711 = DIRECTION ( 'NONE',  ( 0.000000000000000000, 5.551115123125794535E-15, -1.000000000000000000 ) ) ;
#4712 = LINE ( 'NONE', #3175, #1434 ) ;
#4713 = VERTEX_POINT ( 'NONE', #1291 ) ;
#4714 = DIRECTION ( 'NONE',  ( 0.000000000000000000, -5.551115123125794535E-15, 1.000000000000000000 ) ) ;
#4715 = CIRCLE ( 'NONE', #4960, 1.699999999999993072 ) ;
#4716 = VERTEX_POINT ( 'NONE', #3660 ) ;
#4717 = DIRECTION ( 'NONE',  ( 1.000000000000000000, -0.000000000000000000, 0.000000000000000000 ) ) ;
#4718 = CARTESIAN_POINT ( 'NONE',  ( 97.75000000000000000, 11.74000000000000021, -48.26000000000000512 ) ) ;
#4719 = EDGE_LOOP ( 'NONE', ( #1208, #585, #4766, #2231 ) ) ;
#4720 = EDGE_CURVE ( 'NONE', #4049, #3363, #3177, .T. ) ;
#4721 = ORIENTED_EDGE ( 'NONE', *, *, #353, .F. ) ;
#4722 = DIRECTION ( 'NONE',  ( 1.000000000000000000, 8.673617379884033500E-16, 0.000000000000000000 ) ) ;
#4723 = ORIENTED_EDGE ( 'NONE', *, *, #3096, .F. ) ;
#4724 = CARTESIAN_POINT ( 'NONE',  ( 6.500000000000000000, 2.999999999999995559, -54.74999999999997868 ) ) ;
#4725 = VECTOR ( 'NONE', #944, 1000.000000000000000 ) ;
#4726 = CARTESIAN_POINT ( 'NONE',  ( 10.50000000000000000, 24.50000000000003553, -8.625000000000117240 ) ) ;
#4727 = EDGE_CURVE ( 'NONE', #2970, #348, #1340, .T. ) ;
#4728 = AXIS2_PLACEMENT_3D ( 'NONE', #722, #4991, #1484 ) ;
#4729 = CARTESIAN_POINT ( 'NONE',  ( 0.000000000000000000, 60.00000000000000000, -7.500000000000000000 ) ) ;
#4730 = DIRECTION ( 'NONE',  ( -1.000000000000000000, 0.000000000000000000, 0.000000000000000000 ) ) ;
#4731 = EDGE_CURVE ( 'NONE', #4810, #668, #3819, .T. ) ;
#4732 = VECTOR ( 'NONE', #3808, 1000.000000000000000 ) ;
#4733 = ORIENTED_EDGE ( 'NONE', *, *, #1874, .F. ) ;
#4734 = VERTEX_POINT ( 'NONE', #2826 ) ;
#4735 = EDGE_CURVE ( 'NONE', #909, #3483, #915, .T. ) ;
#4736 = DIRECTION ( 'NONE',  ( -1.000000000000000000, 0.000000000000000000, 0.000000000000000000 ) ) ;
#4737 = CARTESIAN_POINT ( 'NONE',  ( 0.000000000000000000, 7.500000000000000000, -17.49999999999999645 ) ) ;
#4738 = CARTESIAN_POINT ( 'NONE',  ( 92.50000000000002842, 3.000000000000000000, -42.50000000000000000 ) ) ;
#4739 = EDGE_CURVE ( 'NONE', #787, #103, #2451, .T. ) ;
#4740 = ORIENTED_EDGE ( 'NONE', *, *, #2992, .F. ) ;
#4741 = DIRECTION ( 'NONE',  ( 0.000000000000000000, 0.000000000000000000, 1.000000000000000000 ) ) ;
#4742 = ORIENTED_EDGE ( 'NONE', *, *, #4786, .F. ) ;
#4743 = VECTOR ( 'NONE', #1600, 1000.000000000000000 ) ;
#4744 = DIRECTION ( 'NONE',  ( 1.000000000000000000, -0.000000000000000000, 0.000000000000000000 ) ) ;
#4745 = DIRECTION ( 'NONE',  ( -0.000000000000000000, -0.000000000000000000, -1.000000000000000000 ) ) ;
#4746 = PLANE ( 'NONE',  #1639 ) ;
#4747 = VERTEX_POINT ( 'NONE', #4340 ) ;
#4748 = ORIENTED_EDGE ( 'NONE', *, *, #4574, .F. ) ;
#4749 = CARTESIAN_POINT ( 'NONE',  ( 100.0000000000000000, 13.84678410487506994, -10.03891847603440013 ) ) ;
#4750 = EDGE_CURVE ( 'NONE', #745, #4134, #4767, .T. ) ;
#4751 = PLANE ( 'NONE',  #2910 ) ;
#4752 = ORIENTED_EDGE ( 'NONE', *, *, #3502, .T. ) ;
#4753 = ORIENTED_EDGE ( 'NONE', *, *, #2569, .T. ) ;
#4754 = DIRECTION ( 'NONE',  ( -0.000000000000000000, -1.000000000000000000, -0.000000000000000000 ) ) ;
#4755 = CARTESIAN_POINT ( 'NONE',  ( 97.75000000000000000, 7.500000000000000000, -42.49999999999999289 ) ) ;
#4756 = VECTOR ( 'NONE', #2217, 1000.000000000000000 ) ;
#4757 = CARTESIAN_POINT ( 'NONE',  ( 0.000000000000000000, 11.74000000000000021, -8.390000000000002345 ) ) ;
#4758 = VECTOR ( 'NONE', #1125, 1000.000000000000000 ) ;
#4759 = DIRECTION ( 'NONE',  ( 1.000000000000000000, 0.000000000000000000, 0.000000000000000000 ) ) ;
#4760 = VERTEX_POINT ( 'NONE', #4865 ) ;
#4761 = ORIENTED_EDGE ( 'NONE', *, *, #2706, .F. ) ;
#4762 = LINE ( 'NONE', #156, #4412 ) ;
#4763 = CARTESIAN_POINT ( 'NONE',  ( 88.26000000000000512, 1.659999999999999476, -13.43999999999999595 ) ) ;
#4764 = DIRECTION ( 'NONE',  ( 1.000000000000000000, 0.000000000000000000, 0.000000000000000000 ) ) ;
#4765 = EDGE_CURVE ( 'NONE', #4390, #4395, #3324, .T. ) ;
#4766 = ORIENTED_EDGE ( 'NONE', *, *, #2064, .T. ) ;
#4767 = LINE ( 'NONE', #890, #2607 ) ;
#4768 = ORIENTED_EDGE ( 'NONE', *, *, #4886, .T. ) ;
#4769 = ADVANCED_FACE ( 'NONE', ( #1414 ), #1014, .T. ) ;
#4770 = FACE_OUTER_BOUND ( 'NONE', #2993, .T. ) ;
#4771 = DIRECTION ( 'NONE',  ( 3.083952846180990281E-16, 0.000000000000000000, -1.000000000000000000 ) ) ;
#4772 = LINE ( 'NONE', #3918, #3087 ) ;
#4773 = VERTEX_POINT ( 'NONE', #2567 ) ;
#4774 = ORIENTED_EDGE ( 'NONE', *, *, #291, .F. ) ;
#4775 = DIRECTION ( 'NONE',  ( -0.000000000000000000, -0.000000000000000000, -1.000000000000000000 ) ) ;
#4776 = VERTEX_POINT ( 'NONE', #3017 ) ;
#4777 = AXIS2_PLACEMENT_3D ( 'NONE', #3886, #1690, #3200 ) ;
#4778 = ORIENTED_EDGE ( 'NONE', *, *, #3005, .F. ) ;
#4779 = CARTESIAN_POINT ( 'NONE',  ( 86.56000000000003070, 11.74999999999999645, -1.660000000000022569 ) ) ;
#4780 = CONICAL_SURFACE ( 'NONE', #1961, 3.360000000000002096, 0.7853981633974437271 ) ;
#4781 = AXIS2_PLACEMENT_3D ( 'NONE', #3027, #764, #378 ) ;
#4782 = CARTESIAN_POINT ( 'NONE',  ( 0.000000000000000000, 60.00000000000000000, 0.000000000000000000 ) ) ;
#4783 = CARTESIAN_POINT ( 'NONE',  ( 93.50000000000000000, 20.69999999999999929, -5.000000000000000888 ) ) ;
#4784 = VERTEX_POINT ( 'NONE', #2544 ) ;
#4785 = VECTOR ( 'NONE', #1167, 1000.000000000000000 ) ;
#4786 = EDGE_CURVE ( 'NONE', #3576, #2947, #1571, .T. ) ;
#4787 = ORIENTED_EDGE ( 'NONE', *, *, #2172, .F. ) ;
#4788 = DIRECTION ( 'NONE',  ( -0.000000000000000000, -1.000000000000000000, 5.551115123125793746E-15 ) ) ;
#4789 = CARTESIAN_POINT ( 'NONE',  ( 0.000000000000000000, 60.00000000000000000, 0.000000000000000000 ) ) ;
#4790 = EDGE_LOOP ( 'NONE', ( #633, #2955, #437, #922 ) ) ;
#4791 = DIRECTION ( 'NONE',  ( 0.000000000000000000, 0.000000000000000000, -1.000000000000000000 ) ) ;
#4792 = VERTEX_POINT ( 'NONE', #1086 ) ;
#4793 = EDGE_CURVE ( 'NONE', #4784, #1518, #1489, .T. ) ;
#4794 = DIRECTION ( 'NONE',  ( 1.000000000000000000, -0.000000000000000000, 0.000000000000000000 ) ) ;
#4795 = AXIS2_PLACEMENT_3D ( 'NONE', #3513, #3894, #13 ) ;
#4796 = DIRECTION ( 'NONE',  ( 0.000000000000000000, 1.000000000000000000, 1.349229370204183433E-16 ) ) ;
#4797 = FILL_AREA_STYLE ('',( #1345 ) ) ;
#4798 = CIRCLE ( 'NONE', #770, 1.699999999999993072 ) ;
#4799 = ORIENTED_EDGE ( 'NONE', *, *, #3054, .T. ) ;
#4800 = ORIENTED_EDGE ( 'NONE', *, *, #4228, .F. ) ;
#4801 = EDGE_CURVE ( 'NONE', #367, #2600, #4950, .T. ) ;
#4802 = LINE ( 'NONE', #2884, #2845 ) ;
#4803 = VECTOR ( 'NONE', #567, 1000.000000000000000 ) ;
#4804 = ORIENTED_EDGE ( 'NONE', *, *, #4026, .F. ) ;
#4805 = CARTESIAN_POINT ( 'NONE',  ( 92.50000000000001421, 3.000000000000000000, 2.852656382717416251E-14 ) ) ;
#4806 = DIRECTION ( 'NONE',  ( -1.000000000000000000, -0.000000000000000000, -2.952720810173289112E-16 ) ) ;
#4807 = CARTESIAN_POINT ( 'NONE',  ( 0.000000000000000000, 24.50000000000000000, -60.00000000000000000 ) ) ;
#4808 = VERTEX_POINT ( 'NONE', #2948 ) ;
#4809 = DIRECTION ( 'NONE',  ( -0.000000000000000000, 1.000000000000000000, -0.000000000000000000 ) ) ;
#4810 = VERTEX_POINT ( 'NONE', #650 ) ;
#4811 = CARTESIAN_POINT ( 'NONE',  ( 8.390000000000005898, 11.75000000000000000, -60.00000000000000000 ) ) ;
#4812 = VECTOR ( 'NONE', #1992, 1000.000000000000114 ) ;
#4813 = CARTESIAN_POINT ( 'NONE',  ( 89.50000000000001421, 22.25000000000003553, -51.37499999999987921 ) ) ;
#4814 = VECTOR ( 'NONE', #2621, 1000.000000000000000 ) ;
#4815 = DIRECTION ( 'NONE',  ( 0.000000000000000000, 0.000000000000000000, -1.000000000000000000 ) ) ;
#4816 = VERTEX_POINT ( 'NONE', #4488 ) ;
#4817 = DIRECTION ( 'NONE',  ( 1.000000000000000000, 0.000000000000000000, 4.984837574645997858E-18 ) ) ;
#4818 = ORIENTED_EDGE ( 'NONE', *, *, #4000, .F. ) ;
#4819 = AXIS2_PLACEMENT_3D ( 'NONE', #2762, #4627, #468 ) ;
#4820 = CARTESIAN_POINT ( 'NONE',  ( 2.250000000000007105, 2.999999999999995559, -2.906584547514340267E-16 ) ) ;
#4821 = DIRECTION ( 'NONE',  ( 0.000000000000000000, 0.000000000000000000, -1.000000000000000000 ) ) ;
#4822 = DIRECTION ( 'NONE',  ( 1.000000000000000000, 0.000000000000000000, -0.000000000000000000 ) ) ;
#4823 = ORIENTED_EDGE ( 'NONE', *, *, #2243, .F. ) ;
#4824 = ORIENTED_EDGE ( 'NONE', *, *, #908, .T. ) ;
#4825 = EDGE_CURVE ( 'NONE', #1847, #2113, #4838, .T. ) ;
#4826 = FACE_OUTER_BOUND ( 'NONE', #2611, .T. ) ;
#4827 = AXIS2_PLACEMENT_3D ( 'NONE', #2440, #196, #1252 ) ;
#4828 = ORIENTED_EDGE ( 'NONE', *, *, #1981, .F. ) ;
#4829 = DIRECTION ( 'NONE',  ( 0.000000000000000000, 0.000000000000000000, -1.000000000000000000 ) ) ;
#4830 = EDGE_CURVE ( 'NONE', #3446, #4832, #438, .T. ) ;
#4831 = DIRECTION ( 'NONE',  ( 1.000000000000000000, -0.000000000000000000, -0.000000000000000000 ) ) ;
#4832 = VERTEX_POINT ( 'NONE', #3377 ) ;
#4833 = CARTESIAN_POINT ( 'NONE',  ( 0.000000000000000000, 7.500000000000000000, -60.00000000000000000 ) ) ;
#4834 = CIRCLE ( 'NONE', #3467, 10.00000000000000533 ) ;
#4835 = DIRECTION ( 'NONE',  ( 0.000000000000000000, 0.000000000000000000, 1.000000000000000000 ) ) ;
#4836 = CARTESIAN_POINT ( 'NONE',  ( 2.250000000000001332, 11.74000000000000021, -48.26000000000000512 ) ) ;
#4837 = ORIENTED_EDGE ( 'NONE', *, *, #2056, .F. ) ;
#4838 = LINE ( 'NONE', #2249, #1327 ) ;
#4839 = VERTEX_POINT ( 'NONE', #4558 ) ;
#4840 = EDGE_CURVE ( 'NONE', #3844, #787, #2146, .T. ) ;
#4841 = DIRECTION ( 'NONE',  ( 0.000000000000000000, -0.000000000000000000, -1.000000000000000000 ) ) ;
#4842 = CARTESIAN_POINT ( 'NONE',  ( 94.75000000000000000, 2.999999999999996447, -7.500000000000000888 ) ) ;
#4843 = LINE ( 'NONE', #4111, #1801 ) ;
#4844 = ORIENTED_EDGE ( 'NONE', *, *, #4765, .T. ) ;
#4845 = ORIENTED_EDGE ( 'NONE', *, *, #237, .T. ) ;
#4846 = DIRECTION ( 'NONE',  ( 0.000000000000000000, 0.000000000000000000, -1.000000000000000000 ) ) ;
#4847 = EDGE_CURVE ( 'NONE', #3838, #3844, #2971, .T. ) ;
#4848 = ORIENTED_EDGE ( 'NONE', *, *, #3874, .T. ) ;
#4849 = CARTESIAN_POINT ( 'NONE',  ( 92.50000000000000000, 22.25000000000003553, -6.374999999999992895 ) ) ;
#4850 = VECTOR ( 'NONE', #4730, 1000.000000000000000 ) ;
#4851 = DIRECTION ( 'NONE',  ( -0.000000000000000000, -0.000000000000000000, 1.000000000000000000 ) ) ;
#4852 = EDGE_CURVE ( 'NONE', #3195, #3698, #3727, .T. ) ;
#4853 = VERTEX_POINT ( 'NONE', #3352 ) ;
#4854 = FACE_OUTER_BOUND ( 'NONE', #2924, .T. ) ;
#4855 = FACE_OUTER_BOUND ( 'NONE', #4709, .T. ) ;
#4856 = ORIENTED_EDGE ( 'NONE', *, *, #2791, .F. ) ;
#4857 = DIRECTION ( 'NONE',  ( 0.000000000000000000, -1.000000000000000000, 0.000000000000000000 ) ) ;
#4858 = EDGE_CURVE ( 'NONE', #2776, #1902, #3778, .T. ) ;
#4859 = VECTOR ( 'NONE', #2354, 1000.000000000000000 ) ;
#4860 = AXIS2_PLACEMENT_3D ( 'NONE', #582, #232, #4087 ) ;
#4861 = CARTESIAN_POINT ( 'NONE',  ( 0.000000000000000000, 20.69999999999999929, -54.99999999999999289 ) ) ;
#4862 = AXIS2_PLACEMENT_3D ( 'NONE', #710, #1329, #2598 ) ;
#4863 = CARTESIAN_POINT ( 'NONE',  ( 92.50000000000000000, 0.000000000000000000, 0.000000000000000000 ) ) ;
#4864 = ORIENTED_EDGE ( 'NONE', *, *, #4271, .T. ) ;
#4865 = CARTESIAN_POINT ( 'NONE',  ( 2.250000000000000888, 11.74000000000000021, -49.96000000000000796 ) ) ;
#4866 = ORIENTED_EDGE ( 'NONE', *, *, #323, .T. ) ;
#4867 = VECTOR ( 'NONE', #4414, 1000.000000000000000 ) ;
#4868 = LINE ( 'NONE', #1720, #1753 ) ;
#4869 = DIRECTION ( 'NONE',  ( 0.000000000000000000, -1.000000000000000000, 0.000000000000000000 ) ) ;
#4870 = CARTESIAN_POINT ( 'NONE',  ( 92.50000000000000000, 7.500000000000000000, -2.250000000000000000 ) ) ;
#4871 = ORIENTED_EDGE ( 'NONE', *, *, #2546, .T. ) ;
#4872 = ORIENTED_EDGE ( 'NONE', *, *, #2531, .F. ) ;
#4873 = DIRECTION ( 'NONE',  ( 0.000000000000000000, -1.000000000000000000, -5.551115123125790591E-15 ) ) ;
#4874 = VECTOR ( 'NONE', #2177, 1000.000000000000000 ) ;
#4875 = ADVANCED_FACE ( 'NONE', ( #3682 ), #1107, .F. ) ;
#4876 = VERTEX_POINT ( 'NONE', #1864 ) ;
#4877 = VECTOR ( 'NONE', #980, 1000.000000000000000 ) ;
#4878 = CARTESIAN_POINT ( 'NONE',  ( 10.50000000000000000, 22.25000000000003553, -6.374999999999992895 ) ) ;
#4879 = VERTEX_POINT ( 'NONE', #676 ) ;
#4880 = CARTESIAN_POINT ( 'NONE',  ( 0.000000000000000000, 11.74000000000000021, -15.11000000000000121 ) ) ;
#4881 = DIRECTION ( 'NONE',  ( -1.000000000000000000, -0.000000000000000000, -0.000000000000000000 ) ) ;
#4882 = ORIENTED_EDGE ( 'NONE', *, *, #4852, .F. ) ;
#4883 = PLANE ( 'NONE',  #3141 ) ;
#4884 = EDGE_CURVE ( 'NONE', #3483, #1991, #1386, .T. ) ;
#4885 = LINE ( 'NONE', #4602, #149 ) ;
#4886 = EDGE_CURVE ( 'NONE', #2128, #3996, #3754, .T. ) ;
#4887 = CARTESIAN_POINT ( 'NONE',  ( 11.75000000000000178, 0.000000000000000000, -11.74000000000000021 ) ) ;
#4888 = ORIENTED_EDGE ( 'NONE', *, *, #979, .T. ) ;
#4889 = CARTESIAN_POINT ( 'NONE',  ( 0.000000000000000000, 20.69999999999999929, -5.000000000000000888 ) ) ;
#4890 = ORIENTED_EDGE ( 'NONE', *, *, #3897, .F. ) ;
#4891 = ADVANCED_FACE ( 'NONE', ( #2923 ), #4133, .F. ) ;
#4892 = CIRCLE ( 'NONE', #1266, 3.360000000000000320 ) ;
#4893 = DIRECTION ( 'NONE',  ( -1.000000000000000000, 0.000000000000000000, 2.891205793294678819E-16 ) ) ;
#4894 = EDGE_CURVE ( 'NONE', #124, #2793, #3094, .T. ) ;
#4895 = VECTOR ( 'NONE', #2563, 1000.000000000000000 ) ;
#4896 = DIRECTION ( 'NONE',  ( 0.000000000000000000, 1.000000000000000000, 0.000000000000000000 ) ) ;
#4897 = DIRECTION ( 'NONE',  ( -1.000000000000000000, 0.000000000000000000, 0.000000000000000000 ) ) ;
#4898 = ORIENTED_EDGE ( 'NONE', *, *, #2669, .F. ) ;
#4899 = CARTESIAN_POINT ( 'NONE',  ( 11.75000000000000711, 1.659999999999999476, -48.25000000000000000 ) ) ;
#4900 = ORIENTED_EDGE ( 'NONE', *, *, #2307, .F. ) ;
#4901 = CARTESIAN_POINT ( 'NONE',  ( 11.75000000000000178, 0.000000000000000000, -11.74000000000000021 ) ) ;
#4902 = CARTESIAN_POINT ( 'NONE',  ( 100.0000000000000000, 0.000000000000000000, 0.000000000000000000 ) ) ;
#4903 = VERTEX_POINT ( 'NONE', #1159 ) ;
#4904 = AXIS2_PLACEMENT_3D ( 'NONE', #3315, #2164, #4454 ) ;
#4905 = EDGE_CURVE ( 'NONE', #1190, #4449, #2857, .T. ) ;
#4906 = DIRECTION ( 'NONE',  ( -0.000000000000000000, -1.000000000000000000, -5.551115123125794535E-15 ) ) ;
#4907 = CARTESIAN_POINT ( 'NONE',  ( -0.000000000000000000, 7.500000000000000000, 0.000000000000000000 ) ) ;
#4908 = ORIENTED_EDGE ( 'NONE', *, *, #365, .F. ) ;
#4909 = DIRECTION ( 'NONE',  ( 1.000000000000000000, 0.000000000000000000, 0.000000000000000000 ) ) ;
#4910 = DIRECTION ( 'NONE',  ( -0.000000000000000000, -1.000000000000000000, -0.000000000000000000 ) ) ;
#4911 = CARTESIAN_POINT ( 'NONE',  ( 11.75000000000000178, 3.000000000000000000, -10.04000000000000270 ) ) ;
#4912 = ORIENTED_EDGE ( 'NONE', *, *, #3065, .F. ) ;
#4913 = DIRECTION ( 'NONE',  ( 1.000000000000000000, -0.000000000000000000, -0.000000000000000000 ) ) ;
#4914 = VERTEX_POINT ( 'NONE', #421 ) ;
#4915 = AXIS2_PLACEMENT_3D ( 'NONE', #2917, #4456, #670 ) ;
#4916 = LINE ( 'NONE', #2646, #2633 ) ;
#4917 = EDGE_CURVE ( 'NONE', #807, #458, #2744, .T. ) ;
#4918 = CARTESIAN_POINT ( 'NONE',  ( 6.500000000000000888, 18.94999999999999574, -3.000000000000001776 ) ) ;
#4919 = DIRECTION ( 'NONE',  ( 1.000000000000000000, 0.000000000000000000, 0.000000000000000000 ) ) ;
#4920 = CIRCLE ( 'NONE', #4441, 9.999999999999994671 ) ;
#4921 = ORIENTED_EDGE ( 'NONE', *, *, #873, .F. ) ;
#4922 = CARTESIAN_POINT ( 'NONE',  ( 15.11000000000000476, 11.75000000000000000, 1.734723475976807883E-15 ) ) ;
#4923 = ORIENTED_EDGE ( 'NONE', *, *, #2172, .T. ) ;
#4924 = CARTESIAN_POINT ( 'NONE',  ( 0.000000000000000000, 0.000000000000000000, -56.99999999999999289 ) ) ;
#4925 = ADVANCED_FACE ( 'NONE', ( #4233 ), #396, .T. ) ;
#4926 = CARTESIAN_POINT ( 'NONE',  ( 0.000000000000000000, 17.50000000000000000, -54.99999999999999289 ) ) ;
#4927 = ORIENTED_EDGE ( 'NONE', *, *, #3092, .T. ) ;
#4928 = FACE_BOUND ( 'NONE', #1224, .T. ) ;
#4929 = CARTESIAN_POINT ( 'NONE',  ( 7.500000000000000888, 17.50000000000000000, -5.250000000000018652 ) ) ;
#4930 = EDGE_LOOP ( 'NONE', ( #2087, #1569, #3954, #914, #2436, #1036, #4473, #1882, #2866, #4536, #1430, #4372, #1550, #703, #2701, #1870 ) ) ;
#4931 = AXIS2_PLACEMENT_3D ( 'NONE', #2640, #3090, #1556 ) ;
#4932 = DIRECTION ( 'NONE',  ( 1.000000000000000000, -0.000000000000000000, -0.000000000000000000 ) ) ;
#4933 = FACE_OUTER_BOUND ( 'NONE', #1520, .T. ) ;
#4934 = AXIS2_PLACEMENT_3D ( 'NONE', #2774, #3174, #2021 ) ;
#4935 = CARTESIAN_POINT ( 'NONE',  ( 7.500000000000000000, 7.500000000000000000, -52.50000000000000000 ) ) ;
#4936 = EDGE_CURVE ( 'NONE', #2732, #4816, #808, .T. ) ;
#4937 = VECTOR ( 'NONE', #3070, 1000.000000000000000 ) ;
#4938 = ORIENTED_EDGE ( 'NONE', *, *, #2339, .T. ) ;
#4939 = CARTESIAN_POINT ( 'NONE',  ( 0.000000000000000000, 2.999999999999995559, 0.000000000000000000 ) ) ;
#4940 = ORIENTED_EDGE ( 'NONE', *, *, #791, .T. ) ;
#4941 = AXIS2_PLACEMENT_3D ( 'NONE', #2654, #1598, #3057 ) ;
#4942 = VECTOR ( 'NONE', #4091, 1000.000000000000000 ) ;
#4943 = PLANE ( 'NONE',  #1589 ) ;
#4944 = PLANE ( 'NONE',  #3082 ) ;
#4945 = CARTESIAN_POINT ( 'NONE',  ( 89.50000000000001421, 17.50000000000000711, -6.375000000000019540 ) ) ;
#4946 = ORIENTED_EDGE ( 'NONE', *, *, #721, .F. ) ;
#4947 = DIRECTION ( 'NONE',  ( 0.000000000000000000, 1.000000000000000000, 0.000000000000000000 ) ) ;
#4948 = ORIENTED_EDGE ( 'NONE', *, *, #4309, .F. ) ;
#4949 = DIRECTION ( 'NONE',  ( 0.000000000000000000, 0.000000000000000000, 1.000000000000000000 ) ) ;
#4950 = CIRCLE ( 'NONE', #1562, 9.999999999999994671 ) ;
#4951 = EDGE_CURVE ( 'NONE', #4390, #3408, #998, .T. ) ;
#4952 = AXIS2_PLACEMENT_3D ( 'NONE', #1209, #2695, #74 ) ;
#4953 = FACE_OUTER_BOUND ( 'NONE', #859, .T. ) ;
#4954 = CARTESIAN_POINT ( 'NONE',  ( 100.0000000000000000, 11.74000000000000021, -48.26000000000000512 ) ) ;
#4955 = EDGE_CURVE ( 'NONE', #735, #3867, #3857, .T. ) ;
#4956 = ORIENTED_EDGE ( 'NONE', *, *, #1704, .T. ) ;
#4957 = DIRECTION ( 'NONE',  ( -1.000000000000000000, 0.000000000000000000, 0.000000000000000000 ) ) ;
#4958 = CARTESIAN_POINT ( 'NONE',  ( 88.26000000000000512, 0.000000000000000000, -51.61000000000000654 ) ) ;
#4959 = CARTESIAN_POINT ( 'NONE',  ( 11.75000000000000533, 11.75000000000000000, 0.000000000000000000 ) ) ;
#4960 = AXIS2_PLACEMENT_3D ( 'NONE', #2280, #1572, #3107 ) ;
#4961 = ORIENTED_EDGE ( 'NONE', *, *, #3128, .T. ) ;
#4962 = CARTESIAN_POINT ( 'NONE',  ( 7.500000000000000888, 17.50000000000000711, -53.62499999999997868 ) ) ;
#4963 = LINE ( 'NONE', #2219, #300 ) ;
#4964 = CARTESIAN_POINT ( 'NONE',  ( 97.74999999999998579, 11.74000000000000021, -10.05000000000000426 ) ) ;
#4965 = ORIENTED_EDGE ( 'NONE', *, *, #2655, .T. ) ;
#4966 =( NAMED_UNIT ( * ) SI_UNIT ( $, .STERADIAN. ) SOLID_ANGLE_UNIT ( ) );
#4967 = VERTEX_POINT ( 'NONE', #781 ) ;
#4968 = EDGE_CURVE ( 'NONE', #3669, #2543, #1608, .T. ) ;
#4969 = DIRECTION ( 'NONE',  ( 1.000000000000000000, -0.000000000000000000, -0.000000000000000000 ) ) ;
#4970 = FACE_BOUND ( 'NONE', #4472, .T. ) ;
#4971 = CARTESIAN_POINT ( 'NONE',  ( 7.500000000000006217, 3.000000000000000000, -17.49999999999999645 ) ) ;
#4972 = VECTOR ( 'NONE', #2071, 1000.000000000000000 ) ;
#4973 = ORIENTED_EDGE ( 'NONE', *, *, #4735, .F. ) ;
#4974 = FACE_OUTER_BOUND ( 'NONE', #1454, .T. ) ;
#4975 = ORIENTED_EDGE ( 'NONE', *, *, #513, .T. ) ;
#4976 = DIRECTION ( 'NONE',  ( -0.000000000000000000, 1.000000000000000000, 0.000000000000000000 ) ) ;
#4977 = DIRECTION ( 'NONE',  ( -0.000000000000000000, -0.000000000000000000, 1.000000000000000000 ) ) ;
#4978 = CARTESIAN_POINT ( 'NONE',  ( 100.0000000000000000, 17.50000000000000000, -5.000000000000000888 ) ) ;
#4979 = EDGE_CURVE ( 'NONE', #2505, #4713, #4657, .T. ) ;
#4980 = CIRCLE ( 'NONE', #4571, 3.360000000000000320 ) ;
#4981 = VERTEX_POINT ( 'NONE', #3802 ) ;
#4982 = VECTOR ( 'NONE', #4551, 1000.000000000000114 ) ;
#4983 = EDGE_CURVE ( 'NONE', #3185, #4035, #2642, .T. ) ;
#4984 = EDGE_CURVE ( 'NONE', #388, #2330, #440, .T. ) ;
#4985 = EDGE_LOOP ( 'NONE', ( #4232, #4362, #3568, #4856, #1800, #2835 ) ) ;
#4986 = PLANE ( 'NONE',  #1202 ) ;
#4987 = ORIENTED_EDGE ( 'NONE', *, *, #1867, .F. ) ;
#4988 = DIRECTION ( 'NONE',  ( 0.000000000000000000, -1.000000000000000000, 0.000000000000000000 ) ) ;
#4989 = AXIS2_PLACEMENT_3D ( 'NONE', #1223, #2459, #2084 ) ;
#4990 = EDGE_CURVE ( 'NONE', #3279, #3576, #368, .T. ) ;
#4991 = DIRECTION ( 'NONE',  ( -1.000000000000000000, -1.387778780781445676E-16, 0.000000000000000000 ) ) ;
#4992 = LINE ( 'NONE', #4935, #4450 ) ;
#4993 = EDGE_LOOP ( 'NONE', ( #182, #3688, #1198, #4965 ) ) ;
ENDSEC;
END-ISO-10303-21;
