ISO-10303-21;
HEADER;
FILE_DESCRIPTION (( 'STEP AP214' ),
    '1' );
FILE_NAME ('base_arriba.STEP',
    '2026-08-31T03:39:04',
    ( '' ),
    ( '' ),
    'SwSTEP 2.0',
    'SolidWorks 2026',
    '' );
FILE_SCHEMA (( 'AUTOMOTIVE_DESIGN' ));
ENDSEC;

DATA;
#1 = EDGE_LOOP ( 'NONE', ( #1086, #2735, #3532, #4061 ) ) ;
#2 = CARTESIAN_POINT ( 'NONE',  ( 94.75000000000000000, 60.00000000000000000, -0.000000000000000000 ) ) ;
#3 = DIRECTION ( 'NONE',  ( 0.000000000000000000, 0.000000000000000000, 1.000000000000000000 ) ) ;
#4 = CARTESIAN_POINT ( 'NONE',  ( 6.500000000000000888, 36.20000000000000995, -54.99999999999995737 ) ) ;
#5 = ORIENTED_EDGE ( 'NONE', *, *, #4179, .T. ) ;
#6 = DIRECTION ( 'NONE',  ( -1.000000000000000000, 0.000000000000000000, -0.000000000000000000 ) ) ;
#7 = DIRECTION ( 'NONE',  ( 0.000000000000000000, -1.000000000000000000, 0.000000000000000000 ) ) ;
#8 = ADVANCED_FACE ( 'NONE', ( #328 ), #2375, .F. ) ;
#9 = CARTESIAN_POINT ( 'NONE',  ( 0.000000000000000000, 0.000000000000000000, -57.00000000000000000 ) ) ;
#10 = CARTESIAN_POINT ( 'NONE',  ( 6.500000000000000888, 60.00000000000000000, -2.249999999999999556 ) ) ;
#11 = FACE_OUTER_BOUND ( 'NONE', #2354, .T. ) ;
#12 = VECTOR ( 'NONE', #1091, 1000.000000000000000 ) ;
#13 = VECTOR ( 'NONE', #1422, 1000.000000000000000 ) ;
#14 = DIRECTION ( 'NONE',  ( 2.891205793294675861E-16, 0.000000000000000000, -1.000000000000000000 ) ) ;
#15 = CARTESIAN_POINT ( 'NONE',  ( 0.000000000000000000, 60.00000000000000000, 0.000000000000000000 ) ) ;
#16 = EDGE_CURVE ( 'NONE', #1891, #844, #1356, .T. ) ;
#17 = EDGE_CURVE ( 'NONE', #1748, #1685, #1189, .T. ) ;
#18 = DIRECTION ( 'NONE',  ( 0.000000000000000000, 0.000000000000000000, -1.000000000000000000 ) ) ;
#19 = ORIENTED_EDGE ( 'NONE', *, *, #536, .F. ) ;
#20 = EDGE_CURVE ( 'NONE', #477, #2599, #1542, .T. ) ;
#21 = ORIENTED_EDGE ( 'NONE', *, *, #174, .F. ) ;
#22 = ORIENTED_EDGE ( 'NONE', *, *, #2359, .T. ) ;
#23 = PLANE ( 'NONE',  #3378 ) ;
#24 = EDGE_CURVE ( 'NONE', #1779, #68, #2160, .T. ) ;
#25 = ORIENTED_EDGE ( 'NONE', *, *, #1260, .T. ) ;
#26 = ORIENTED_EDGE ( 'NONE', *, *, #53, .T. ) ;
#27 = CYLINDRICAL_SURFACE ( 'NONE', #1548, 1.700000000000000178 ) ;
#28 = CARTESIAN_POINT ( 'NONE',  ( 0.000000000000000000, 48.24999999999999289, -48.25999999999999801 ) ) ;
#29 = CARTESIAN_POINT ( 'NONE',  ( 0.000000000000000000, 48.24999999999999289, -48.25999999999999801 ) ) ;
#30 = VERTEX_POINT ( 'NONE', #836 ) ;
#31 = CARTESIAN_POINT ( 'NONE',  ( 89.95999999999999375, 48.25999999999999801, -2.249999999999999112 ) ) ;
#32 = DIRECTION ( 'NONE',  ( -1.000000000000000000, -1.196361017915039239E-16, 0.000000000000000000 ) ) ;
#33 = DIRECTION ( 'NONE',  ( -0.000000000000000000, 2.775557561562889379E-15, 1.000000000000000000 ) ) ;
#34 = LINE ( 'NONE', #1036, #2991 ) ;
#35 = AXIS2_PLACEMENT_3D ( 'NONE', #2391, #1434, #1010 ) ;
#36 = CARTESIAN_POINT ( 'NONE',  ( 97.75000000000000000, 32.99999999999999289, -53.50000000000000000 ) ) ;
#37 = DIRECTION ( 'NONE',  ( 0.000000000000000000, 0.000000000000000000, 1.000000000000000000 ) ) ;
#38 = DIRECTION ( 'NONE',  ( 1.000000000000000000, -0.000000000000000000, -0.000000000000000000 ) ) ;
#39 = AXIS2_PLACEMENT_3D ( 'NONE', #1678, #3955, #2298 ) ;
#40 = ORIENTED_EDGE ( 'NONE', *, *, #4083, .T. ) ;
#41 = VERTEX_POINT ( 'NONE', #3504 ) ;
#42 = EDGE_CURVE ( 'NONE', #2482, #2353, #2533, .T. ) ;
#43 = EDGE_CURVE ( 'NONE', #4088, #1716, #3174, .T. ) ;
#44 = LINE ( 'NONE', #3091, #4155 ) ;
#45 = VECTOR ( 'NONE', #1875, 1000.000000000000000 ) ;
#46 = ORIENTED_EDGE ( 'NONE', *, *, #3553, .F. ) ;
#47 = ORIENTED_EDGE ( 'NONE', *, *, #3167, .F. ) ;
#48 = DIRECTION ( 'NONE',  ( -0.000000000000000000, 1.000000000000000000, -0.000000000000000000 ) ) ;
#49 = CARTESIAN_POINT ( 'NONE',  ( 92.50000000000000000, 52.50000000000000000, -2.250000000000000000 ) ) ;
#50 = CARTESIAN_POINT ( 'NONE',  ( 100.0000000000000000, 33.00000000000000711, -52.49999999999999289 ) ) ;
#51 = CIRCLE ( 'NONE', #4225, 1.700000000000000178 ) ;
#52 = ORIENTED_EDGE ( 'NONE', *, *, #731, .F. ) ;
#53 = EDGE_CURVE ( 'NONE', #4319, #1237, #1607, .T. ) ;
#54 = DIRECTION ( 'NONE',  ( 0.000000000000000000, 1.000000000000000000, 1.541976423090495387E-16 ) ) ;
#55 = VERTEX_POINT ( 'NONE', #503 ) ;
#56 = DIRECTION ( 'NONE',  ( 1.000000000000000000, -0.000000000000000000, -0.000000000000000000 ) ) ;
#57 = DIRECTION ( 'NONE',  ( -0.000000000000000000, 1.000000000000000000, -0.000000000000000000 ) ) ;
#58 = ADVANCED_FACE ( 'NONE', ( #149, #4229 ), #4209, .F. ) ;
#59 = PLANE ( 'NONE',  #1563 ) ;
#60 = ADVANCED_FACE ( 'NONE', ( #459 ), #817, .T. ) ;
#61 = DIRECTION ( 'NONE',  ( -1.000000000000000000, 0.000000000000000000, 1.291815354450813925E-16 ) ) ;
#62 = CARTESIAN_POINT ( 'NONE',  ( 7.500000000000000000, 40.00000000000000000, 0.000000000000000000 ) ) ;
#63 = LINE ( 'NONE', #458, #13 ) ;
#64 = ORIENTED_EDGE ( 'NONE', *, *, #4345, .F. ) ;
#65 = ORIENTED_EDGE ( 'NONE', *, *, #2820, .F. ) ;
#66 = DIRECTION ( 'NONE',  ( 0.000000000000000000, 6.938893903907222461E-16, -1.000000000000000000 ) ) ;
#67 = VECTOR ( 'NONE', #3344, 1000.000000000000000 ) ;
#68 = VERTEX_POINT ( 'NONE', #1817 ) ;
#69 = ADVANCED_FACE ( 'NONE', ( #129 ), #170, .F. ) ;
#70 = AXIS2_PLACEMENT_3D ( 'NONE', #3919, #2184, #907 ) ;
#71 = DIRECTION ( 'NONE',  ( -1.000000000000000000, 0.000000000000000000, 0.000000000000000000 ) ) ;
#72 = DIRECTION ( 'NONE',  ( -1.000000000000000000, -0.000000000000000000, -0.000000000000000000 ) ) ;
#73 = AXIS2_PLACEMENT_3D ( 'NONE', #1398, #2039, #349 ) ;
#74 = CARTESIAN_POINT ( 'NONE',  ( 93.50000000000000000, 40.00000000000000000, -2.249999999999999112 ) ) ;
#75 = ORIENTED_EDGE ( 'NONE', *, *, #344, .T. ) ;
#76 = LINE ( 'NONE', #4095, #3368 ) ;
#77 = SHAPE_DEFINITION_REPRESENTATION ( #4234, #2005 ) ;
#78 = ORIENTED_EDGE ( 'NONE', *, *, #1767, .F. ) ;
#79 = EDGE_CURVE ( 'NONE', #3218, #1553, #3522, .T. ) ;
#80 = CARTESIAN_POINT ( 'NONE',  ( 0.000000000000000000, 34.45000000000000995, -2.999999999999997335 ) ) ;
#81 = DIRECTION ( 'NONE',  ( -0.000000000000000000, -0.000000000000000000, 1.000000000000000000 ) ) ;
#82 = CARTESIAN_POINT ( 'NONE',  ( 7.500000000000000888, 42.49999999999999289, -2.250000000000000000 ) ) ;
#83 = CARTESIAN_POINT ( 'NONE',  ( 6.500000000000000000, 40.00000000000000000, -54.99999999999995737 ) ) ;
#84 = DIRECTION ( 'NONE',  ( -1.000000000000000000, 0.000000000000000000, 1.291815354450813925E-16 ) ) ;
#85 = VECTOR ( 'NONE', #2809, 1000.000000000000000 ) ;
#86 = LINE ( 'NONE', #2801, #3071 ) ;
#87 = VECTOR ( 'NONE', #2012, 1000.000000000000000 ) ;
#88 = EDGE_LOOP ( 'NONE', ( #2888, #1617, #1312, #4303 ) ) ;
#89 = EDGE_LOOP ( 'NONE', ( #2582, #2663, #2632, #2306 ) ) ;
#90 = EDGE_LOOP ( 'NONE', ( #3026, #157, #3552, #601 ) ) ;
#91 = ADVANCED_FACE ( 'NONE', ( #1169 ), #1483, .T. ) ;
#92 = EDGE_CURVE ( 'NONE', #3783, #2142, #2843, .T. ) ;
#93 = DIRECTION ( 'NONE',  ( -1.000000000000000000, -0.000000000000000000, -0.000000000000000000 ) ) ;
#94 = CARTESIAN_POINT ( 'NONE',  ( 88.26000000000001933, 56.99999999999999289, -11.74000000000000199 ) ) ;
#95 = LINE ( 'NONE', #2146, #2356 ) ;
#96 = ORIENTED_EDGE ( 'NONE', *, *, #3724, .F. ) ;
#97 = DIRECTION ( 'NONE',  ( 0.000000000000000000, 0.000000000000000000, 1.000000000000000000 ) ) ;
#98 = EDGE_CURVE ( 'NONE', #668, #1269, #3195, .T. ) ;
#99 = VERTEX_POINT ( 'NONE', #2574 ) ;
#100 = DIRECTION ( 'NONE',  ( 0.000000000000000000, 0.000000000000000000, -1.000000000000000000 ) ) ;
#101 = DIRECTION ( 'NONE',  ( -0.000000000000000000, 1.000000000000000000, -0.000000000000000000 ) ) ;
#102 = VERTEX_POINT ( 'NONE', #1124 ) ;
#103 = DIRECTION ( 'NONE',  ( -1.000000000000000000, 0.000000000000000000, 1.291815354450813925E-16 ) ) ;
#104 = AXIS2_PLACEMENT_3D ( 'NONE', #3881, #535, #2562 ) ;
#105 = PLANE ( 'NONE',  #3841 ) ;
#106 = CARTESIAN_POINT ( 'NONE',  ( 6.500000000000000000, 2.999999999999994227, -5.000000000000031086 ) ) ;
#107 = ORIENTED_EDGE ( 'NONE', *, *, #3854, .T. ) ;
#108 = AXIS2_PLACEMENT_3D ( 'NONE', #1925, #3671, #3628 ) ;
#109 = VECTOR ( 'NONE', #3505, 1000.000000000000000 ) ;
#110 = ADVANCED_FACE ( 'NONE', ( #771 ), #2136, .F. ) ;
#111 = ORIENTED_EDGE ( 'NONE', *, *, #3615, .T. ) ;
#112 = EDGE_CURVE ( 'NONE', #1259, #3240, #1798, .T. ) ;
#113 = VECTOR ( 'NONE', #1394, 1000.000000000000000 ) ;
#114 = EDGE_LOOP ( 'NONE', ( #4379, #3135, #553, #861 ) ) ;
#115 = LINE ( 'NONE', #2830, #2628 ) ;
#116 = LINE ( 'NONE', #549, #4370 ) ;
#117 = ORIENTED_EDGE ( 'NONE', *, *, #4215, .T. ) ;
#118 = CARTESIAN_POINT ( 'NONE',  ( 0.000000000000000000, 36.20000000000000995, 0.000000000000000000 ) ) ;
#119 = EDGE_CURVE ( 'NONE', #1390, #838, #2787, .T. ) ;
#120 = ORIENTED_EDGE ( 'NONE', *, *, #1661, .T. ) ;
#121 = AXIS2_PLACEMENT_3D ( 'NONE', #1471, #467, #3472 ) ;
#122 = DIRECTION ( 'NONE',  ( 0.000000000000000000, 0.000000000000000000, -1.000000000000000000 ) ) ;
#123 = FACE_OUTER_BOUND ( 'NONE', #3987, .T. ) ;
#124 = VECTOR ( 'NONE', #2886, 1000.000000000000000 ) ;
#125 = ORIENTED_EDGE ( 'NONE', *, *, #1921, .T. ) ;
#126 = DIRECTION ( 'NONE',  ( 0.000000000000000000, 2.775557561562893718E-15, -1.000000000000000000 ) ) ;
#127 = AXIS2_PLACEMENT_3D ( 'NONE', #3962, #1993, #2373 ) ;
#128 = DIRECTION ( 'NONE',  ( 1.000000000000000000, -0.000000000000000000, -0.000000000000000000 ) ) ;
#129 = FACE_OUTER_BOUND ( 'NONE', #2838, .T. ) ;
#130 = CARTESIAN_POINT ( 'NONE',  ( 2.250000000000000000, 42.49999999999999289, -7.499999999999994671 ) ) ;
#131 = ORIENTED_EDGE ( 'NONE', *, *, #371, .T. ) ;
#132 = AXIS2_PLACEMENT_3D ( 'NONE', #3810, #1440, #4142 ) ;
#133 = ORIENTED_EDGE ( 'NONE', *, *, #2737, .F. ) ;
#134 = CARTESIAN_POINT ( 'NONE',  ( 88.26000000000001933, 54.00000000000000000, -49.94999999999999574 ) ) ;
#135 = LINE ( 'NONE', #2476, #1889 ) ;
#136 = ORIENTED_EDGE ( 'NONE', *, *, #2656, .T. ) ;
#137 = AXIS2_PLACEMENT_3D ( 'NONE', #211, #566, #2966 ) ;
#138 = DIRECTION ( 'NONE',  ( 1.000000000000000000, 0.000000000000000000, 0.000000000000000000 ) ) ;
#139 = VECTOR ( 'NONE', #126, 1000.000000000000000 ) ;
#140 = VERTEX_POINT ( 'NONE', #3958 ) ;
#141 = LINE ( 'NONE', #1498, #2815 ) ;
#142 = CARTESIAN_POINT ( 'NONE',  ( 92.50000000000000000, 36.20000000000000995, -54.99999999999995737 ) ) ;
#143 = CIRCLE ( 'NONE', #1274, 1.699999999999987965 ) ;
#144 = ORIENTED_EDGE ( 'NONE', *, *, #4179, .F. ) ;
#145 = ADVANCED_FACE ( 'NONE', ( #2617 ), #945, .T. ) ;
#146 = FACE_BOUND ( 'NONE', #3682, .T. ) ;
#147 = CARTESIAN_POINT ( 'NONE',  ( 2.250000000000001776, 48.24999999999999289, -46.55999999999999517 ) ) ;
#148 = DIRECTION ( 'NONE',  ( -1.000000000000000000, 0.000000000000000000, 0.000000000000000000 ) ) ;
#149 = FACE_BOUND ( 'NONE', #1959, .T. ) ;
#150 = DIRECTION ( 'NONE',  ( 0.000000000000000000, 0.000000000000000000, 1.000000000000000000 ) ) ;
#151 = ORIENTED_EDGE ( 'NONE', *, *, #3728, .T. ) ;
#152 = EDGE_CURVE ( 'NONE', #4202, #196, #528, .T. ) ;
#153 = EDGE_CURVE ( 'NONE', #3921, #3877, #1277, .T. ) ;
#154 = VECTOR ( 'NONE', #4333, 1000.000000000000000 ) ;
#155 = CIRCLE ( 'NONE', #2637, 10.00000000000000533 ) ;
#156 = EDGE_CURVE ( 'NONE', #4107, #982, #1585, .T. ) ;
#157 = ORIENTED_EDGE ( 'NONE', *, *, #3297, .F. ) ;
#158 = VECTOR ( 'NONE', #3957, 1000.000000000000000 ) ;
#159 = EDGE_CURVE ( 'NONE', #3250, #449, #2947, .T. ) ;
#160 = CARTESIAN_POINT ( 'NONE',  ( 7.500000000000000000, 33.00000000000000000, -7.499999999999996447 ) ) ;
#161 = VERTEX_POINT ( 'NONE', #2638 ) ;
#162 = CARTESIAN_POINT ( 'NONE',  ( 100.0000000000000000, 0.000000000000000000, -54.99999999999995737 ) ) ;
#163 = EDGE_LOOP ( 'NONE', ( #166, #880, #2932, #3361, #2524, #3827, #2254, #2305 ) ) ;
#164 = DIRECTION ( 'NONE',  ( 0.000000000000000000, 1.000000000000000000, 0.000000000000000000 ) ) ;
#165 = CARTESIAN_POINT ( 'NONE',  ( 17.50000000000000355, 56.99999999999999289, -7.500000000000000000 ) ) ;
#166 = ORIENTED_EDGE ( 'NONE', *, *, #3194, .F. ) ;
#167 = FACE_OUTER_BOUND ( 'NONE', #2687, .T. ) ;
#168 = LINE ( 'NONE', #2762, #45 ) ;
#169 = PLANE ( 'NONE',  #581 ) ;
#170 = CYLINDRICAL_SURFACE ( 'NONE', #716, 1.699999999999993072 ) ;
#171 = DIRECTION ( 'NONE',  ( 0.000000000000000000, 0.000000000000000000, 1.000000000000000000 ) ) ;
#172 = ORIENTED_EDGE ( 'NONE', *, *, #773, .F. ) ;
#173 = VERTEX_POINT ( 'NONE', #213 ) ;
#174 = EDGE_CURVE ( 'NONE', #2353, #488, #175, .T. ) ;
#175 = CIRCLE ( 'NONE', #749, 3.360000000000000320 ) ;
#176 = CARTESIAN_POINT ( 'NONE',  ( 100.0000000000000000, 52.50000000000000000, -42.49999999999999289 ) ) ;
#177 = VERTEX_POINT ( 'NONE', #298 ) ;
#178 = VECTOR ( 'NONE', #1321, 1000.000000000000000 ) ;
#179 = CYLINDRICAL_SURFACE ( 'NONE', #2736, 1.699999999999987965 ) ;
#180 = ORIENTED_EDGE ( 'NONE', *, *, #1732, .F. ) ;
#181 = PLANE ( 'NONE',  #1104 ) ;
#182 = LINE ( 'NONE', #142, #1857 ) ;
#183 = ORIENTED_EDGE ( 'NONE', *, *, #974, .F. ) ;
#184 = ADVANCED_FACE ( 'NONE', ( #2281 ), #1990, .F. ) ;
#185 = DIRECTION ( 'NONE',  ( 1.000000000000000000, 0.000000000000000000, 0.000000000000000000 ) ) ;
#186 = VECTOR ( 'NONE', #2951, 1000.000000000000000 ) ;
#187 = EDGE_CURVE ( 'NONE', #2071, #2561, #4391, .T. ) ;
#188 = ADVANCED_FACE ( 'NONE', ( #2970 ), #276, .T. ) ;
#189 = DIRECTION ( 'NONE',  ( -0.000000000000000000, -0.000000000000000000, -1.000000000000000000 ) ) ;
#190 = DIRECTION ( 'NONE',  ( 0.000000000000000000, 1.000000000000000000, -2.282530889443172938E-16 ) ) ;
#191 = VECTOR ( 'NONE', #682, 1000.000000000000000 ) ;
#192 = DIRECTION ( 'NONE',  ( -0.000000000000000000, -1.000000000000000000, -0.000000000000000000 ) ) ;
#193 = LINE ( 'NONE', #1818, #667 ) ;
#194 = ORIENTED_EDGE ( 'NONE', *, *, #2378, .T. ) ;
#195 = ORIENTED_EDGE ( 'NONE', *, *, #571, .T. ) ;
#196 = VERTEX_POINT ( 'NONE', #2327 ) ;
#197 = ORIENTED_EDGE ( 'NONE', *, *, #511, .T. ) ;
#198 = CARTESIAN_POINT ( 'NONE',  ( 92.50000000000000000, 36.20000000000000995, 0.000000000000000000 ) ) ;
#199 = ORIENTED_EDGE ( 'NONE', *, *, #1099, .F. ) ;
#200 = EDGE_CURVE ( 'NONE', #2868, #355, #3281, .T. ) ;
#201 = VERTEX_POINT ( 'NONE', #234 ) ;
#202 = EDGE_CURVE ( 'NONE', #2482, #3120, #1100, .T. ) ;
#203 = LINE ( 'NONE', #4328, #1248 ) ;
#204 = DIRECTION ( 'NONE',  ( 0.000000000000000000, 1.000000000000000000, 0.000000000000000000 ) ) ;
#205 = VERTEX_POINT ( 'NONE', #1253 ) ;
#206 = VECTOR ( 'NONE', #1718, 1000.000000000000000 ) ;
#207 = CARTESIAN_POINT ( 'NONE',  ( 92.50000000000000000, 52.50000000000000000, 0.000000000000000000 ) ) ;
#208 = VECTOR ( 'NONE', #2800, 1000.000000000000000 ) ;
#209 = AXIS2_PLACEMENT_3D ( 'NONE', #3685, #1313, #1290 ) ;
#210 = EDGE_CURVE ( 'NONE', #2155, #1256, #2024, .T. ) ;
#211 = CARTESIAN_POINT ( 'NONE',  ( 100.0000000000000000, 48.24999999999999289, -48.25999999999999801 ) ) ;
#212 = DIRECTION ( 'NONE',  ( -1.000000000000000000, 0.000000000000000000, 0.000000000000000000 ) ) ;
#213 = CARTESIAN_POINT ( 'NONE',  ( 94.75000000000000000, 60.00000000000000000, -6.500000000000000000 ) ) ;
#214 = CARTESIAN_POINT ( 'NONE',  ( 93.50000000000000000, 33.00000000000000000, -54.75000000000000000 ) ) ;
#215 = ORIENTED_EDGE ( 'NONE', *, *, #4309, .T. ) ;
#216 = DIRECTION ( 'NONE',  ( 1.000000000000000000, -0.000000000000000000, -0.000000000000000000 ) ) ;
#217 = ORIENTED_EDGE ( 'NONE', *, *, #3800, .T. ) ;
#218 = VERTEX_POINT ( 'NONE', #2660 ) ;
#219 = ORIENTED_EDGE ( 'NONE', *, *, #1154, .F. ) ;
#220 = VECTOR ( 'NONE', #1268, 1000.000000000000000 ) ;
#221 = LINE ( 'NONE', #2935, #2494 ) ;
#222 = AXIS2_PLACEMENT_3D ( 'NONE', #2651, #956, #2295 ) ;
#223 = VECTOR ( 'NONE', #3192, 1000.000000000000000 ) ;
#224 = ORIENTED_EDGE ( 'NONE', *, *, #3765, .T. ) ;
#225 = ORIENTED_EDGE ( 'NONE', *, *, #3719, .F. ) ;
#226 = CARTESIAN_POINT ( 'NONE',  ( 5.250000000000007105, 52.50000000000000000, -7.499999999999993783 ) ) ;
#227 = DIRECTION ( 'NONE',  ( -1.000000000000000000, -0.000000000000000000, -2.952720810173289112E-16 ) ) ;
#228 = VERTEX_POINT ( 'NONE', #3301 ) ;
#229 = ADVANCED_FACE ( 'NONE', ( #3579 ), #3981, .T. ) ;
#230 = CARTESIAN_POINT ( 'NONE',  ( 2.250000000000000000, 52.50000000000000000, -42.49999999999999289 ) ) ;
#231 = DIRECTION ( 'NONE',  ( 0.000000000000000000, -0.000000000000000000, 1.000000000000000000 ) ) ;
#232 = CARTESIAN_POINT ( 'NONE',  ( 11.75000000000000000, 48.25999999999999801, -60.00000000000000000 ) ) ;
#233 = CARTESIAN_POINT ( 'NONE',  ( 97.74999999999998579, 52.50000000000000000, -17.49999999999999645 ) ) ;
#234 = CARTESIAN_POINT ( 'NONE',  ( 0.000000000000000000, 48.24999999999999289, -51.61999999999999744 ) ) ;
#235 = DIRECTION ( 'NONE',  ( 0.000000000000000000, -0.5869675714609328132, -0.8096104433943862588 ) ) ;
#236 = LINE ( 'NONE', #3914, #967 ) ;
#237 = ORIENTED_EDGE ( 'NONE', *, *, #2022, .T. ) ;
#238 = ORIENTED_EDGE ( 'NONE', *, *, #571, .F. ) ;
#239 = ORIENTED_EDGE ( 'NONE', *, *, #4388, .F. ) ;
#240 = ADVANCED_FACE ( 'NONE', ( #2592 ), #546, .T. ) ;
#241 = LINE ( 'NONE', #1908, #3681 ) ;
#242 = AXIS2_PLACEMENT_3D ( 'NONE', #4044, #365, #3782 ) ;
#243 = ADVANCED_FACE ( 'NONE', ( #4337 ), #1300, .T. ) ;
#244 = EDGE_LOOP ( 'NONE', ( #3187, #2403, #3338, #3723 ) ) ;
#245 = ORIENTED_EDGE ( 'NONE', *, *, #3333, .T. ) ;
#246 = DIRECTION ( 'NONE',  ( 0.000000000000000000, 2.775557561562894112E-15, -1.000000000000000000 ) ) ;
#247 = CARTESIAN_POINT ( 'NONE',  ( 100.0000000000000000, 0.000000000000000000, -2.999999999999997335 ) ) ;
#248 = CIRCLE ( 'NONE', #2108, 10.00000000000000533 ) ;
#249 = VERTEX_POINT ( 'NONE', #83 ) ;
#250 = FACE_OUTER_BOUND ( 'NONE', #2609, .T. ) ;
#251 = CIRCLE ( 'NONE', #4287, 1.699999999999993072 ) ;
#252 = FACE_OUTER_BOUND ( 'NONE', #3860, .T. ) ;
#254 = VECTOR ( 'NONE', #2782, 1000.000000000000000 ) ;
#253 = FACE_OUTER_BOUND ( 'NONE', #4321, .T. ) ;
#255 = DIRECTION ( 'NONE',  ( -1.000000000000000000, -0.000000000000000000, -0.000000000000000000 ) ) ;
#256 = DIRECTION ( 'NONE',  ( 0.000000000000000000, 1.000000000000000000, -0.000000000000000000 ) ) ;
#257 = CARTESIAN_POINT ( 'NONE',  ( 88.26000000000001933, 56.99999999999999289, -46.55000000000001137 ) ) ;
#258 = LINE ( 'NONE', #1614, #4167 ) ;
#259 = AXIS2_PLACEMENT_3D ( 'NONE', #1007, #2027, #3 ) ;
#260 = VERTEX_POINT ( 'NONE', #1351 ) ;
#261 = ORIENTED_EDGE ( 'NONE', *, *, #43, .T. ) ;
#262 = AXIS2_PLACEMENT_3D ( 'NONE', #2511, #1839, #3540 ) ;
#263 = VERTEX_POINT ( 'NONE', #2371 ) ;
#264 = DIRECTION ( 'NONE',  ( 0.000000000000000000, 0.000000000000000000, -1.000000000000000000 ) ) ;
#265 = ORIENTED_EDGE ( 'NONE', *, *, #404, .F. ) ;
#266 = ORIENTED_EDGE ( 'NONE', *, *, #972, .T. ) ;
#267 = CARTESIAN_POINT ( 'NONE',  ( 6.500000000000000888, 40.00000000000000000, -57.74999999999997868 ) ) ;
#268 = DIRECTION ( 'NONE',  ( 1.000000000000000000, 0.000000000000000000, 0.000000000000000000 ) ) ;
#269 = CARTESIAN_POINT ( 'NONE',  ( 11.75000000000000000, 48.25999999999999801, -60.00000000000000000 ) ) ;
#270 = ORIENTED_EDGE ( 'NONE', *, *, #3555, .F. ) ;
#271 = CARTESIAN_POINT ( 'NONE',  ( 97.74999999999998579, 2.999999999999996447, -7.500000000000000888 ) ) ;
#272 = LINE ( 'NONE', #3365, #1032 ) ;
#273 = CARTESIAN_POINT ( 'NONE',  ( 0.000000000000000000, 60.00000000000000000, -60.00000000000000000 ) ) ;
#274 = FACE_OUTER_BOUND ( 'NONE', #1335, .T. ) ;
#275 = EDGE_CURVE ( 'NONE', #4038, #1240, #2776, .T. ) ;
#276 = PLANE ( 'NONE',  #1877 ) ;
#277 = LINE ( 'NONE', #1656, #1393 ) ;
#278 = VECTOR ( 'NONE', #1122, 1000.000000000000114 ) ;
#279 = DIRECTION ( 'NONE',  ( -0.000000000000000000, -1.000000000000000000, -0.000000000000000000 ) ) ;
#280 = ORIENTED_EDGE ( 'NONE', *, *, #1126, .F. ) ;
#281 = EDGE_LOOP ( 'NONE', ( #3445, #40, #1333, #622 ) ) ;
#282 = EDGE_LOOP ( 'NONE', ( #3678, #2148, #2508, #2567 ) ) ;
#283 = EDGE_CURVE ( 'NONE', #2495, #201, #2808, .T. ) ;
#284 = DIRECTION ( 'NONE',  ( 1.000000000000000000, 0.000000000000000000, 4.984837574645997858E-18 ) ) ;
#285 = ORIENTED_EDGE ( 'NONE', *, *, #3042, .T. ) ;
#286 = ORIENTED_EDGE ( 'NONE', *, *, #187, .T. ) ;
#287 = PRODUCT_DEFINITION_FORMATION_WITH_SPECIFIED_SOURCE ( 'ANY', '', #1830, .NOT_KNOWN. ) ;
#288 = LINE ( 'NONE', #3735, #1907 ) ;
#289 = VECTOR ( 'NONE', #1161, 1000.000000000000000 ) ;
#290 = CARTESIAN_POINT ( 'NONE',  ( 7.500000000000000888, 54.00000000000000000, -7.500000000000000000 ) ) ;
#291 = CARTESIAN_POINT ( 'NONE',  ( 7.500000000000000000, 33.00000000000000000, -55.00000000000000000 ) ) ;
#292 = ORIENTED_EDGE ( 'NONE', *, *, #4083, .F. ) ;
#293 = DIRECTION ( 'NONE',  ( -1.000000000000000000, 0.000000000000000000, 0.000000000000000000 ) ) ;
#294 = CARTESIAN_POINT ( 'NONE',  ( 1.660000000000001696, 48.25000000000000000, -11.74999999999999645 ) ) ;
#295 = LINE ( 'NONE', #4359, #2381 ) ;
#296 = DIRECTION ( 'NONE',  ( -0.000000000000000000, -0.000000000000000000, -1.000000000000000000 ) ) ;
#297 = DIRECTION ( 'NONE',  ( 0.000000000000000000, 0.000000000000000000, -1.000000000000000000 ) ) ;
#298 = CARTESIAN_POINT ( 'NONE',  ( 93.50000000000000000, 36.20000000000000995, -5.000000000000039080 ) ) ;
#299 = DIRECTION ( 'NONE',  ( 1.000000000000000000, 0.000000000000000000, -1.156482317317871478E-16 ) ) ;
#300 = CARTESIAN_POINT ( 'NONE',  ( 100.0000000000000000, 40.00000000000000000, 0.000000000000000000 ) ) ;
#301 = VERTEX_POINT ( 'NONE', #1729 ) ;
#302 = ORIENTED_EDGE ( 'NONE', *, *, #891, .T. ) ;
#303 = ORIENTED_EDGE ( 'NONE', *, *, #2794, .F. ) ;
#304 = DIRECTION ( 'NONE',  ( 0.000000000000000000, 0.000000000000000000, -1.000000000000000000 ) ) ;
#305 = VERTEX_POINT ( 'NONE', #36 ) ;
#306 = EDGE_CURVE ( 'NONE', #3284, #1957, #1015, .T. ) ;
#307 = EDGE_LOOP ( 'NONE', ( #560, #2219, #775, #1758 ) ) ;
#308 = VECTOR ( 'NONE', #471, 1000.000000000000000 ) ;
#309 = VERTEX_POINT ( 'NONE', #3063 ) ;
#310 = PLANE ( 'NONE',  #1552 ) ;
#311 = CARTESIAN_POINT ( 'NONE',  ( 100.0000000000000000, 40.00000000000000000, -5.000000000000039968 ) ) ;
#312 = DIRECTION ( 'NONE',  ( 0.000000000000000000, 1.000000000000000000, -0.000000000000000000 ) ) ;
#313 = ORIENTED_EDGE ( 'NONE', *, *, #3435, .T. ) ;
#314 = EDGE_CURVE ( 'NONE', #3738, #2094, #2049, .T. ) ;
#315 = CARTESIAN_POINT ( 'NONE',  ( 0.000000000000000000, 42.49999999999999289, -7.499999999999994671 ) ) ;
#316 = DIRECTION ( 'NONE',  ( 0.000000000000000000, -0.000000000000000000, 1.000000000000000000 ) ) ;
#317 = VECTOR ( 'NONE', #898, 1000.000000000000000 ) ;
#318 = VECTOR ( 'NONE', #4230, 1000.000000000000000 ) ;
#319 = CARTESIAN_POINT ( 'NONE',  ( 7.500000000000000000, 33.00000000000000000, -54.74999999999997868 ) ) ;
#320 = DIRECTION ( 'NONE',  ( 0.000000000000000000, 0.000000000000000000, -1.000000000000000000 ) ) ;
#321 = LINE ( 'NONE', #2346, #724 ) ;
#322 = CARTESIAN_POINT ( 'NONE',  ( 0.000000000000000000, 33.00000000000000000, -53.50000000000000000 ) ) ;
#323 = VECTOR ( 'NONE', #2171, 1000.000000000000000 ) ;
#324 = CARTESIAN_POINT ( 'NONE',  ( 97.75000000000000000, 52.50000000000000000, -42.49999999999999289 ) ) ;
#325 = AXIS2_PLACEMENT_3D ( 'NONE', #3776, #734, #1540 ) ;
#326 = CARTESIAN_POINT ( 'NONE',  ( 0.000000000000000000, 60.00000000000000000, -60.00000000000000000 ) ) ;
#327 = VERTEX_POINT ( 'NONE', #2705 ) ;
#328 = FACE_OUTER_BOUND ( 'NONE', #88, .T. ) ;
#329 = ORIENTED_EDGE ( 'NONE', *, *, #3340, .F. ) ;
#330 = AXIS2_PLACEMENT_3D ( 'NONE', #290, #2584, #2607 ) ;
#331 = DIRECTION ( 'NONE',  ( 1.000000000000000000, 0.000000000000000000, -0.000000000000000000 ) ) ;
#332 = ORIENTED_EDGE ( 'NONE', *, *, #3995, .F. ) ;
#333 = VECTOR ( 'NONE', #923, 1000.000000000000000 ) ;
#334 = ORIENTED_EDGE ( 'NONE', *, *, #3399, .F. ) ;
#335 = CARTESIAN_POINT ( 'NONE',  ( 17.50000000000000000, 52.50000000000000000, -2.250000000000000000 ) ) ;
#336 = FACE_OUTER_BOUND ( 'NONE', #90, .T. ) ;
#337 = DIRECTION ( 'NONE',  ( -1.000000000000000000, -0.000000000000000000, -0.000000000000000000 ) ) ;
#338 = EDGE_LOOP ( 'NONE', ( #3949, #1668, #2627, #2402, #490, #1159, #3203, #1527, #819, #381 ) ) ;
#339 = EDGE_CURVE ( 'NONE', #2229, #2288, #3697, .T. ) ;
#340 = DIRECTION ( 'NONE',  ( -1.000000000000000000, 0.000000000000000000, 0.000000000000000000 ) ) ;
#341 = DIRECTION ( 'NONE',  ( -0.000000000000000000, -0.000000000000000000, 1.000000000000000000 ) ) ;
#342 = EDGE_CURVE ( 'NONE', #2803, #505, #3369, .T. ) ;
#343 = VECTOR ( 'NONE', #2089, 1000.000000000000000 ) ;
#344 = EDGE_CURVE ( 'NONE', #1215, #1895, #3461, .T. ) ;
#345 = DIRECTION ( 'NONE',  ( 1.000000000000000000, 0.000000000000000000, 0.000000000000000000 ) ) ;
#346 = LINE ( 'NONE', #3742, #914 ) ;
#347 = DIRECTION ( 'NONE',  ( 0.000000000000000000, -0.000000000000000000, 1.000000000000000000 ) ) ;
#348 = LINE ( 'NONE', #1706, #3950 ) ;
#349 = DIRECTION ( 'NONE',  ( 1.000000000000000000, 0.000000000000000000, 0.000000000000000000 ) ) ;
#350 = EDGE_CURVE ( 'NONE', #4369, #3218, #679, .T. ) ;
#351 = CARTESIAN_POINT ( 'NONE',  ( 6.500000000000000000, 33.00000000000000000, -54.74999999999997868 ) ) ;
#352 = ORIENTED_EDGE ( 'NONE', *, *, #1613, .F. ) ;
#353 = ORIENTED_EDGE ( 'NONE', *, *, #1575, .T. ) ;
#354 = VECTOR ( 'NONE', #1645, 1000.000000000000000 ) ;
#355 = VERTEX_POINT ( 'NONE', #2443 ) ;
#356 = FACE_OUTER_BOUND ( 'NONE', #2669, .T. ) ;
#357 = VECTOR ( 'NONE', #2731, 1000.000000000000000 ) ;
#358 = VERTEX_POINT ( 'NONE', #2038 ) ;
#359 = VERTEX_POINT ( 'NONE', #3394 ) ;
#360 = DIRECTION ( 'NONE',  ( 0.000000000000000000, 0.000000000000000000, 1.000000000000000000 ) ) ;
#361 = CARTESIAN_POINT ( 'NONE',  ( 97.74999999999998579, 33.00000000000000000, -7.499999999999996447 ) ) ;
#362 = FACE_BOUND ( 'NONE', #3421, .T. ) ;
#363 = EDGE_LOOP ( 'NONE', ( #303, #2173 ) ) ;
#364 = EDGE_CURVE ( 'NONE', #3781, #305, #1038, .T. ) ;
#365 = DIRECTION ( 'NONE',  ( -0.000000000000000000, 1.000000000000000000, -0.000000000000000000 ) ) ;
#366 = CARTESIAN_POINT ( 'NONE',  ( 7.500000000000000000, 52.50000000000000000, -52.49999999999999289 ) ) ;
#367 = AXIS2_PLACEMENT_3D ( 'NONE', #269, #1315, #2940 ) ;
#368 = DIRECTION ( 'NONE',  ( 1.000000000000000000, -0.000000000000000000, 0.000000000000000000 ) ) ;
#369 = LINE ( 'NONE', #726, #1129 ) ;
#370 = LINE ( 'NONE', #2037, #1640 ) ;
#371 = EDGE_CURVE ( 'NONE', #2652, #2482, #348, .T. ) ;
#372 = AXIS2_PLACEMENT_3D ( 'NONE', #1369, #1028, #2125 ) ;
#373 = DIRECTION ( 'NONE',  ( 2.392722035830078972E-16, 0.000000000000000000, 1.000000000000000000 ) ) ;
#374 = EDGE_CURVE ( 'NONE', #1574, #3781, #3128, .T. ) ;
#375 = CARTESIAN_POINT ( 'NONE',  ( 94.75000000000000000, 2.999999999999995559, -53.50000000000000000 ) ) ;
#376 = DIRECTION ( 'NONE',  ( 0.000000000000000000, 0.000000000000000000, 1.000000000000000000 ) ) ;
#377 = VERTEX_POINT ( 'NONE', #2065 ) ;
#378 = ORIENTED_EDGE ( 'NONE', *, *, #2245, .F. ) ;
#379 = ORIENTED_EDGE ( 'NONE', *, *, #1265, .F. ) ;
#380 = CARTESIAN_POINT ( 'NONE',  ( 100.0000000000000000, 1.011922027653137735E-15, -7.500000000000000888 ) ) ;
#381 = ORIENTED_EDGE ( 'NONE', *, *, #3245, .T. ) ;
#382 = EDGE_CURVE ( 'NONE', #586, #939, #487, .T. ) ;
#383 = ORIENTED_EDGE ( 'NONE', *, *, #1235, .F. ) ;
#384 = ADVANCED_FACE ( 'NONE', ( #415, #1060, #2112 ), #3417, .T. ) ;
#385 = DIRECTION ( 'NONE',  ( 0.000000000000000000, 0.000000000000000000, 1.000000000000000000 ) ) ;
#386 = CARTESIAN_POINT ( 'NONE',  ( 6.500000000000000888, 40.00000000000000000, -57.74999999999997868 ) ) ;
#387 = LINE ( 'NONE', #1721, #1998 ) ;
#388 = ORIENTED_EDGE ( 'NONE', *, *, #153, .F. ) ;
#389 = CARTESIAN_POINT ( 'NONE',  ( 0.000000000000000000, 60.00000000000000000, -7.500000000000000000 ) ) ;
#390 = CARTESIAN_POINT ( 'NONE',  ( 97.74999999999998579, 33.00000000000000000, -6.500000000000000000 ) ) ;
#391 = ORIENTED_EDGE ( 'NONE', *, *, #3814, .T. ) ;
#392 = CARTESIAN_POINT ( 'NONE',  ( 88.26000000000000512, 48.25999999999999801, -60.00000000000000000 ) ) ;
#393 = LINE ( 'NONE', #1679, #3887 ) ;
#394 = CARTESIAN_POINT ( 'NONE',  ( 92.50000000000000000, 33.00000000000000000, -5.249999999999999112 ) ) ;
#395 = DIRECTION ( 'NONE',  ( -0.000000000000000000, 1.000000000000000000, 0.000000000000000000 ) ) ;
#396 = CARTESIAN_POINT ( 'NONE',  ( 92.50000000000001421, 54.00000000000000000, -7.500000000000000000 ) ) ;
#397 = CARTESIAN_POINT ( 'NONE',  ( 1.660000000000001696, 48.24999999999999289, -48.25999999999999801 ) ) ;
#398 = AXIS2_PLACEMENT_3D ( 'NONE', #569, #1682, #4316 ) ;
#399 = EDGE_CURVE ( 'NONE', #2783, #514, #658, .T. ) ;
#400 = VERTEX_POINT ( 'NONE', #3769 ) ;
#401 = ORIENTED_EDGE ( 'NONE', *, *, #555, .F. ) ;
#402 = CARTESIAN_POINT ( 'NONE',  ( 7.500000000000000000, 24.00655469070046522, -17.40475215075791837 ) ) ;
#403 = EDGE_LOOP ( 'NONE', ( #3216, #1003 ) ) ;
#404 = EDGE_CURVE ( 'NONE', #1237, #4319, #2969, .T. ) ;
#405 = CYLINDRICAL_SURFACE ( 'NONE', #2067, 9.999999999999994671 ) ;
#406 = CARTESIAN_POINT ( 'NONE',  ( 11.75000000000000711, 56.99999999999999289, -13.43999999999999062 ) ) ;
#407 = CARTESIAN_POINT ( 'NONE',  ( 88.26000000000000512, 48.25999999999999801, 1.734723475976807883E-15 ) ) ;
#408 = CIRCLE ( 'NONE', #2042, 10.00000000000000888 ) ;
#409 = ORIENTED_EDGE ( 'NONE', *, *, #2752, .T. ) ;
#410 = FACE_OUTER_BOUND ( 'NONE', #733, .T. ) ;
#411 = ORIENTED_EDGE ( 'NONE', *, *, #1997, .F. ) ;
#412 = LINE ( 'NONE', #676, #4363 ) ;
#413 = DIRECTION ( 'NONE',  ( 0.000000000000000000, 1.000000000000000000, 1.349229370204183433E-16 ) ) ;
#414 = CARTESIAN_POINT ( 'NONE',  ( 93.50000000000000000, 60.00000000000000000, -54.75000000000000000 ) ) ;
#415 = FACE_OUTER_BOUND ( 'NONE', #4177, .T. ) ;
#416 = CYLINDRICAL_SURFACE ( 'NONE', #776, 1.699999999999993072 ) ;
#417 = ADVANCED_FACE ( 'NONE', ( #2465 ), #2799, .F. ) ;
#418 = DIRECTION ( 'NONE',  ( 1.000000000000000000, 0.000000000000000000, -0.000000000000000000 ) ) ;
#419 = ORIENTED_EDGE ( 'NONE', *, *, #3265, .F. ) ;
#420 = ORIENTED_EDGE ( 'NONE', *, *, #747, .F. ) ;
#421 = ADVANCED_FACE ( 'NONE', ( #1098 ), #1358, .F. ) ;
#422 = VECTOR ( 'NONE', #413, 1000.000000000000000 ) ;
#423 = EDGE_CURVE ( 'NONE', #1831, #2781, #3680, .T. ) ;
#424 = VERTEX_POINT ( 'NONE', #1975 ) ;
#425 = CARTESIAN_POINT ( 'NONE',  ( 11.75000000000000000, 48.25999999999999801, -58.33999999999997499 ) ) ;
#426 = LINE ( 'NONE', #4273, #1327 ) ;
#427 = DIRECTION ( 'NONE',  ( 0.000000000000000000, 0.000000000000000000, -1.000000000000000000 ) ) ;
#428 = ORIENTED_EDGE ( 'NONE', *, *, #1956, .F. ) ;
#429 = CYLINDRICAL_SURFACE ( 'NONE', #3790, 1.699999999999987965 ) ;
#430 = ORIENTED_EDGE ( 'NONE', *, *, #3771, .F. ) ;
#431 = CARTESIAN_POINT ( 'NONE',  ( 100.0000000000000000, 60.00000000000000000, -60.00000000000000000 ) ) ;
#432 = LINE ( 'NONE', #2774, #1999 ) ;
#433 = DIRECTION ( 'NONE',  ( 0.000000000000000000, 0.000000000000000000, -1.000000000000000000 ) ) ;
#434 = VECTOR ( 'NONE', #920, 1000.000000000000000 ) ;
#435 = EDGE_CURVE ( 'NONE', #3250, #1977, #2309, .T. ) ;
#436 = AXIS2_PLACEMENT_3D ( 'NONE', #2367, #3364, #1985 ) ;
#437 = DIRECTION ( 'NONE',  ( 1.000000000000000000, -0.000000000000000000, -0.000000000000000000 ) ) ;
#438 = CONICAL_SURFACE ( 'NONE', #3488, 3.360000000000002096, 0.7853981633974441712 ) ;
#439 = DIRECTION ( 'NONE',  ( -0.000000000000000000, 1.000000000000000000, 2.775557561562894112E-15 ) ) ;
#440 = ORIENTED_EDGE ( 'NONE', *, *, #156, .T. ) ;
#441 = MANIFOLD_SOLID_BREP ( 'Mirror10[7]', #1486 ) ;
#442 = ORIENTED_EDGE ( 'NONE', *, *, #2090, .F. ) ;
#443 = ADVANCED_FACE ( 'NONE', ( #687 ), #1242, .F. ) ;
#444 = ORIENTED_EDGE ( 'NONE', *, *, #508, .F. ) ;
#445 = CARTESIAN_POINT ( 'NONE',  ( 84.90000000000000568, 48.25999999999999801, 1.734723475976807883E-15 ) ) ;
#446 = CARTESIAN_POINT ( 'NONE',  ( 5.250000000000007105, 33.00000000000000000, -6.500000000000000000 ) ) ;
#447 = ADVANCED_FACE ( 'NONE', ( #3989, #1642, #3402 ), #23, .F. ) ;
#448 = CARTESIAN_POINT ( 'NONE',  ( 97.74999999999998579, 52.50000000000000000, 2.886284591944389247E-14 ) ) ;
#449 = VERTEX_POINT ( 'NONE', #2021 ) ;
#450 = DIRECTION ( 'NONE',  ( 0.000000000000000000, 0.000000000000000000, -1.000000000000000000 ) ) ;
#451 = EDGE_LOOP ( 'NONE', ( #2576, #391, #757, #2578 ) ) ;
#452 = FACE_OUTER_BOUND ( 'NONE', #1318, .T. ) ;
#453 = LINE ( 'NONE', #3534, #2432 ) ;
#454 = ADVANCED_FACE ( 'NONE', ( #356 ), #1690, .F. ) ;
#455 = ORIENTED_EDGE ( 'NONE', *, *, #1317, .T. ) ;
#456 = CARTESIAN_POINT ( 'NONE',  ( 92.50000000000000000, 42.49999999999999289, -57.75000000000000000 ) ) ;
#457 = AXIS2_PLACEMENT_3D ( 'NONE', #4380, #1391, #3454 ) ;
#458 = CARTESIAN_POINT ( 'NONE',  ( 92.50000000000000000, 36.20000000000000995, -2.999999999999997335 ) ) ;
#459 = FACE_OUTER_BOUND ( 'NONE', #2724, .T. ) ;
#460 = CARTESIAN_POINT ( 'NONE',  ( 7.500000000000000000, 40.00000000000000000, -57.74999999999997868 ) ) ;
#461 = ORIENTED_EDGE ( 'NONE', *, *, #975, .T. ) ;
#462 = AXIS2_PLACEMENT_3D ( 'NONE', #2344, #607, #231 ) ;
#463 = VERTEX_POINT ( 'NONE', #3731 ) ;
#464 = VECTOR ( 'NONE', #4383, 1000.000000000000000 ) ;
#465 = VECTOR ( 'NONE', #481, 1000.000000000000000 ) ;
#466 = DIRECTION ( 'NONE',  ( 0.000000000000000000, 0.5869675714609328132, 0.8096104433943862588 ) ) ;
#467 = DIRECTION ( 'NONE',  ( 0.000000000000000000, 0.000000000000000000, 1.000000000000000000 ) ) ;
#468 = ADVANCED_FACE ( 'NONE', ( #3657 ), #4011, .T. ) ;
#469 = ORIENTED_EDGE ( 'NONE', *, *, #1989, .T. ) ;
#470 = UNCERTAINTY_MEASURE_WITH_UNIT (LENGTH_MEASURE( 1.000000000000000082E-05 ), #2343, 'distance_accuracy_value', 'NONE');
#471 = DIRECTION ( 'NONE',  ( 0.000000000000000000, 1.000000000000000000, 0.000000000000000000 ) ) ;
#472 = ORIENTED_EDGE ( 'NONE', *, *, #2158, .T. ) ;
#473 = CIRCLE ( 'NONE', #330, 10.00000000000000355 ) ;
#474 = DIRECTION ( 'NONE',  ( -0.000000000000000000, 1.000000000000000000, -0.000000000000000000 ) ) ;
#475 = CARTESIAN_POINT ( 'NONE',  ( 92.50000000000000000, 52.50000000000000000, -7.500000000000000000 ) ) ;
#476 = ADVANCED_FACE ( 'NONE', ( #998 ), #4395, .T. ) ;
#477 = VERTEX_POINT ( 'NONE', #2717 ) ;
#478 = ADVANCED_FACE ( 'NONE', ( #1383 ), #2739, .F. ) ;
#479 = DIRECTION ( 'NONE',  ( 0.000000000000000000, -1.000000000000000000, 0.000000000000000000 ) ) ;
#480 = EDGE_CURVE ( 'NONE', #3422, #1332, #1675, .T. ) ;
#481 = DIRECTION ( 'NONE',  ( 0.000000000000000000, -1.000000000000000000, 2.282530889443172938E-16 ) ) ;
#482 = DIRECTION ( 'NONE',  ( -1.000000000000000000, -0.000000000000000000, -0.000000000000000000 ) ) ;
#483 = DIRECTION ( 'NONE',  ( 0.000000000000000000, 2.775557561562893718E-15, -1.000000000000000000 ) ) ;
#484 = LINE ( 'NONE', #4271, #2811 ) ;
#485 = ORIENTED_EDGE ( 'NONE', *, *, #2312, .T. ) ;
#486 = EDGE_CURVE ( 'NONE', #3200, #4369, #44, .T. ) ;
#487 = CIRCLE ( 'NONE', #1479, 1.700000000000000178 ) ;
#488 = VERTEX_POINT ( 'NONE', #853 ) ;
#489 = CARTESIAN_POINT ( 'NONE',  ( 97.74999999999998579, 33.00000000000015632, -5.440388092744322672E-14 ) ) ;
#490 = ORIENTED_EDGE ( 'NONE', *, *, #4376, .T. ) ;
#491 = CARTESIAN_POINT ( 'NONE',  ( 92.50000000000001421, 56.99999999999999289, -52.50000000000000000 ) ) ;
#492 = VECTOR ( 'NONE', #2397, 1000.000000000000000 ) ;
#493 = ORIENTED_EDGE ( 'NONE', *, *, #1252, .F. ) ;
#494 = CARTESIAN_POINT ( 'NONE',  ( -0.000000000000000000, 52.50000000000000000, 0.000000000000000000 ) ) ;
#495 = FACE_BOUND ( 'NONE', #1809, .T. ) ;
#496 = VECTOR ( 'NONE', #93, 1000.000000000000000 ) ;
#497 = EDGE_LOOP ( 'NONE', ( #510, #783, #195 ) ) ;
#498 = CARTESIAN_POINT ( 'NONE',  ( 0.000000000000000000, 33.00000000000000000, -6.500000000000000000 ) ) ;
#499 = EDGE_CURVE ( 'NONE', #30, #1240, #3165, .T. ) ;
#500 = DIRECTION ( 'NONE',  ( 0.000000000000000000, 0.8096104433943862588, -0.5869675714609328132 ) ) ;
#501 = CARTESIAN_POINT ( 'NONE',  ( 100.0000000000000000, 48.24999999999999289, -46.55999999999999517 ) ) ;
#502 = EDGE_CURVE ( 'NONE', #3707, #1020, #534, .T. ) ;
#503 = CARTESIAN_POINT ( 'NONE',  ( 86.56000000000001648, 48.25999999999999801, -1.660000000000022569 ) ) ;
#504 = LINE ( 'NONE', #2197, #109 ) ;
#505 = VERTEX_POINT ( 'NONE', #2404 ) ;
#506 = AXIS2_PLACEMENT_3D ( 'NONE', #2877, #3551, #2154 ) ;
#507 = ORIENTED_EDGE ( 'NONE', *, *, #152, .F. ) ;
#508 = EDGE_CURVE ( 'NONE', #3478, #4299, #3576, .T. ) ;
#509 = DIRECTION ( 'NONE',  ( -1.000000000000000000, 0.000000000000000000, 0.000000000000000000 ) ) ;
#510 = ORIENTED_EDGE ( 'NONE', *, *, #2737, .T. ) ;
#511 = EDGE_CURVE ( 'NONE', #3606, #3400, #3890, .T. ) ;
#512 = CARTESIAN_POINT ( 'NONE',  ( 97.75000000000000000, 48.24999999999999289, -48.25999999999999801 ) ) ;
#513 = EDGE_CURVE ( 'NONE', #260, #1973, #2095, .T. ) ;
#514 = VERTEX_POINT ( 'NONE', #1087 ) ;
#515 = CARTESIAN_POINT ( 'NONE',  ( 0.000000000000000000, 36.20000000000000995, -2.999999999999997335 ) ) ;
#516 = DIRECTION ( 'NONE',  ( 1.000000000000000000, 0.000000000000000000, -2.392722035830078972E-16 ) ) ;
#517 = ORIENTED_EDGE ( 'NONE', *, *, #3113, .T. ) ;
#518 = CARTESIAN_POINT ( 'NONE',  ( 100.0000000000000000, 48.24999999999999289, -51.61999999999999744 ) ) ;
#519 = DIRECTION ( 'NONE',  ( 0.000000000000000000, 0.000000000000000000, -1.000000000000000000 ) ) ;
#520 = DIRECTION ( 'NONE',  ( -1.000000000000000000, 0.000000000000000000, 0.000000000000000000 ) ) ;
#521 = DIRECTION ( 'NONE',  ( -0.000000000000000000, 1.000000000000000000, 0.000000000000000000 ) ) ;
#522 = CARTESIAN_POINT ( 'NONE',  ( 92.50000000000000000, 8.095376221225100300E-15, -52.50000000000000000 ) ) ;
#523 = ORIENTED_EDGE ( 'NONE', *, *, #4345, .T. ) ;
#524 = AXIS2_PLACEMENT_3D ( 'NONE', #1179, #4237, #97 ) ;
#525 = EDGE_CURVE ( 'NONE', #1891, #1259, #2531, .T. ) ;
#526 = ORIENTED_EDGE ( 'NONE', *, *, #283, .F. ) ;
#527 = ORIENTED_EDGE ( 'NONE', *, *, #4239, .F. ) ;
#528 = CIRCLE ( 'NONE', #1458, 3.360000000000000320 ) ;
#529 = VECTOR ( 'NONE', #235, 1000.000000000000000 ) ;
#530 = PLANE ( 'NONE',  #3830 ) ;
#531 = ORIENTED_EDGE ( 'NONE', *, *, #1262, .T. ) ;
#532 = AXIS2_PLACEMENT_3D ( 'NONE', #1182, #2543, #1870 ) ;
#533 = EDGE_CURVE ( 'NONE', #4322, #3706, #168, .T. ) ;
#534 = CIRCLE ( 'NONE', #1464, 10.00000000000000178 ) ;
#535 = DIRECTION ( 'NONE',  ( -0.000000000000000000, -0.000000000000000000, 1.000000000000000000 ) ) ;
#536 = EDGE_CURVE ( 'NONE', #1574, #717, #3795, .T. ) ;
#537 = ORIENTED_EDGE ( 'NONE', *, *, #499, .T. ) ;
#538 = LINE ( 'NONE', #1979, #615 ) ;
#539 = PLANE ( 'NONE',  #4046 ) ;
#540 = ORIENTED_EDGE ( 'NONE', *, *, #1364, .T. ) ;
#541 = DIRECTION ( 'NONE',  ( -1.000000000000000000, -0.000000000000000000, -0.000000000000000000 ) ) ;
#542 = CIRCLE ( 'NONE', #3385, 1.699999999999993072 ) ;
#543 = FACE_OUTER_BOUND ( 'NONE', #4126, .T. ) ;
#544 = CARTESIAN_POINT ( 'NONE',  ( 6.500000000000000888, 40.00000000000000000, -57.74999999999997868 ) ) ;
#545 = VECTOR ( 'NONE', #3043, 1000.000000000000114 ) ;
#546 = PLANE ( 'NONE',  #2234 ) ;
#547 = CYLINDRICAL_SURFACE ( 'NONE', #3647, 1.700000000000000178 ) ;
#548 = EDGE_LOOP ( 'NONE', ( #1534, #3044, #3207, #971 ) ) ;
#549 = CARTESIAN_POINT ( 'NONE',  ( 17.50000000000000000, 52.50000000000000000, -57.74999999999999289 ) ) ;
#550 = ORIENTED_EDGE ( 'NONE', *, *, #3290, .T. ) ;
#551 = EDGE_CURVE ( 'NONE', #2873, #3895, #3231, .T. ) ;
#552 = ORIENTED_EDGE ( 'NONE', *, *, #3797, .F. ) ;
#553 = ORIENTED_EDGE ( 'NONE', *, *, #2055, .T. ) ;
#554 = DIRECTION ( 'NONE',  ( 1.156482317317871478E-16, 0.000000000000000000, 1.000000000000000000 ) ) ;
#555 = EDGE_CURVE ( 'NONE', #4277, #824, #2390, .T. ) ;
#556 = ORIENTED_EDGE ( 'NONE', *, *, #3916, .T. ) ;
#557 = ORIENTED_EDGE ( 'NONE', *, *, #1326, .T. ) ;
#558 = CARTESIAN_POINT ( 'NONE',  ( 11.75000000000000000, 56.99999999999999289, -48.25000000000000000 ) ) ;
#559 = CARTESIAN_POINT ( 'NONE',  ( 88.26000000000000512, 48.25999999999999801, -60.00000000000000000 ) ) ;
#560 = ORIENTED_EDGE ( 'NONE', *, *, #1732, .T. ) ;
#561 = CIRCLE ( 'NONE', #3049, 1.699999999999993072 ) ;
#562 = DIRECTION ( 'NONE',  ( 0.000000000000000000, 0.000000000000000000, 1.000000000000000000 ) ) ;
#563 = VECTOR ( 'NONE', #541, 1000.000000000000000 ) ;
#564 = DIRECTION ( 'NONE',  ( 1.000000000000000000, -0.000000000000000000, -0.000000000000000000 ) ) ;
#565 = VECTOR ( 'NONE', #3219, 1000.000000000000000 ) ;
#566 = DIRECTION ( 'NONE',  ( 1.000000000000000000, -0.000000000000000000, -0.000000000000000000 ) ) ;
#567 = CARTESIAN_POINT ( 'NONE',  ( 100.0000000000000000, 48.25000000000000000, -11.74999999999999645 ) ) ;
#568 = DIRECTION ( 'NONE',  ( -0.000000000000000000, -0.000000000000000000, 1.000000000000000000 ) ) ;
#569 = CARTESIAN_POINT ( 'NONE',  ( 7.500000000000006217, 8.972707634362802184E-16, -60.00000000000000000 ) ) ;
#570 = ADVANCED_FACE ( 'NONE', ( #2430 ), #3310, .F. ) ;
#571 = EDGE_CURVE ( 'NONE', #847, #1638, #1519, .T. ) ;
#572 = DIRECTION ( 'NONE',  ( -1.000000000000000000, -0.000000000000000000, -0.000000000000000000 ) ) ;
#573 = EDGE_LOOP ( 'NONE', ( #1180, #1381, #4043, #4154 ) ) ;
#574 = ORIENTED_EDGE ( 'NONE', *, *, #98, .F. ) ;
#575 = ORIENTED_EDGE ( 'NONE', *, *, #2981, .T. ) ;
#576 = AXIS2_PLACEMENT_3D ( 'NONE', #294, #3413, #960 ) ;
#577 = VECTOR ( 'NONE', #2818, 1000.000000000000000 ) ;
#578 = CARTESIAN_POINT ( 'NONE',  ( 6.500000000000000888, 2.999999999999995559, -2.249999999999999556 ) ) ;
#579 = AXIS2_PLACEMENT_3D ( 'NONE', #1008, #2103, #427 ) ;
#580 = ADVANCED_FACE ( 'NONE', ( #3519 ), #1047, .F. ) ;
#581 = AXIS2_PLACEMENT_3D ( 'NONE', #2233, #3557, #1482 ) ;
#582 = ORIENTED_EDGE ( 'NONE', *, *, #486, .T. ) ;
#583 = ORIENTED_EDGE ( 'NONE', *, *, #2022, .F. ) ;
#584 = CARTESIAN_POINT ( 'NONE',  ( 98.34000000000001762, 48.25000000000000000, -11.74999999999999645 ) ) ;
#585 = LINE ( 'NONE', #2006, #3900 ) ;
#586 = VERTEX_POINT ( 'NONE', #147 ) ;
#587 = FACE_OUTER_BOUND ( 'NONE', #3074, .T. ) ;
#588 = CARTESIAN_POINT ( 'NONE',  ( 100.0000000000000000, 48.25000000000000000, -15.10999999999999766 ) ) ;
#589 = DIRECTION ( 'NONE',  ( 3.083952846180990774E-16, 0.000000000000000000, -1.000000000000000000 ) ) ;
#590 = CARTESIAN_POINT ( 'NONE',  ( 11.75000000000000000, 48.25999999999999801, -60.00000000000000000 ) ) ;
#591 = DIRECTION ( 'NONE',  ( 1.000000000000000000, 0.000000000000000000, 0.000000000000000000 ) ) ;
#592 = DIRECTION ( 'NONE',  ( 1.000000000000000000, 0.000000000000000000, -1.156482317317871478E-16 ) ) ;
#593 = CARTESIAN_POINT ( 'NONE',  ( 17.50000000000000355, 56.99999999999999289, -52.50000000000000000 ) ) ;
#594 = ORIENTED_EDGE ( 'NONE', *, *, #3236, .T. ) ;
#595 = ORIENTED_EDGE ( 'NONE', *, *, #2059, .F. ) ;
#596 = ORIENTED_EDGE ( 'NONE', *, *, #159, .T. ) ;
#597 = FILL_AREA_STYLE_COLOUR ( '', #906 ) ;
#598 = CONICAL_SURFACE ( 'NONE', #3090, 3.360000000000002096, 0.7853981633974441712 ) ;
#599 = EDGE_LOOP ( 'NONE', ( #2908, #217, #2825, #953 ) ) ;
#600 = ORIENTED_EDGE ( 'NONE', *, *, #1257, .F. ) ;
#601 = ORIENTED_EDGE ( 'NONE', *, *, #283, .T. ) ;
#602 = EDGE_CURVE ( 'NONE', #2535, #177, #2176, .T. ) ;
#603 = LINE ( 'NONE', #2672, #3313 ) ;
#604 = PLANE ( 'NONE',  #2710 ) ;
#605 = ORIENTED_EDGE ( 'NONE', *, *, #4055, .F. ) ;
#606 = DIRECTION ( 'NONE',  ( 3.083952846180990774E-16, 0.000000000000000000, -1.000000000000000000 ) ) ;
#607 = DIRECTION ( 'NONE',  ( -0.000000000000000000, 1.000000000000000000, 0.000000000000000000 ) ) ;
#609 = AXIS2_PLACEMENT_3D ( 'NONE', #1631, #1297, #2903 ) ;
#608 = LINE ( 'NONE', #631, #3677 ) ;
#610 = DIRECTION ( 'NONE',  ( -0.000000000000000000, 1.000000000000000000, -0.000000000000000000 ) ) ;
#611 = EDGE_CURVE ( 'NONE', #3738, #3749, #2884, .T. ) ;
#612 = CARTESIAN_POINT ( 'NONE',  ( 7.500000000000000000, 33.00000000000015632, -9.159339953157576799E-14 ) ) ;
#613 = LINE ( 'NONE', #3982, #529 ) ;
#614 = LINE ( 'NONE', #4389, #2321 ) ;
#615 = VECTOR ( 'NONE', #1960, 1000.000000000000000 ) ;
#616 = ORIENTED_EDGE ( 'NONE', *, *, #2595, .T. ) ;
#617 = ORIENTED_EDGE ( 'NONE', *, *, #551, .F. ) ;
#618 = EDGE_CURVE ( 'NONE', #2229, #3752, #3537, .T. ) ;
#619 = ORIENTED_EDGE ( 'NONE', *, *, #536, .T. ) ;
#620 = FILL_AREA_STYLE ('',( #597 ) ) ;
#621 = ORIENTED_EDGE ( 'NONE', *, *, #3217, .T. ) ;
#622 = ORIENTED_EDGE ( 'NONE', *, *, #533, .F. ) ;
#623 = DIRECTION ( 'NONE',  ( -0.000000000000000000, 1.000000000000000000, -0.000000000000000000 ) ) ;
#624 = CARTESIAN_POINT ( 'NONE',  ( 2.250000000000000444, 33.00000000000000711, -52.49999999999999289 ) ) ;
#625 = DIRECTION ( 'NONE',  ( 0.000000000000000000, 0.000000000000000000, -1.000000000000000000 ) ) ;
#626 = ORIENTED_EDGE ( 'NONE', *, *, #2712, .T. ) ;
#627 = CARTESIAN_POINT ( 'NONE',  ( 100.0000000000000000, 40.00000000000000000, -60.00000000000000000 ) ) ;
#628 = FACE_OUTER_BOUND ( 'NONE', #1153, .T. ) ;
#629 = DIRECTION ( 'NONE',  ( 0.000000000000000000, 0.000000000000000000, -1.000000000000000000 ) ) ;
#631 = CARTESIAN_POINT ( 'NONE',  ( 7.500000000000000888, 56.99999999999999289, -52.50000000000000000 ) ) ;
#630 = AXIS2_PLACEMENT_3D ( 'NONE', #677, #2345, #4098 ) ;
#632 = DIRECTION ( 'NONE',  ( 1.000000000000000000, 0.000000000000000000, 0.000000000000000000 ) ) ;
#633 = DIRECTION ( 'NONE',  ( 0.000000000000000000, -1.000000000000000000, 2.775557561562888984E-15 ) ) ;
#634 = DIRECTION ( 'NONE',  ( -0.000000000000000000, -1.000000000000000000, -0.000000000000000000 ) ) ;
#635 = VECTOR ( 'NONE', #2956, 1000.000000000000000 ) ;
#636 = CIRCLE ( 'NONE', #2201, 9.999999999999994671 ) ;
#637 = ADVANCED_FACE ( 'NONE', ( #1503 ), #2864, .T. ) ;
#638 = LINE ( 'NONE', #326, #1115 ) ;
#639 = VERTEX_POINT ( 'NONE', #1582 ) ;
#640 = EDGE_LOOP ( 'NONE', ( #3210, #3246, #619, #1913 ) ) ;
#641 = EDGE_LOOP ( 'NONE', ( #1049, #1883, #2982, #2093, #1063, #3497, #22, #1204, #1402, #3535 ) ) ;
#642 = DIRECTION ( 'NONE',  ( 2.891205793294678819E-16, 0.000000000000000000, 1.000000000000000000 ) ) ;
#643 = ORIENTED_EDGE ( 'NONE', *, *, #423, .F. ) ;
#644 = VECTOR ( 'NONE', #1059, 1000.000000000000114 ) ;
#645 = ADVANCED_FACE ( 'NONE', ( #253 ), #963, .F. ) ;
#646 = ORIENTED_EDGE ( 'NONE', *, *, #3309, .F. ) ;
#647 = AXIS2_PLACEMENT_3D ( 'NONE', #559, #3952, #912 ) ;
#648 = LINE ( 'NONE', #3076, #2266 ) ;
#649 = VECTOR ( 'NONE', #4241, 1000.000000000000000 ) ;
#650 = CARTESIAN_POINT ( 'NONE',  ( 0.000000000000000000, 54.00000000000000000, -7.500000000000000000 ) ) ;
#651 = DIRECTION ( 'NONE',  ( -1.000000000000000000, 0.000000000000000000, -0.000000000000000000 ) ) ;
#652 = ORIENTED_EDGE ( 'NONE', *, *, #602, .T. ) ;
#653 = LINE ( 'NONE', #2769, #2523 ) ;
#654 = LINE ( 'NONE', #366, #1431 ) ;
#655 = CARTESIAN_POINT ( 'NONE',  ( 100.0000000000000000, 48.24999999999999289, -44.89999999999999858 ) ) ;
#656 = DIRECTION ( 'NONE',  ( 0.000000000000000000, -2.282530889443172938E-16, -1.000000000000000000 ) ) ;
#657 = DIRECTION ( 'NONE',  ( -0.000000000000000000, -1.000000000000000000, -1.541976423090495387E-16 ) ) ;
#658 = LINE ( 'NONE', #4028, #1692 ) ;
#659 = CARTESIAN_POINT ( 'NONE',  ( 88.26000000000001933, 56.99999999999999289, -49.94999999999999574 ) ) ;
#660 = LINE ( 'NONE', #947, #1535 ) ;
#661 = ORIENTED_EDGE ( 'NONE', *, *, #2839, .F. ) ;
#662 = ORIENTED_EDGE ( 'NONE', *, *, #3278, .T. ) ;
#663 = ORIENTED_EDGE ( 'NONE', *, *, #1286, .F. ) ;
#664 = DIRECTION ( 'NONE',  ( -1.000000000000000000, 0.000000000000000000, -0.000000000000000000 ) ) ;
#665 = ADVANCED_FACE ( 'NONE', ( #919 ), #1174, .F. ) ;
#666 = ORIENTED_EDGE ( 'NONE', *, *, #1709, .F. ) ;
#667 = VECTOR ( 'NONE', #4210, 1000.000000000000000 ) ;
#668 = VERTEX_POINT ( 'NONE', #2299 ) ;
#669 = FACE_OUTER_BOUND ( 'NONE', #4372, .T. ) ;
#670 = DIRECTION ( 'NONE',  ( 0.000000000000000000, 0.000000000000000000, 1.000000000000000000 ) ) ;
#671 = CARTESIAN_POINT ( 'NONE',  ( 0.000000000000000000, 60.00000000000000000, 0.000000000000000000 ) ) ;
#672 = ORIENTED_EDGE ( 'NONE', *, *, #3177, .F. ) ;
#673 = ADVANCED_FACE ( 'NONE', ( #3644 ), #3599, .T. ) ;
#674 = DIRECTION ( 'NONE',  ( -0.000000000000000000, -0.000000000000000000, -1.000000000000000000 ) ) ;
#675 = AXIS2_PLACEMENT_3D ( 'NONE', #2512, #3196, #2928 ) ;
#676 = CARTESIAN_POINT ( 'NONE',  ( 93.50000000000000000, 36.20000000000000995, -54.75000000000000000 ) ) ;
#677 = CARTESIAN_POINT ( 'NONE',  ( 11.75000000000000711, 56.99999999999999289, -11.74000000000000021 ) ) ;
#678 = CARTESIAN_POINT ( 'NONE',  ( 7.500000000000000888, 56.99999999999999289, -52.50000000000000000 ) ) ;
#679 = LINE ( 'NONE', #3787, #2406 ) ;
#680 = VECTOR ( 'NONE', #164, 1000.000000000000000 ) ;
#681 = DIRECTION ( 'NONE',  ( -1.000000000000000000, 0.000000000000000000, 0.000000000000000000 ) ) ;
#682 = DIRECTION ( 'NONE',  ( 1.000000000000000000, -6.641137739266326270E-31, -2.392722035830078972E-16 ) ) ;
#683 = ORIENTED_EDGE ( 'NONE', *, *, #98, .T. ) ;
#684 = ORIENTED_EDGE ( 'NONE', *, *, #2689, .T. ) ;
#685 = ORIENTED_EDGE ( 'NONE', *, *, #2164, .F. ) ;
#686 = VECTOR ( 'NONE', #3974, 1000.000000000000114 ) ;
#687 = FACE_OUTER_BOUND ( 'NONE', #908, .T. ) ;
#688 = VERTEX_POINT ( 'NONE', #895 ) ;
#689 = VECTOR ( 'NONE', #2732, 1000.000000000000000 ) ;
#690 = ORIENTED_EDGE ( 'NONE', *, *, #1342, .T. ) ;
#691 = ADVANCED_FACE ( 'NONE', ( #3956 ), #1820, .F. ) ;
#692 = CARTESIAN_POINT ( 'NONE',  ( 93.50000000000000000, 25.04014748054069983, -15.97910692339208083 ) ) ;
#693 = DIRECTION ( 'NONE',  ( -0.000000000000000000, 1.000000000000000000, -0.000000000000000000 ) ) ;
#694 = FACE_BOUND ( 'NONE', #2973, .T. ) ;
#695 = ORIENTED_EDGE ( 'NONE', *, *, #1466, .F. ) ;
#696 = CARTESIAN_POINT ( 'NONE',  ( 7.500000000000000888, 56.99999999999999289, -42.49999999999999289 ) ) ;
#697 = CARTESIAN_POINT ( 'NONE',  ( 94.75000000000000000, 60.00000000000000000, -53.50000000000000000 ) ) ;
#698 = AXIS2_PLACEMENT_3D ( 'NONE', #4121, #2683, #3040 ) ;
#699 = DIRECTION ( 'NONE',  ( 0.000000000000000000, 1.000000000000000000, 0.000000000000000000 ) ) ;
#700 = LINE ( 'NONE', #2061, #4178 ) ;
#701 = DIRECTION ( 'NONE',  ( 0.000000000000000000, 1.000000000000000000, 0.000000000000000000 ) ) ;
#702 = DIRECTION ( 'NONE',  ( -1.000000000000000000, -0.000000000000000000, -0.000000000000000000 ) ) ;
#703 = CARTESIAN_POINT ( 'NONE',  ( 0.000000000000000000, 48.25000000000000000, -11.74999999999999645 ) ) ;
#704 = VECTOR ( 'NONE', #4249, 1000.000000000000000 ) ;
#705 = DIRECTION ( 'NONE',  ( -0.000000000000000000, -0.000000000000000000, 1.000000000000000000 ) ) ;
#706 = ORIENTED_EDGE ( 'NONE', *, *, #1349, .T. ) ;
#707 = ORIENTED_EDGE ( 'NONE', *, *, #1526, .T. ) ;
#708 = AXIS2_PLACEMENT_3D ( 'NONE', #3320, #4290, #2635 ) ;
#709 = ADVANCED_FACE ( 'NONE', ( #4335 ), #2323, .F. ) ;
#710 = EDGE_LOOP ( 'NONE', ( #1357, #2247, #762, #2023 ) ) ;
#711 = EDGE_CURVE ( 'NONE', #377, #2536, #2590, .T. ) ;
#712 = VECTOR ( 'NONE', #3251, 1000.000000000000000 ) ;
#713 = DIRECTION ( 'NONE',  ( 0.000000000000000000, 0.000000000000000000, 1.000000000000000000 ) ) ;
#714 = VECTOR ( 'NONE', #823, 1000.000000000000000 ) ;
#715 = VERTEX_POINT ( 'NONE', #1608 ) ;
#716 = AXIS2_PLACEMENT_3D ( 'NONE', #1860, #2549, #3893 ) ;
#717 = VERTEX_POINT ( 'NONE', #3669 ) ;
#718 = LINE ( 'NONE', #1026, #2487 ) ;
#719 = DIRECTION ( 'NONE',  ( -1.000000000000000000, -0.000000000000000000, -0.000000000000000000 ) ) ;
#720 = CARTESIAN_POINT ( 'NONE',  ( 7.500000000000000888, 54.00000000000000000, -52.50000000000000000 ) ) ;
#721 = EDGE_LOOP ( 'NONE', ( #605, #1971, #133, #3986 ) ) ;
#722 = DIRECTION ( 'NONE',  ( -0.000000000000000000, -1.000000000000000000, -1.349229370204183433E-16 ) ) ;
#723 = CARTESIAN_POINT ( 'NONE',  ( 97.74999999999998579, 48.25000000000000000, -10.04999999999999716 ) ) ;
#724 = VECTOR ( 'NONE', #657, 1000.000000000000000 ) ;
#725 = CARTESIAN_POINT ( 'NONE',  ( 5.250000000000007994, 2.999999999999995559, -6.782030610866781795E-16 ) ) ;
#726 = CARTESIAN_POINT ( 'NONE',  ( 6.500000000000000000, 36.20000000000000995, -54.74999999999997868 ) ) ;
#727 = CARTESIAN_POINT ( 'NONE',  ( 0.000000000000000000, 52.50000000000000000, -7.499999999999993783 ) ) ;
#728 = CARTESIAN_POINT ( 'NONE',  ( 2.250000000000005773, 48.25000000000000000, -11.74999999999999645 ) ) ;
#729 = LINE ( 'NONE', #3441, #2559 ) ;
#730 = LINE ( 'NONE', #1379, #4373 ) ;
#731 = EDGE_CURVE ( 'NONE', #3423, #3953, #608, .T. ) ;
#732 = ORIENTED_EDGE ( 'NONE', *, *, #306, .F. ) ;
#733 = EDGE_LOOP ( 'NONE', ( #948, #799, #1664, #120, #3971, #52, #1599, #383, #2455, #4031, #1665, #574 ) ) ;
#734 = DIRECTION ( 'NONE',  ( -1.000000000000000000, -0.000000000000000000, -2.952720810173289112E-16 ) ) ;
#735 = ORIENTED_EDGE ( 'NONE', *, *, #4085, .F. ) ;
#736 = CYLINDRICAL_SURFACE ( 'NONE', #3761, 10.00000000000000533 ) ;
#737 = PLANE ( 'NONE',  #1111 ) ;
#738 = DIRECTION ( 'NONE',  ( -2.891205793294678819E-16, 0.000000000000000000, -1.000000000000000000 ) ) ;
#739 = ORIENTED_EDGE ( 'NONE', *, *, #3236, .F. ) ;
#740 = LINE ( 'NONE', #2366, #2804 ) ;
#741 = VECTOR ( 'NONE', #1117, 1000.000000000000000 ) ;
#742 = EDGE_CURVE ( 'NONE', #1191, #140, #2062, .T. ) ;
#743 = EDGE_LOOP ( 'NONE', ( #1467, #3620, #2077, #786 ) ) ;
#744 = CARTESIAN_POINT ( 'NONE',  ( 88.26000000000000512, 48.25999999999999801, -60.00000000000000000 ) ) ;
#745 = CARTESIAN_POINT ( 'NONE',  ( 82.50000000000000000, 54.00000000000000000, -7.500000000000000000 ) ) ;
#746 = DIRECTION ( 'NONE',  ( 0.7071067811865445751, 8.659560562354897113E-17, -0.7071067811865504593 ) ) ;
#747 = EDGE_CURVE ( 'NONE', #2224, #1240, #2572, .T. ) ;
#748 = CARTESIAN_POINT ( 'NONE',  ( 94.75000000000000000, 33.00000000000015632, -8.326672684688711919E-14 ) ) ;
#749 = AXIS2_PLACEMENT_3D ( 'NONE', #921, #3014, #3347 ) ;
#750 = DIRECTION ( 'NONE',  ( -0.000000000000000000, 1.000000000000000000, -0.000000000000000000 ) ) ;
#751 = EDGE_CURVE ( 'NONE', #4233, #2206, #2257, .T. ) ;
#752 = ADVANCED_FACE ( 'NONE', ( #4313 ), #1777, .F. ) ;
#753 = CARTESIAN_POINT ( 'NONE',  ( 100.0000000000000000, 48.24999999999999289, -48.25999999999999801 ) ) ;
#754 = AXIS2_PLACEMENT_3D ( 'NONE', #2349, #3041, #922 ) ;
#755 = CARTESIAN_POINT ( 'NONE',  ( 0.000000000000000000, 48.25000000000000000, -11.74999999999999645 ) ) ;
#756 = VERTEX_POINT ( 'NONE', #3279 ) ;
#757 = ORIENTED_EDGE ( 'NONE', *, *, #3553, .T. ) ;
#758 = CARTESIAN_POINT ( 'NONE',  ( 97.75000000000000000, 42.49999999999999289, -7.499999999999994671 ) ) ;
#759 = LINE ( 'NONE', #3802, #3030 ) ;
#760 = PLANE ( 'NONE',  #372 ) ;
#761 = VECTOR ( 'NONE', #3419, 1000.000000000000000 ) ;
#762 = ORIENTED_EDGE ( 'NONE', *, *, #1917, .F. ) ;
#763 = CARTESIAN_POINT ( 'NONE',  ( 7.500000000000005329, 2.999999999999995559, -57.74999999999997868 ) ) ;
#764 =( NAMED_UNIT ( * ) SI_UNIT ( $, .STERADIAN. ) SOLID_ANGLE_UNIT ( ) );
#765 = VERTEX_POINT ( 'NONE', #1275 ) ;
#766 = CARTESIAN_POINT ( 'NONE',  ( 13.44999999999998863, 48.25999999999999801, -1.660000000000022569 ) ) ;
#767 = DIRECTION ( 'NONE',  ( 0.000000000000000000, 0.000000000000000000, 1.000000000000000000 ) ) ;
#768 = CARTESIAN_POINT ( 'NONE',  ( 92.50000000000001421, 54.00000000000000000, -17.50000000000000000 ) ) ;
#769 = ADVANCED_FACE ( 'NONE', ( #1207, #3908 ), #3626, .F. ) ;
#770 = DIRECTION ( 'NONE',  ( 0.000000000000000000, 0.000000000000000000, -1.000000000000000000 ) ) ;
#771 = FACE_OUTER_BOUND ( 'NONE', #2272, .T. ) ;
#772 = ORIENTED_EDGE ( 'NONE', *, *, #3169, .T. ) ;
#773 = EDGE_CURVE ( 'NONE', #4322, #2996, #3189, .T. ) ;
#774 = VECTOR ( 'NONE', #320, 1000.000000000000000 ) ;
#775 = ORIENTED_EDGE ( 'NONE', *, *, #2479, .F. ) ;
#776 = AXIS2_PLACEMENT_3D ( 'NONE', #2756, #1776, #1016 ) ;
#777 = ORIENTED_EDGE ( 'NONE', *, *, #16, .F. ) ;
#778 = AXIS2_PLACEMENT_3D ( 'NONE', #2166, #48, #4110 ) ;
#779 = ADVANCED_FACE ( 'NONE', ( #543 ), #3252, .F. ) ;
#780 = CARTESIAN_POINT ( 'NONE',  ( 11.75000000000000000, 48.25999999999999801, -2.249999999999999556 ) ) ;
#781 = DIRECTION ( 'NONE',  ( -0.000000000000000000, 1.000000000000000000, -0.000000000000000000 ) ) ;
#782 = DIRECTION ( 'NONE',  ( 1.000000000000000000, -0.000000000000000000, -0.000000000000000000 ) ) ;
#783 = ORIENTED_EDGE ( 'NONE', *, *, #1709, .T. ) ;
#784 = CARTESIAN_POINT ( 'NONE',  ( 7.500000000000001776, 54.00000000000000000, -42.49999999999999289 ) ) ;
#785 = CARTESIAN_POINT ( 'NONE',  ( 0.000000000000000000, 0.000000000000000000, 0.000000000000000000 ) ) ;
#786 = ORIENTED_EDGE ( 'NONE', *, *, #371, .F. ) ;
#787 = CARTESIAN_POINT ( 'NONE',  ( 6.500000000000000000, 2.999999999999995559, -54.74999999999997868 ) ) ;
#788 = DIRECTION ( 'NONE',  ( 0.000000000000000000, -0.000000000000000000, 1.000000000000000000 ) ) ;
#789 = ORIENTED_EDGE ( 'NONE', *, *, #3217, .F. ) ;
#790 = LINE ( 'NONE', #3211, #1350 ) ;
#791 = AXIS2_PLACEMENT_3D ( 'NONE', #3638, #3359, #3664 ) ;
#792 = CIRCLE ( 'NONE', #4051, 1.699999999999993072 ) ;
#793 = CARTESIAN_POINT ( 'NONE',  ( 100.0000000000000000, 40.00000000000000000, 0.000000000000000000 ) ) ;
#794 = AXIS2_PLACEMENT_3D ( 'NONE', #567, #2865, #1899 ) ;
#795 = CARTESIAN_POINT ( 'NONE',  ( 5.250000000000000888, 2.999999999999995559, -53.50000000000000000 ) ) ;
#796 = CARTESIAN_POINT ( 'NONE',  ( 93.50000000000000000, 32.99999999999998579, 8.326672684688681626E-14 ) ) ;
#797 = ORIENTED_EDGE ( 'NONE', *, *, #3381, .F. ) ;
#798 = ADVANCED_FACE ( 'NONE', ( #2773 ), #1417, .F. ) ;
#799 = ORIENTED_EDGE ( 'NONE', *, *, #3244, .T. ) ;
#800 = ORIENTED_EDGE ( 'NONE', *, *, #1457, .F. ) ;
#801 = EDGE_CURVE ( 'NONE', #3988, #1246, #393, .T. ) ;
#802 = DIRECTION ( 'NONE',  ( 1.000000000000000000, 0.000000000000000000, 0.000000000000000000 ) ) ;
#803 = DIRECTION ( 'NONE',  ( -1.000000000000000000, 0.000000000000000000, 0.000000000000000000 ) ) ;
#804 = ADVANCED_FACE ( 'NONE', ( #2011 ), #2751, .F. ) ;
#805 = VERTEX_POINT ( 'NONE', #1751 ) ;
#806 = EDGE_CURVE ( 'NONE', #218, #1976, #3010, .T. ) ;
#807 = DIRECTION ( 'NONE',  ( -4.984837574645997858E-18, 0.000000000000000000, 1.000000000000000000 ) ) ;
#808 = ORIENTED_EDGE ( 'NONE', *, *, #1075, .F. ) ;
#809 = CARTESIAN_POINT ( 'NONE',  ( 7.500000000000000000, 33.00000000000000000, -7.499999999999996447 ) ) ;
#810 = PLANE ( 'NONE',  #3546 ) ;
#811 = ADVANCED_FACE ( 'NONE', ( #3415, #1058 ), #3104, .F. ) ;
#812 = VERTEX_POINT ( 'NONE', #10 ) ;
#813 = LINE ( 'NONE', #518, #278 ) ;
#814 = VECTOR ( 'NONE', #1828, 1000.000000000000000 ) ;
#815 = CARTESIAN_POINT ( 'NONE',  ( 0.000000000000000000, 48.25000000000000000, -11.74999999999999645 ) ) ;
#816 = CYLINDRICAL_SURFACE ( 'NONE', #1006, 10.00000000000000178 ) ;
#817 = CYLINDRICAL_SURFACE ( 'NONE', #3387, 10.00000000000000178 ) ;
#818 = DIRECTION ( 'NONE',  ( 1.000000000000000000, 0.000000000000000000, 0.000000000000000000 ) ) ;
#819 = ORIENTED_EDGE ( 'NONE', *, *, #502, .F. ) ;
#820 = VECTOR ( 'NONE', #1325, 1000.000000000000000 ) ;
#821 = EDGE_LOOP ( 'NONE', ( #3326, #4148, #3145 ) ) ;
#822 = VECTOR ( 'NONE', #3714, 1000.000000000000000 ) ;
#823 = DIRECTION ( 'NONE',  ( -1.000000000000000000, -0.000000000000000000, -0.000000000000000000 ) ) ;
#824 = VERTEX_POINT ( 'NONE', #3785 ) ;
#825 = DIRECTION ( 'NONE',  ( 0.000000000000000000, -1.000000000000000000, -0.000000000000000000 ) ) ;
#826 = EDGE_CURVE ( 'NONE', #3263, #228, #3366, .T. ) ;
#827 = ORIENTED_EDGE ( 'NONE', *, *, #511, .F. ) ;
#828 = EDGE_CURVE ( 'NONE', #2652, #2360, #1843, .T. ) ;
#829 = VECTOR ( 'NONE', #3605, 1000.000000000000000 ) ;
#830 = CARTESIAN_POINT ( 'NONE',  ( 88.26000000000001933, 56.99999999999999289, -13.43999999999999595 ) ) ;
#831 = CYLINDRICAL_SURFACE ( 'NONE', #3270, 1.700000000000000178 ) ;
#832 = ORIENTED_EDGE ( 'NONE', *, *, #840, .F. ) ;
#833 = DIRECTION ( 'NONE',  ( -0.000000000000000000, -0.000000000000000000, 1.000000000000000000 ) ) ;
#834 = DIRECTION ( 'NONE',  ( 0.000000000000000000, 0.5869675714609328132, 0.8096104433943862588 ) ) ;
#835 = DIRECTION ( 'NONE',  ( 0.000000000000000000, 0.000000000000000000, -1.000000000000000000 ) ) ;
#836 = CARTESIAN_POINT ( 'NONE',  ( 100.0000000000000000, 42.49999999999999289, -52.49999999999999289 ) ) ;
#837 = CARTESIAN_POINT ( 'NONE',  ( 82.50000000000000000, 54.00000000000000000, -7.500000000000000000 ) ) ;
#838 = VERTEX_POINT ( 'NONE', #745 ) ;
#839 = ADVANCED_FACE ( 'NONE', ( #3459 ), #1395, .F. ) ;
#840 = EDGE_CURVE ( 'NONE', #4173, #1289, #369, .T. ) ;
#841 = ORIENTED_EDGE ( 'NONE', *, *, #1524, .F. ) ;
#842 = EDGE_CURVE ( 'NONE', #3972, #2203, #987, .T. ) ;
#843 = CARTESIAN_POINT ( 'NONE',  ( 100.0000000000000000, 60.00000000000000000, 0.000000000000000000 ) ) ;
#844 = VERTEX_POINT ( 'NONE', #3392 ) ;
#845 = DIRECTION ( 'NONE',  ( 1.000000000000000000, 0.000000000000000000, 0.000000000000000000 ) ) ;
#846 = VECTOR ( 'NONE', #940, 1000.000000000000000 ) ;
#847 = VERTEX_POINT ( 'NONE', #2394 ) ;
#848 = CARTESIAN_POINT ( 'NONE',  ( 5.250000000000000888, 60.00000000000000000, -53.50000000000000000 ) ) ;
#849 = CARTESIAN_POINT ( 'NONE',  ( 0.000000000000000000, -1.141265444721593569E-15, -5.000000000000030198 ) ) ;
#850 = ORIENTED_EDGE ( 'NONE', *, *, #435, .F. ) ;
#851 = FACE_BOUND ( 'NONE', #2330, .T. ) ;
#852 = EDGE_CURVE ( 'NONE', #3703, #4038, #4049, .T. ) ;
#853 = CARTESIAN_POINT ( 'NONE',  ( 8.390000000000000568, 48.25999999999999801, 1.734723475976807883E-15 ) ) ;
#854 = CARTESIAN_POINT ( 'NONE',  ( 88.26000000000000512, 48.25999999999999801, -1.660000000000022569 ) ) ;
#855 = DIRECTION ( 'NONE',  ( -6.599266530932157585E-32, 1.000000000000000000, -2.282530889443172938E-16 ) ) ;
#856 = LINE ( 'NONE', #1150, #3302 ) ;
#857 = VERTEX_POINT ( 'NONE', #3083 ) ;
#858 = CIRCLE ( 'NONE', #4194, 1.700000000000000178 ) ;
#859 = EDGE_CURVE ( 'NONE', #3317, #3726, #1322, .T. ) ;
#860 = ORIENTED_EDGE ( 'NONE', *, *, #901, .F. ) ;
#861 = ORIENTED_EDGE ( 'NONE', *, *, #1627, .T. ) ;
#862 = CARTESIAN_POINT ( 'NONE',  ( 7.500000000000000888, 54.00000000000000000, -52.50000000000000000 ) ) ;
#863 = ORIENTED_EDGE ( 'NONE', *, *, #3340, .T. ) ;
#864 = CARTESIAN_POINT ( 'NONE',  ( 92.50000000000000000, 40.00000000000000000, 0.000000000000000000 ) ) ;
#865 = ORIENTED_EDGE ( 'NONE', *, *, #602, .F. ) ;
#866 = DIRECTION ( 'NONE',  ( 0.000000000000000000, 0.000000000000000000, -1.000000000000000000 ) ) ;
#867 = DIRECTION ( 'NONE',  ( 0.000000000000000000, 0.000000000000000000, -1.000000000000000000 ) ) ;
#868 = ORIENTED_EDGE ( 'NONE', *, *, #2977, .T. ) ;
#869 = EDGE_CURVE ( 'NONE', #3752, #857, #4024, .T. ) ;
#870 = CYLINDRICAL_SURFACE ( 'NONE', #1065, 1.699999999999993072 ) ;
#871 = EDGE_CURVE ( 'NONE', #939, #2117, #2369, .T. ) ;
#872 = DIRECTION ( 'NONE',  ( 0.000000000000000000, 0.000000000000000000, 1.000000000000000000 ) ) ;
#873 = LINE ( 'NONE', #2258, #2858 ) ;
#874 = DIRECTION ( 'NONE',  ( -1.000000000000000000, 0.000000000000000000, 0.000000000000000000 ) ) ;
#875 = CYLINDRICAL_SURFACE ( 'NONE', #2456, 1.699999999999993072 ) ;
#876 = ORIENTED_EDGE ( 'NONE', *, *, #3984, .T. ) ;
#877 = EDGE_CURVE ( 'NONE', #3749, #1977, #346, .T. ) ;
#878 = FACE_OUTER_BOUND ( 'NONE', #3355, .T. ) ;
#879 = ORIENTED_EDGE ( 'NONE', *, *, #2610, .T. ) ;
#880 = ORIENTED_EDGE ( 'NONE', *, *, #2284, .T. ) ;
#881 = ORIENTED_EDGE ( 'NONE', *, *, #3476, .T. ) ;
#882 = AXIS2_PLACEMENT_3D ( 'NONE', #4293, #1324, #591 ) ;
#883 = LINE ( 'NONE', #2911, #635 ) ;
#884 = ORIENTED_EDGE ( 'NONE', *, *, #2324, .F. ) ;
#885 = CIRCLE ( 'NONE', #1673, 10.00000000000000178 ) ;
#886 = ORIENTED_EDGE ( 'NONE', *, *, #890, .F. ) ;
#887 = CARTESIAN_POINT ( 'NONE',  ( 7.500000000000000000, 33.00000000000000000, -4.999999999999997335 ) ) ;
#888 = DIRECTION ( 'NONE',  ( 0.000000000000000000, 0.000000000000000000, -1.000000000000000000 ) ) ;
#889 = ORIENTED_EDGE ( 'NONE', *, *, #1669, .F. ) ;
#890 = EDGE_CURVE ( 'NONE', #1834, #2018, #700, .T. ) ;
#891 = EDGE_CURVE ( 'NONE', #68, #55, #3603, .T. ) ;
#892 = CARTESIAN_POINT ( 'NONE',  ( 0.000000000000000000, 52.50000000000000000, -17.49999999999999645 ) ) ;
#893 = VECTOR ( 'NONE', #3383, 1000.000000000000000 ) ;
#894 = CARTESIAN_POINT ( 'NONE',  ( 100.0000000000000000, 48.25000000000000000, -11.74999999999999645 ) ) ;
#895 = CARTESIAN_POINT ( 'NONE',  ( 93.50000000000000000, 34.45000000000000284, -2.999999999999999112 ) ) ;
#896 = DIRECTION ( 'NONE',  ( 1.000000000000000000, -0.000000000000000000, -0.000000000000000000 ) ) ;
#897 = VECTOR ( 'NONE', #705, 1000.000000000000000 ) ;
#898 = DIRECTION ( 'NONE',  ( 1.196361017915039239E-16, -1.000000000000000000, 0.000000000000000000 ) ) ;
#899 = PRODUCT_RELATED_PRODUCT_CATEGORY ( 'part', '', ( #1830 ) ) ;
#900 = LINE ( 'NONE', #3935, #3796 ) ;
#901 = EDGE_CURVE ( 'NONE', #2016, #3639, #1771, .T. ) ;
#902 = CARTESIAN_POINT ( 'NONE',  ( 5.250000000000007105, 2.999999999999996447, -7.500000000000000888 ) ) ;
#903 = ORIENTED_EDGE ( 'NONE', *, *, #202, .F. ) ;
#904 = ORIENTED_EDGE ( 'NONE', *, *, #423, .T. ) ;
#905 = ORIENTED_EDGE ( 'NONE', *, *, #399, .F. ) ;
#906 = COLOUR_RGB ( '',0.7921568627450980005, 0.8196078431372548767, 0.9333333333333333481 ) ;
#907 = DIRECTION ( 'NONE',  ( 0.000000000000000000, 0.000000000000000000, -1.000000000000000000 ) ) ;
#908 = EDGE_LOOP ( 'NONE', ( #3112, #552, #194, #4342 ) ) ;
#909 = ADVANCED_FACE ( 'NONE', ( #669 ), #27, .F. ) ;
#910 = VERTEX_POINT ( 'NONE', #2026 ) ;
#911 = CARTESIAN_POINT ( 'NONE',  ( 92.50000000000000000, 52.50000000000000000, -54.74999999999999289 ) ) ;
#912 = DIRECTION ( 'NONE',  ( -1.000000000000000000, 0.000000000000000000, 0.000000000000000000 ) ) ;
#913 = EDGE_LOOP ( 'NONE', ( #3111, #1193, #1359, #1433, #1848, #3178, #1283, #3375, #3285, #4393, #1972, #4057, #3798, #144, #3819, #25, #2043, #3903, #2580, #332 ) ) ;
#914 = VECTOR ( 'NONE', #3060, 1000.000000000000000 ) ;
#915 = DIRECTION ( 'NONE',  ( -1.000000000000000000, 0.000000000000000000, 0.000000000000000000 ) ) ;
#916 = AXIS2_PLACEMENT_3D ( 'NONE', #1319, #3689, #2987 ) ;
#917 = DIRECTION ( 'NONE',  ( 0.000000000000000000, 0.000000000000000000, 1.000000000000000000 ) ) ;
#918 = VECTOR ( 'NONE', #3946, 1000.000000000000000 ) ;
#919 = FACE_OUTER_BOUND ( 'NONE', #1110, .T. ) ;
#920 = DIRECTION ( 'NONE',  ( -0.000000000000000000, -0.000000000000000000, 1.000000000000000000 ) ) ;
#921 = CARTESIAN_POINT ( 'NONE',  ( 11.75000000000000000, 48.25999999999999801, 1.734723475976807883E-15 ) ) ;
#922 = DIRECTION ( 'NONE',  ( -1.000000000000000000, 0.000000000000000000, -0.000000000000000000 ) ) ;
#923 = DIRECTION ( 'NONE',  ( 1.000000000000000000, 0.000000000000000000, 0.000000000000000000 ) ) ;
#924 = ORIENTED_EDGE ( 'NONE', *, *, #828, .T. ) ;
#925 = ORIENTED_EDGE ( 'NONE', *, *, #2068, .T. ) ;
#926 = ORIENTED_EDGE ( 'NONE', *, *, #502, .T. ) ;
#927 = EDGE_CURVE ( 'NONE', #1779, #2974, #2132, .T. ) ;
#928 = VECTOR ( 'NONE', #4120, 1000.000000000000000 ) ;
#929 = DIRECTION ( 'NONE',  ( 1.000000000000000000, -0.000000000000000000, -0.000000000000000000 ) ) ;
#930 = AXIS2_PLACEMENT_3D ( 'NONE', #720, #3431, #1804 ) ;
#931 = AXIS2_PLACEMENT_3D ( 'NONE', #2468, #3110, #4103 ) ;
#932 = VERTEX_POINT ( 'NONE', #3357 ) ;
#933 = EDGE_CURVE ( 'NONE', #2868, #327, #2693, .T. ) ;
#934 = ORIENTED_EDGE ( 'NONE', *, *, #806, .T. ) ;
#935 = EDGE_CURVE ( 'NONE', #3120, #488, #3027, .T. ) ;
#936 = FACE_OUTER_BOUND ( 'NONE', #3485, .T. ) ;
#937 = CARTESIAN_POINT ( 'NONE',  ( 1.660000000000001696, 48.25000000000000000, -10.04999999999999716 ) ) ;
#938 = EDGE_CURVE ( 'NONE', #102, #978, #648, .T. ) ;
#939 = VERTEX_POINT ( 'NONE', #3051 ) ;
#940 = DIRECTION ( 'NONE',  ( -1.000000000000000000, -0.000000000000000000, -0.000000000000000000 ) ) ;
#941 = DIRECTION ( 'NONE',  ( 0.000000000000000000, 0.000000000000000000, 1.000000000000000000 ) ) ;
#942 = EDGE_CURVE ( 'NONE', #1748, #1688, #288, .T. ) ;
#943 = DIRECTION ( 'NONE',  ( 1.000000000000000000, -0.000000000000000000, 0.000000000000000000 ) ) ;
#944 = CARTESIAN_POINT ( 'NONE',  ( 17.50000000000000000, 52.50000000000000000, -60.00000000000000000 ) ) ;
#945 = CYLINDRICAL_SURFACE ( 'NONE', #4357, 10.00000000000000355 ) ;
#946 = LINE ( 'NONE', #3959, #820 ) ;
#947 = CARTESIAN_POINT ( 'NONE',  ( 8.390000000000000568, 48.25999999999999801, -60.00000000000000000 ) ) ;
#948 = ORIENTED_EDGE ( 'NONE', *, *, #3728, .F. ) ;
#949 = VERTEX_POINT ( 'NONE', #4089 ) ;
#950 = EDGE_LOOP ( 'NONE', ( #461, #2238, #1121, #3804 ) ) ;
#951 = ORIENTED_EDGE ( 'NONE', *, *, #3353, .F. ) ;
#952 = EDGE_CURVE ( 'NONE', #4255, #173, #3406, .T. ) ;
#953 = ORIENTED_EDGE ( 'NONE', *, *, #2738, .F. ) ;
#954 = CARTESIAN_POINT ( 'NONE',  ( 88.26000000000001933, 56.99999999999999289, -11.74000000000000199 ) ) ;
#955 = DIRECTION ( 'NONE',  ( 0.000000000000000000, 0.000000000000000000, -1.000000000000000000 ) ) ;
#956 = DIRECTION ( 'NONE',  ( -0.000000000000000000, -0.000000000000000000, 1.000000000000000000 ) ) ;
#957 = VECTOR ( 'NONE', #3875, 1000.000000000000000 ) ;
#958 = ORIENTED_EDGE ( 'NONE', *, *, #152, .T. ) ;
#959 = DIRECTION ( 'NONE',  ( 0.000000000000000000, -0.000000000000000000, -1.000000000000000000 ) ) ;
#960 = DIRECTION ( 'NONE',  ( 0.000000000000000000, 0.000000000000000000, 1.000000000000000000 ) ) ;
#961 = EDGE_CURVE ( 'NONE', #2810, #2897, #718, .T. ) ;
#962 = LINE ( 'NONE', #1630, #3799 ) ;
#963 = PLANE ( 'NONE',  #1598 ) ;
#964 = DIRECTION ( 'NONE',  ( 0.000000000000000000, 1.000000000000000000, -0.000000000000000000 ) ) ;
#965 = CARTESIAN_POINT ( 'NONE',  ( 92.50000000000000000, 52.50000000000000000, -60.00000000000000000 ) ) ;
#966 = PLANE ( 'NONE',  #3926 ) ;
#967 = VECTOR ( 'NONE', #2930, 1000.000000000000000 ) ;
#968 = DIRECTION ( 'NONE',  ( 0.000000000000000000, 1.000000000000000000, 0.000000000000000000 ) ) ;
#969 = VECTOR ( 'NONE', #3985, 1000.000000000000000 ) ;
#970 = VERTEX_POINT ( 'NONE', #1366 ) ;
#971 = ORIENTED_EDGE ( 'NONE', *, *, #2879, .F. ) ;
#972 = EDGE_CURVE ( 'NONE', #2897, #1157, #1387, .T. ) ;
#973 = ORIENTED_EDGE ( 'NONE', *, *, #1099, .T. ) ;
#974 = EDGE_CURVE ( 'NONE', #3632, #1957, #2409, .T. ) ;
#975 = EDGE_CURVE ( 'NONE', #2332, #424, #561, .T. ) ;
#976 = ORIENTED_EDGE ( 'NONE', *, *, #3679, .T. ) ;
#977 = EDGE_LOOP ( 'NONE', ( #1380, #3444, #2505, #2001, #2520, #732, #884, #3562, #3153 ) ) ;
#978 = VERTEX_POINT ( 'NONE', #2695 ) ;
#979 = CARTESIAN_POINT ( 'NONE',  ( 11.75000000000000000, 54.00000000000000000, -48.25000000000000000 ) ) ;
#980 = DIRECTION ( 'NONE',  ( 1.000000000000000000, 0.000000000000000000, 0.000000000000000000 ) ) ;
#981 = CARTESIAN_POINT ( 'NONE',  ( 11.75000000000000711, 56.99999999999999289, -13.43999999999999595 ) ) ;
#982 = VERTEX_POINT ( 'NONE', #4326 ) ;
#983 = CARTESIAN_POINT ( 'NONE',  ( 7.500000000000005329, 54.00000000000000000, -17.50000000000000000 ) ) ;
#984 = FACE_OUTER_BOUND ( 'NONE', #1445, .T. ) ;
#985 = PLANE ( 'NONE',  #462 ) ;
#987 = CIRCLE ( 'NONE', #3121, 1.699999999999993072 ) ;
#986 = DIRECTION ( 'NONE',  ( 0.000000000000000000, 0.000000000000000000, -1.000000000000000000 ) ) ;
#988 = CARTESIAN_POINT ( 'NONE',  ( 6.500000000000000000, 2.999999999999995559, -5.249999999999999112 ) ) ;
#989 = DIRECTION ( 'NONE',  ( 0.000000000000000000, 0.000000000000000000, 1.000000000000000000 ) ) ;
#990 = CARTESIAN_POINT ( 'NONE',  ( 7.500000000000006217, 60.00000000000000000, -7.500000000000000000 ) ) ;
#991 = ADVANCED_FACE ( 'NONE', ( #4351 ), #2721, .T. ) ;
#992 = VECTOR ( 'NONE', #466, 1000.000000000000114 ) ;
#993 = ADVANCED_FACE ( 'NONE', ( #2649 ), #3992, .F. ) ;
#994 = DIRECTION ( 'NONE',  ( -0.000000000000000000, 1.000000000000000000, -0.000000000000000000 ) ) ;
#995 = ORIENTED_EDGE ( 'NONE', *, *, #852, .T. ) ;
#996 = ORIENTED_EDGE ( 'NONE', *, *, #871, .F. ) ;
#997 = ORIENTED_EDGE ( 'NONE', *, *, #513, .T. ) ;
#998 = FACE_OUTER_BOUND ( 'NONE', #2226, .T. ) ;
#999 = ADVANCED_FACE ( 'NONE', ( #3382, #2362, #2384 ), #310, .F. ) ;
#1000 = VERTEX_POINT ( 'NONE', #3708 ) ;
#1001 = AXIS2_PLACEMENT_3D ( 'NONE', #1295, #3058, #1031 ) ;
#1002 = AXIS2_PLACEMENT_3D ( 'NONE', #4221, #1183, #516 ) ;
#1003 = ORIENTED_EDGE ( 'NONE', *, *, #1912, .T. ) ;
#1004 = VECTOR ( 'NONE', #4042, 1000.000000000000000 ) ;
#1005 = CARTESIAN_POINT ( 'NONE',  ( 98.34000000000001762, 48.25000000000000000, -13.44999999999999751 ) ) ;
#1006 = AXIS2_PLACEMENT_3D ( 'NONE', #2177, #1838, #148 ) ;
#1007 = CARTESIAN_POINT ( 'NONE',  ( 1.660000000000001696, 48.25000000000000000, -11.74999999999999645 ) ) ;
#1008 = CARTESIAN_POINT ( 'NONE',  ( 97.75000000000000000, 52.50000000000000000, -7.499999999999993783 ) ) ;
#1009 = VERTEX_POINT ( 'NONE', #1005 ) ;
#1010 = DIRECTION ( 'NONE',  ( 1.000000000000000000, 0.000000000000000000, -0.000000000000000000 ) ) ;
#1011 = CARTESIAN_POINT ( 'NONE',  ( 7.500000000000000000, 52.50000000000000000, -54.74999999999997868 ) ) ;
#1012 = LINE ( 'NONE', #9, #680 ) ;
#1013 = CARTESIAN_POINT ( 'NONE',  ( 93.50000000000000000, 60.00000000000000000, -54.75000000000000000 ) ) ;
#1014 = CARTESIAN_POINT ( 'NONE',  ( 11.75000000000000000, 48.25999999999999801, -57.74999999999997868 ) ) ;
#1015 = LINE ( 'NONE', #1681, #343 ) ;
#1016 = DIRECTION ( 'NONE',  ( 0.000000000000000000, 0.000000000000000000, 1.000000000000000000 ) ) ;
#1017 = LINE ( 'NONE', #1949, #1684 ) ;
#1018 = ORIENTED_EDGE ( 'NONE', *, *, #2981, .F. ) ;
#1019 = ORIENTED_EDGE ( 'NONE', *, *, #2902, .T. ) ;
#1020 = VERTEX_POINT ( 'NONE', #335 ) ;
#1021 = EDGE_CURVE ( 'NONE', #4341, #688, #1694, .T. ) ;
#1022 = DIRECTION ( 'NONE',  ( -4.984837574645997858E-18, 0.000000000000000000, 1.000000000000000000 ) ) ;
#1023 = ORIENTED_EDGE ( 'NONE', *, *, #2883, .F. ) ;
#1024 = AXIS2_PLACEMENT_3D ( 'NONE', #389, #3057, #6 ) ;
#1025 = VERTEX_POINT ( 'NONE', #134 ) ;
#1026 = CARTESIAN_POINT ( 'NONE',  ( 5.250000000000007994, 52.50000000000000000, -6.782030610866781795E-16 ) ) ;
#1027 = CARTESIAN_POINT ( 'NONE',  ( 94.75000000000000000, 2.999999999999995559, -6.500000000000000000 ) ) ;
#1028 = DIRECTION ( 'NONE',  ( 0.000000000000000000, 1.000000000000000000, -0.000000000000000000 ) ) ;
#1029 = ORIENTED_EDGE ( 'NONE', *, *, #2378, .F. ) ;
#1030 = DIRECTION ( 'NONE',  ( -1.000000000000000000, 0.000000000000000000, 0.000000000000000000 ) ) ;
#1031 = DIRECTION ( 'NONE',  ( 1.000000000000000000, 0.000000000000000000, 0.000000000000000000 ) ) ;
#1032 = VECTOR ( 'NONE', #629, 1000.000000000000000 ) ;
#1033 = CARTESIAN_POINT ( 'NONE',  ( 100.0000000000000000, 60.00000000000000000, 0.000000000000000000 ) ) ;
#1034 = DIRECTION ( 'NONE',  ( 0.000000000000000000, 1.000000000000000000, -0.000000000000000000 ) ) ;
#1035 = EDGE_CURVE ( 'NONE', #4299, #102, #4198, .T. ) ;
#1036 = CARTESIAN_POINT ( 'NONE',  ( 94.75000000000000000, 32.99999999999998579, 8.326672684688681626E-14 ) ) ;
#1037 = ADVANCED_FACE ( 'NONE', ( #2100 ), #405, .T. ) ;
#1038 = LINE ( 'NONE', #322, #4172 ) ;
#1039 = AXIS2_PLACEMENT_3D ( 'NONE', #787, #2153, #1476 ) ;
#1040 = CARTESIAN_POINT ( 'NONE',  ( 7.500000000000000000, 33.00000000000015632, -9.159339953157576799E-14 ) ) ;
#1041 = AXIS2_PLACEMENT_3D ( 'NONE', #1898, #1560, #1227 ) ;
#1042 = CARTESIAN_POINT ( 'NONE',  ( 7.500000000000000888, 56.99999999999999289, -7.500000000000000000 ) ) ;
#1043 = VERTEX_POINT ( 'NONE', #3450 ) ;
#1044 = ORIENTED_EDGE ( 'NONE', *, *, #4087, .T. ) ;
#1045 = ORIENTED_EDGE ( 'NONE', *, *, #2359, .F. ) ;
#1046 = VECTOR ( 'NONE', #2410, 1000.000000000000000 ) ;
#1047 = PLANE ( 'NONE',  #2747 ) ;
#1048 = ORIENTED_EDGE ( 'NONE', *, *, #3062, .F. ) ;
#1049 = ORIENTED_EDGE ( 'NONE', *, *, #1725, .F. ) ;
#1050 = DIRECTION ( 'NONE',  ( 0.000000000000000000, 0.000000000000000000, 1.000000000000000000 ) ) ;
#1051 = CARTESIAN_POINT ( 'NONE',  ( 7.500000000000000000, 36.20000000000000995, -57.00000000000000000 ) ) ;
#1052 = DIRECTION ( 'NONE',  ( 1.000000000000000000, -0.000000000000000000, -0.000000000000000000 ) ) ;
#1053 = ORIENTED_EDGE ( 'NONE', *, *, #374, .T. ) ;
#1054 = LINE ( 'NONE', #4116, #2377 ) ;
#1055 = CYLINDRICAL_SURFACE ( 'NONE', #1076, 1.699999999999993072 ) ;
#1056 = STYLED_ITEM ( 'NONE', ( #2998 ), #441 ) ;
#1057 = DIRECTION ( 'NONE',  ( 2.392722035830078972E-16, 0.000000000000000000, 1.000000000000000000 ) ) ;
#1058 = FACE_OUTER_BOUND ( 'NONE', #1570, .T. ) ;
#1059 = DIRECTION ( 'NONE',  ( -2.340750404253723432E-16, -0.5869675714609328132, -0.8096104433943862588 ) ) ;
#1060 = FACE_BOUND ( 'NONE', #2380, .T. ) ;
#1061 = LINE ( 'NONE', #2091, #1490 ) ;
#1062 = DIRECTION ( 'NONE',  ( -1.000000000000000000, -0.000000000000000000, -0.000000000000000000 ) ) ;
#1063 = ORIENTED_EDGE ( 'NONE', *, *, #2055, .F. ) ;
#1064 = ORIENTED_EDGE ( 'NONE', *, *, #1196, .F. ) ;
#1065 = AXIS2_PLACEMENT_3D ( 'NONE', #2840, #833, #185 ) ;
#1066 = DIRECTION ( 'NONE',  ( 1.000000000000000000, 0.000000000000000000, 0.000000000000000000 ) ) ;
#1067 = ORIENTED_EDGE ( 'NONE', *, *, #2712, .F. ) ;
#1068 = EDGE_CURVE ( 'NONE', #161, #824, #115, .T. ) ;
#1069 = ORIENTED_EDGE ( 'NONE', *, *, #3141, .F. ) ;
#1070 = CARTESIAN_POINT ( 'NONE',  ( 5.250000000000000888, 33.00000000000000711, -52.49999999999999289 ) ) ;
#1071 = DIRECTION ( 'NONE',  ( -1.000000000000000000, -0.000000000000000000, -0.000000000000000000 ) ) ;
#1072 = CARTESIAN_POINT ( 'NONE',  ( 100.0000000000000000, 60.00000000000000000, -60.00000000000000000 ) ) ;
#1073 = VERTEX_POINT ( 'NONE', #2765 ) ;
#1074 = DIRECTION ( 'NONE',  ( 1.000000000000000000, -0.000000000000000000, 0.000000000000000000 ) ) ;
#1075 = EDGE_CURVE ( 'NONE', #3098, #1514, #1470, .T. ) ;
#1076 = AXIS2_PLACEMENT_3D ( 'NONE', #1677, #341, #3342 ) ;
#1077 = AXIS2_PLACEMENT_3D ( 'NONE', #1222, #204, #788 ) ;
#1078 = ORIENTED_EDGE ( 'NONE', *, *, #3820, .F. ) ;
#1079 = CARTESIAN_POINT ( 'NONE',  ( 92.50000000000001421, 54.00000000000000000, -17.50000000000000000 ) ) ;
#1080 = DIRECTION ( 'NONE',  ( 0.000000000000000000, -1.349229370204183433E-16, 1.000000000000000000 ) ) ;
#1081 = CARTESIAN_POINT ( 'NONE',  ( 86.56000000000001648, 48.25999999999999801, 0.000000000000000000 ) ) ;
#1082 = CARTESIAN_POINT ( 'NONE',  ( 6.500000000000000888, 2.999999999999995559, -57.74999999999997868 ) ) ;
#1083 = DIRECTION ( 'NONE',  ( 0.000000000000000000, 0.000000000000000000, 1.000000000000000000 ) ) ;
#1084 = DIRECTION ( 'NONE',  ( -0.000000000000000000, 0.000000000000000000, 1.000000000000000000 ) ) ;
#1085 = ORIENTED_EDGE ( 'NONE', *, *, #961, .F. ) ;
#1086 = ORIENTED_EDGE ( 'NONE', *, *, #1896, .F. ) ;
#1087 = CARTESIAN_POINT ( 'NONE',  ( 2.250000000000006217, 60.00000000000000000, -6.500000000000000000 ) ) ;
#1088 = ORIENTED_EDGE ( 'NONE', *, *, #4276, .F. ) ;
#1089 = FACE_OUTER_BOUND ( 'NONE', #4340, .T. ) ;
#1090 = DIRECTION ( 'NONE',  ( 0.000000000000000000, 0.000000000000000000, -1.000000000000000000 ) ) ;
#1091 = DIRECTION ( 'NONE',  ( -1.000000000000000000, 0.000000000000000000, 0.000000000000000000 ) ) ;
#1092 = ORIENTED_EDGE ( 'NONE', *, *, #1550, .T. ) ;
#1093 = CYLINDRICAL_SURFACE ( 'NONE', #242, 1.699999999999994849 ) ;
#1094 = VECTOR ( 'NONE', #1628, 1000.000000000000000 ) ;
#1095 = ORIENTED_EDGE ( 'NONE', *, *, #1108, .F. ) ;
#1096 = CARTESIAN_POINT ( 'NONE',  ( 92.50000000000001421, 54.00000000000000000, -52.50000000000000000 ) ) ;
#1097 = LINE ( 'NONE', #1728, #3202 ) ;
#1098 = FACE_OUTER_BOUND ( 'NONE', #3947, .T. ) ;
#1099 = EDGE_CURVE ( 'NONE', #3334, #3996, #2852, .T. ) ;
#1100 = CIRCLE ( 'NONE', #882, 1.699999999999987965 ) ;
#1101 = CARTESIAN_POINT ( 'NONE',  ( 2.250000000000001332, 48.24999999999999289, -48.25999999999999801 ) ) ;
#1102 = AXIS2_PLACEMENT_3D ( 'NONE', #3277, #3931, #1943 ) ;
#1103 = LINE ( 'NONE', #1733, #2151 ) ;
#1104 = AXIS2_PLACEMENT_3D ( 'NONE', #2898, #2227, #4240 ) ;
#1105 = ORIENTED_EDGE ( 'NONE', *, *, #4382, .T. ) ;
#1106 = AXIS2_PLACEMENT_3D ( 'NONE', #2645, #3354, #304 ) ;
#1107 = ORIENTED_EDGE ( 'NONE', *, *, #1739, .F. ) ;
#1108 = EDGE_CURVE ( 'NONE', #55, #263, #1155, .T. ) ;
#1109 = ORIENTED_EDGE ( 'NONE', *, *, #1626, .F. ) ;
#1110 = EDGE_LOOP ( 'NONE', ( #442, #4324, #3635, #958 ) ) ;
#1111 = AXIS2_PLACEMENT_3D ( 'NONE', #3430, #3052, #2743 ) ;
#1112 = DIRECTION ( 'NONE',  ( -0.7071067811865441310, 8.659560562354892183E-17, 0.7071067811865507924 ) ) ;
#1113 = DIRECTION ( 'NONE',  ( 0.000000000000000000, 0.000000000000000000, 1.000000000000000000 ) ) ;
#1114 = LINE ( 'NONE', #448, #85 ) ;
#1115 = VECTOR ( 'NONE', #279, 1000.000000000000000 ) ;
#1116 = EDGE_LOOP ( 'NONE', ( #2388, #1293, #2586, #643 ) ) ;
#1117 = DIRECTION ( 'NONE',  ( 1.196361017915039239E-16, -1.000000000000000000, -2.862559370373418440E-32 ) ) ;
#1118 = ORIENTED_EDGE ( 'NONE', *, *, #306, .T. ) ;
#1119 = DIRECTION ( 'NONE',  ( 0.000000000000000000, 0.000000000000000000, 1.000000000000000000 ) ) ;
#1120 = FACE_BOUND ( 'NONE', #2137, .T. ) ;
#1121 = ORIENTED_EDGE ( 'NONE', *, *, #210, .T. ) ;
#1122 = DIRECTION ( 'NONE',  ( 0.7071067811865460184, 0.000000000000000000, -0.7071067811865489050 ) ) ;
#1123 = CARTESIAN_POINT ( 'NONE',  ( 13.44999999999998863, 48.25999999999999801, -57.74999999999997868 ) ) ;
#1124 = CARTESIAN_POINT ( 'NONE',  ( 98.34000000000001762, 48.25000000000000000, -10.04999999999999716 ) ) ;
#1125 = ORIENTED_EDGE ( 'NONE', *, *, #2488, .F. ) ;
#1126 = EDGE_CURVE ( 'NONE', #249, #2478, #3117, .T. ) ;
#1127 = EDGE_CURVE ( 'NONE', #1020, #2094, #3095, .T. ) ;
#1128 = ADVANCED_FACE ( 'NONE', ( #2498 ), #1428, .F. ) ;
#1129 = VECTOR ( 'NONE', #1347, 1000.000000000000000 ) ;
#1130 = ORIENTED_EDGE ( 'NONE', *, *, #3699, .T. ) ;
#1131 = VECTOR ( 'NONE', #479, 1000.000000000000000 ) ;
#1132 = ORIENTED_EDGE ( 'NONE', *, *, #1550, .F. ) ;
#1133 = AXIS2_PLACEMENT_3D ( 'NONE', #3843, #3861, #3801 ) ;
#1134 = EDGE_CURVE ( 'NONE', #2360, #2652, #3481, .T. ) ;
#1135 = DIRECTION ( 'NONE',  ( 0.000000000000000000, 0.000000000000000000, 1.000000000000000000 ) ) ;
#1136 = CARTESIAN_POINT ( 'NONE',  ( 7.500000000000000000, 52.50000000000000000, -60.00000000000000000 ) ) ;
#1137 = VERTEX_POINT ( 'NONE', #4132 ) ;
#1138 = UNCERTAINTY_MEASURE_WITH_UNIT (LENGTH_MEASURE( 1.000000000000000082E-05 ), #3634, 'distance_accuracy_value', 'NONE');
#1139 = LINE ( 'NONE', #2205, #308 ) ;
#1140 = ORIENTED_EDGE ( 'NONE', *, *, #364, .F. ) ;
#1141 = FACE_OUTER_BOUND ( 'NONE', #3197, .T. ) ;
#1142 = CARTESIAN_POINT ( 'NONE',  ( 92.50000000000002842, 54.00000000000000000, -42.49999999999999289 ) ) ;
#1143 = ORIENTED_EDGE ( 'NONE', *, *, #3360, .T. ) ;
#1144 = FACE_BOUND ( 'NONE', #3876, .T. ) ;
#1145 = CIRCLE ( 'NONE', #506, 1.699999999999993072 ) ;
#1146 = VECTOR ( 'NONE', #3710, 1000.000000000000000 ) ;
#1147 = DIRECTION ( 'NONE',  ( 0.000000000000000000, -1.000000000000000000, -0.000000000000000000 ) ) ;
#1148 = CIRCLE ( 'NONE', #1719, 1.699999999999993072 ) ;
#1149 = CARTESIAN_POINT ( 'NONE',  ( 7.500000000000000000, 36.20000000000000995, 0.000000000000000000 ) ) ;
#1150 = CARTESIAN_POINT ( 'NONE',  ( 15.10999999999999943, 48.25999999999999801, -60.00000000000000000 ) ) ;
#1151 = ORIENTED_EDGE ( 'NONE', *, *, #3910, .F. ) ;
#1152 = ADVANCED_FACE ( 'NONE', ( #1089 ), #736, .T. ) ;
#1153 = EDGE_LOOP ( 'NONE', ( #4093, #1092, #2955, #280 ) ) ;
#1154 = EDGE_CURVE ( 'NONE', #4371, #355, #3607, .T. ) ;
#1155 = LINE ( 'NONE', #445, #1911 ) ;
#1156 = DIRECTION ( 'NONE',  ( 0.000000000000000000, 0.000000000000000000, 1.000000000000000000 ) ) ;
#1157 = VERTEX_POINT ( 'NONE', #1070 ) ;
#1158 = CARTESIAN_POINT ( 'NONE',  ( 7.500000000000000000, 52.50000000000000000, -60.00000000000000000 ) ) ;
#1159 = ORIENTED_EDGE ( 'NONE', *, *, #3619, .F. ) ;
#1160 = DIRECTION ( 'NONE',  ( 1.000000000000000000, -0.000000000000000000, -0.000000000000000000 ) ) ;
#1161 = DIRECTION ( 'NONE',  ( -1.000000000000000000, 0.000000000000000000, 0.000000000000000000 ) ) ;
#1162 = ORIENTED_EDGE ( 'NONE', *, *, #4246, .F. ) ;
#1163 = CARTESIAN_POINT ( 'NONE',  ( 94.75000000000000000, 33.00000000000000711, -52.49999999999999289 ) ) ;
#1164 = EDGE_CURVE ( 'NONE', #2910, #3706, #3262, .T. ) ;
#1165 = AXIS2_PLACEMENT_3D ( 'NONE', #2187, #3477, #3805 ) ;
#1166 = EDGE_CURVE ( 'NONE', #1000, #260, #2433, .T. ) ;
#1167 = DIRECTION ( 'NONE',  ( -1.000000000000000000, 0.000000000000000000, 0.000000000000000000 ) ) ;
#1168 = CARTESIAN_POINT ( 'NONE',  ( 6.500000000000000888, 52.50000000000000000, -57.74999999999997868 ) ) ;
#1169 = FACE_OUTER_BOUND ( 'NONE', #573, .T. ) ;
#1170 = CARTESIAN_POINT ( 'NONE',  ( 92.50000000000000000, 42.49999999999999289, -2.250000000000000000 ) ) ;
#1171 = ORIENTED_EDGE ( 'NONE', *, *, #2192, .F. ) ;
#1172 = VECTOR ( 'NONE', #2575, 1000.000000000000000 ) ;
#1173 = EDGE_LOOP ( 'NONE', ( #2875, #690, #2770, #334, #1109, #540, #3286, #3001, #2779, #3848 ) ) ;
#1174 = CONICAL_SURFACE ( 'NONE', #3732, 3.360000000000000320, 0.7853981633974452814 ) ;
#1175 = PLANE ( 'NONE',  #70 ) ;
#1176 = EDGE_LOOP ( 'NONE', ( #46, #2471, #3549, #1805 ) ) ;
#1177 = VECTOR ( 'NONE', #3291, 1000.000000000000000 ) ;
#1178 = EDGE_CURVE ( 'NONE', #1237, #4034, #3471, .T. ) ;
#1179 = CARTESIAN_POINT ( 'NONE',  ( 97.74999999999998579, 48.25000000000000000, -11.74999999999999645 ) ) ;
#1180 = ORIENTED_EDGE ( 'NONE', *, *, #4181, .T. ) ;
#1181 = AXIS2_PLACEMENT_3D ( 'NONE', #49, #1410, #3407 ) ;
#1182 = CARTESIAN_POINT ( 'NONE',  ( 97.75000000000000000, 52.50000000000000000, -7.499999999999993783 ) ) ;
#1183 = DIRECTION ( 'NONE',  ( 2.392722035830078972E-16, 0.000000000000000000, 1.000000000000000000 ) ) ;
#1184 = VERTEX_POINT ( 'NONE', #3778 ) ;
#1185 = DIRECTION ( 'NONE',  ( 0.000000000000000000, 0.000000000000000000, 1.000000000000000000 ) ) ;
#1186 = EDGE_CURVE ( 'NONE', #824, #4277, #143, .T. ) ;
#1187 = CARTESIAN_POINT ( 'NONE',  ( 93.50000000000000000, 2.999999999999994227, -5.000000000000031086 ) ) ;
#1188 = PLANE ( 'NONE',  #2924 ) ;
#1189 = LINE ( 'NONE', #1506, #704 ) ;
#1190 = CARTESIAN_POINT ( 'NONE',  ( 1.660000000000001696, 48.24999999999999289, -49.96000000000000085 ) ) ;
#1191 = VERTEX_POINT ( 'NONE', #2475 ) ;
#1192 = ORIENTED_EDGE ( 'NONE', *, *, #1687, .F. ) ;
#1193 = ORIENTED_EDGE ( 'NONE', *, *, #4039, .T. ) ;
#1194 = VECTOR ( 'NONE', #4070, 1000.000000000000000 ) ;
#1195 = CARTESIAN_POINT ( 'NONE',  ( 100.0000000000000000, 33.00000000000015632, -9.159339953157576799E-14 ) ) ;
#1196 = EDGE_CURVE ( 'NONE', #844, #3221, #2138, .T. ) ;
#1197 = ORIENTED_EDGE ( 'NONE', *, *, #4055, .T. ) ;
#1198 = DIRECTION ( 'NONE',  ( -1.000000000000000000, 0.000000000000000000, 0.000000000000000000 ) ) ;
#1199 = VECTOR ( 'NONE', #3590, 1000.000000000000000 ) ;
#1200 = EDGE_CURVE ( 'NONE', #3953, #2583, #3266, .T. ) ;
#1201 = ORIENTED_EDGE ( 'NONE', *, *, #3771, .T. ) ;
#1202 = CARTESIAN_POINT ( 'NONE',  ( 0.000000000000000000, 33.00000000000000711, -52.49999999999999289 ) ) ;
#1203 = FACE_BOUND ( 'NONE', #1637, .T. ) ;
#1204 = ORIENTED_EDGE ( 'NONE', *, *, #3148, .T. ) ;
#1205 = EDGE_CURVE ( 'NONE', #3474, #2288, #1218, .T. ) ;
#1206 = FACE_OUTER_BOUND ( 'NONE', #3314, .T. ) ;
#1207 = FACE_BOUND ( 'NONE', #1266, .T. ) ;
#1208 = CARTESIAN_POINT ( 'NONE',  ( 93.50000000000000000, 2.999999999999995559, -54.75000000000000000 ) ) ;
#1209 = AXIS2_PLACEMENT_3D ( 'NONE', #1577, #2961, #651 ) ;
#1210 = DIRECTION ( 'NONE',  ( 0.000000000000000000, -0.000000000000000000, 1.000000000000000000 ) ) ;
#1211 = DIRECTION ( 'NONE',  ( -0.000000000000000000, -0.000000000000000000, 1.000000000000000000 ) ) ;
#1212 = EDGE_LOOP ( 'NONE', ( #1095, #4193, #3159, #2670 ) ) ;
#1213 = AXIS2_PLACEMENT_3D ( 'NONE', #671, #2767, #4065 ) ;
#1214 = VECTOR ( 'NONE', #482, 1000.000000000000000 ) ;
#1215 = VERTEX_POINT ( 'NONE', #3243 ) ;
#1216 = ORIENTED_EDGE ( 'NONE', *, *, #2382, .F. ) ;
#1217 = ORIENTED_EDGE ( 'NONE', *, *, #4039, .F. ) ;
#1218 = LINE ( 'NONE', #4214, #1353 ) ;
#1219 = ORIENTED_EDGE ( 'NONE', *, *, #801, .T. ) ;
#1220 = EDGE_LOOP ( 'NONE', ( #2913, #2474, #2120, #3650 ) ) ;
#1221 = CARTESIAN_POINT ( 'NONE',  ( 11.75000000000000711, 56.99999999999999289, -11.74000000000000021 ) ) ;
#1222 = CARTESIAN_POINT ( 'NONE',  ( 92.50000000000001421, 56.99999999999999289, -7.500000000000000000 ) ) ;
#1223 = VERTEX_POINT ( 'NONE', #2581 ) ;
#1224 = ADVANCED_FACE ( 'NONE', ( #1549 ), #530, .T. ) ;
#1225 = CARTESIAN_POINT ( 'NONE',  ( 92.50000000000000000, 40.00000000000000000, 0.000000000000000000 ) ) ;
#1226 = CARTESIAN_POINT ( 'NONE',  ( 6.500000000000000000, 2.999999999999995559, -54.74999999999997868 ) ) ;
#1227 = DIRECTION ( 'NONE',  ( -1.000000000000000000, 0.000000000000000000, 0.000000000000000000 ) ) ;
#1228 = CARTESIAN_POINT ( 'NONE',  ( 84.90000000000000568, 48.25999999999999801, -60.00000000000000000 ) ) ;
#1229 = ADVANCED_FACE ( 'NONE', ( #2267 ), #1175, .T. ) ;
#1230 = CARTESIAN_POINT ( 'NONE',  ( 7.500000000000000888, 54.00000000000000000, -52.50000000000000000 ) ) ;
#1231 = CARTESIAN_POINT ( 'NONE',  ( 7.500000000000007105, 60.00000000000000000, -8.673617379884043361E-16 ) ) ;
#1232 = CIRCLE ( 'NONE', #3718, 3.360000000000000320 ) ;
#1233 = CARTESIAN_POINT ( 'NONE',  ( 6.500000000000000888, 33.00000000000000000, -4.999999999999997335 ) ) ;
#1234 = EDGE_LOOP ( 'NONE', ( #661, #1884, #3748, #1029 ) ) ;
#1235 = EDGE_CURVE ( 'NONE', #1939, #3221, #883, .T. ) ;
#1236 = EDGE_LOOP ( 'NONE', ( #2365, #379, #3868, #3453 ) ) ;
#1237 = VERTEX_POINT ( 'NONE', #3898 ) ;
#1238 = CIRCLE ( 'NONE', #675, 10.00000000000000178 ) ;
#1239 = CARTESIAN_POINT ( 'NONE',  ( 92.50000000000000000, 52.50000000000000000, -7.499999999999993783 ) ) ;
#1240 = VERTEX_POINT ( 'NONE', #176 ) ;
#1241 = AXIS2_PLACEMENT_3D ( 'NONE', #725, #4048, #3082 ) ;
#1242 = CONICAL_SURFACE ( 'NONE', #1106, 3.360000000000002096, 0.7853981633974503884 ) ;
#1243 = ORIENTED_EDGE ( 'NONE', *, *, #3137, .F. ) ;
#1244 = CARTESIAN_POINT ( 'NONE',  ( 92.50000000000000000, 32.99999999999998579, 9.159339953157546507E-14 ) ) ;
#1245 = CARTESIAN_POINT ( 'NONE',  ( 2.250000000000000444, 3.000000000000003997, -52.50000000000000000 ) ) ;
#1246 = VERTEX_POINT ( 'NONE', #2246 ) ;
#1247 = PLANE ( 'NONE',  #916 ) ;
#1248 = VECTOR ( 'NONE', #2918, 1000.000000000000000 ) ;
#1249 = LINE ( 'NONE', #1226, #2881 ) ;
#1250 = CARTESIAN_POINT ( 'NONE',  ( 92.50000000000001421, 60.00000000000000000, 2.852656382717416882E-14 ) ) ;
#1251 = LINE ( 'NONE', #3299, #2286 ) ;
#1252 = EDGE_CURVE ( 'NONE', #1799, #3400, #1528, .T. ) ;
#1253 = CARTESIAN_POINT ( 'NONE',  ( 92.50000000000001421, 60.00000000000000000, -52.50000000000000000 ) ) ;
#1254 = LINE ( 'NONE', #1926, #1594 ) ;
#1255 = DIRECTION ( 'NONE',  ( 0.000000000000000000, 0.000000000000000000, 1.000000000000000000 ) ) ;
#1256 = VERTEX_POINT ( 'NONE', #1866 ) ;
#1257 = EDGE_CURVE ( 'NONE', #3397, #2583, #1847, .T. ) ;
#1258 = ORIENTED_EDGE ( 'NONE', *, *, #2914, .F. ) ;
#1259 = VERTEX_POINT ( 'NONE', #862 ) ;
#1260 = EDGE_CURVE ( 'NONE', #449, #3224, #4257, .T. ) ;
#1261 = VECTOR ( 'NONE', #1397, 1000.000000000000000 ) ;
#1262 = EDGE_CURVE ( 'NONE', #3921, #3639, #3545, .T. ) ;
#1263 = CARTESIAN_POINT ( 'NONE',  ( 6.500000000000000888, 36.20000000000000995, -57.00000000000000000 ) ) ;
#1264 = ORIENTED_EDGE ( 'NONE', *, *, #3245, .F. ) ;
#1265 = EDGE_CURVE ( 'NONE', #309, #3312, #241, .T. ) ;
#1266 = EDGE_LOOP ( 'NONE', ( #2625, #245 ) ) ;
#1267 = FACE_OUTER_BOUND ( 'NONE', #1659, .T. ) ;
#1268 = DIRECTION ( 'NONE',  ( 1.000000000000000000, -0.000000000000000000, -0.000000000000000000 ) ) ;
#1269 = VERTEX_POINT ( 'NONE', #1595 ) ;
#1270 = VECTOR ( 'NONE', #4384, 1000.000000000000114 ) ;
#1271 = CARTESIAN_POINT ( 'NONE',  ( 92.50000000000001421, 56.99999999999999289, -52.50000000000000000 ) ) ;
#1272 = VECTOR ( 'NONE', #2676, 1000.000000000000000 ) ;
#1273 = LINE ( 'NONE', #655, #1311 ) ;
#1274 = AXIS2_PLACEMENT_3D ( 'NONE', #425, #3429, #4156 ) ;
#1275 = CARTESIAN_POINT ( 'NONE',  ( 100.0000000000000000, 36.20000000000000995, -57.00000000000000000 ) ) ;
#1276 = PLANE ( 'NONE',  #3276 ) ;
#1277 = LINE ( 'NONE', #965, #3923 ) ;
#1278 = CARTESIAN_POINT ( 'NONE',  ( 0.000000000000000000, 40.00000000000000000, 0.000000000000000000 ) ) ;
#1279 = CARTESIAN_POINT ( 'NONE',  ( 1.660000000000001696, 48.25000000000000000, -13.44999999999999751 ) ) ;
#1280 = ORIENTED_EDGE ( 'NONE', *, *, #2708, .T. ) ;
#1281 = EDGE_CURVE ( 'NONE', #812, #3996, #221, .T. ) ;
#1282 = ORIENTED_EDGE ( 'NONE', *, *, #961, .T. ) ;
#1283 = ORIENTED_EDGE ( 'NONE', *, *, #1767, .T. ) ;
#1284 = CIRCLE ( 'NONE', #4327, 1.700000000000000178 ) ;
#1285 =( NAMED_UNIT ( * ) PLANE_ANGLE_UNIT ( ) SI_UNIT ( $, .RADIAN. ) );
#1286 = EDGE_CURVE ( 'NONE', #1289, #3218, #2602, .T. ) ;
#1287 = EDGE_CURVE ( 'NONE', #4183, #812, #3878, .T. ) ;
#1288 = ORIENTED_EDGE ( 'NONE', *, *, #3109, .T. ) ;
#1289 = VERTEX_POINT ( 'NONE', #1263 ) ;
#1290 = DIRECTION ( 'NONE',  ( -1.000000000000000000, 0.000000000000000000, -0.000000000000000000 ) ) ;
#1291 = LINE ( 'NONE', #887, #1177 ) ;
#1292 = CARTESIAN_POINT ( 'NONE',  ( 2.250000000000000444, 33.00000000000000000, -53.50000000000000000 ) ) ;
#1293 = ORIENTED_EDGE ( 'NONE', *, *, #2020, .T. ) ;
#1294 = CARTESIAN_POINT ( 'NONE',  ( 94.75000000000000000, 2.999999999999995559, 0.000000000000000000 ) ) ;
#1295 = CARTESIAN_POINT ( 'NONE',  ( 7.500000000000000000, 52.50000000000000000, -2.250000000000000000 ) ) ;
#1296 = LINE ( 'NONE', #3009, #178 ) ;
#1297 = DIRECTION ( 'NONE',  ( 0.000000000000000000, 0.000000000000000000, 1.000000000000000000 ) ) ;
#1298 = EDGE_CURVE ( 'NONE', #1698, #4105, #4235, .T. ) ;
#1299 = DIRECTION ( 'NONE',  ( 0.000000000000000000, 0.000000000000000000, -1.000000000000000000 ) ) ;
#1300 = PLANE ( 'NONE',  #3225 ) ;
#1301 = FACE_OUTER_BOUND ( 'NONE', #2361, .T. ) ;
#1302 = EDGE_CURVE ( 'NONE', #3474, #249, #2624, .T. ) ;
#1303 = EDGE_CURVE ( 'NONE', #1073, #305, #3528, .T. ) ;
#1304 = CARTESIAN_POINT ( 'NONE',  ( 6.500000000000000000, 33.00000000000000000, -54.74999999999997868 ) ) ;
#1305 = VERTEX_POINT ( 'NONE', #160 ) ;
#1306 = ORIENTED_EDGE ( 'NONE', *, *, #2158, .F. ) ;
#1307 = ORIENTED_EDGE ( 'NONE', *, *, #4129, .F. ) ;
#1308 = VECTOR ( 'NONE', #1806, 1000.000000000000000 ) ;
#1309 = CARTESIAN_POINT ( 'NONE',  ( 88.26000000000001933, 56.99999999999999289, -10.04000000000000981 ) ) ;
#1310 = ORIENTED_EDGE ( 'NONE', *, *, #2350, .F. ) ;
#1311 = VECTOR ( 'NONE', #1965, 1000.000000000000114 ) ;
#1312 = ORIENTED_EDGE ( 'NONE', *, *, #4330, .T. ) ;
#1313 = DIRECTION ( 'NONE',  ( 0.000000000000000000, 0.000000000000000000, -1.000000000000000000 ) ) ;
#1314 = DIRECTION ( 'NONE',  ( 0.000000000000000000, -1.000000000000000000, 2.282530889443172938E-16 ) ) ;
#1315 = DIRECTION ( 'NONE',  ( -0.000000000000000000, -0.000000000000000000, -1.000000000000000000 ) ) ;
#1316 = AXIS2_PLACEMENT_3D ( 'NONE', #2680, #4023, #941 ) ;
#1317 = EDGE_CURVE ( 'NONE', #3781, #4255, #3564, .T. ) ;
#1318 = EDGE_LOOP ( 'NONE', ( #493, #4161, #868, #197 ) ) ;
#1319 = CARTESIAN_POINT ( 'NONE',  ( 92.50000000000000000, 0.000000000000000000, -60.00000000000000000 ) ) ;
#1320 = DIRECTION ( 'NONE',  ( 0.000000000000000000, 1.000000000000000000, 0.000000000000000000 ) ) ;
#1321 = DIRECTION ( 'NONE',  ( -4.553025873255877887E-32, 1.000000000000000000, 1.541976423090495387E-16 ) ) ;
#1322 = LINE ( 'NONE', #3438, #1346 ) ;
#1323 = CYLINDRICAL_SURFACE ( 'NONE', #2785, 1.699999999999987965 ) ;
#1324 = DIRECTION ( 'NONE',  ( -0.000000000000000000, -0.000000000000000000, 1.000000000000000000 ) ) ;
#1325 = DIRECTION ( 'NONE',  ( -1.000000000000000000, 0.000000000000000000, 0.000000000000000000 ) ) ;
#1326 = EDGE_CURVE ( 'NONE', #2996, #4322, #2846, .T. ) ;
#1327 = VECTOR ( 'NONE', #1785, 1000.000000000000000 ) ;
#1328 = EDGE_CURVE ( 'NONE', #3921, #1269, #1061, .T. ) ;
#1329 = CARTESIAN_POINT ( 'NONE',  ( 7.500000000000005329, 54.00000000000000000, -17.50000000000000000 ) ) ;
#1330 = CONICAL_SURFACE ( 'NONE', #3036, 3.360000000000002096, 0.7853981633974503884 ) ;
#1331 = ORIENTED_EDGE ( 'NONE', *, *, #1641, .T. ) ;
#1332 = VERTEX_POINT ( 'NONE', #4143 ) ;
#1333 = ORIENTED_EDGE ( 'NONE', *, *, #1164, .T. ) ;
#1334 = CARTESIAN_POINT ( 'NONE',  ( 1.121588454295349287E-17, 2.999999999999995559, -2.249999999999999556 ) ) ;
#1335 = EDGE_LOOP ( 'NONE', ( #2104, #237, #2289, #2829 ) ) ;
#1336 = EDGE_LOOP ( 'NONE', ( #2719, #1996 ) ) ;
#1337 = EDGE_CURVE ( 'NONE', #2599, #2425, #1730, .T. ) ;
#1338 = DIRECTION ( 'NONE',  ( 0.7071067811865460184, 8.659560562354951347E-17, 0.7071067811865489050 ) ) ;
#1339 = LINE ( 'NONE', #3118, #2823 ) ;
#1340 = CARTESIAN_POINT ( 'NONE',  ( 88.26000000000001933, 54.00000000000000000, -46.55000000000001137 ) ) ;
#1341 = ORIENTED_EDGE ( 'NONE', *, *, #711, .F. ) ;
#1342 = EDGE_CURVE ( 'NONE', #2307, #4236, #2066, .T. ) ;
#1343 = FACE_OUTER_BOUND ( 'NONE', #114, .T. ) ;
#1344 = DIRECTION ( 'NONE',  ( 0.000000000000000000, 0.000000000000000000, 1.000000000000000000 ) ) ;
#1345 = CARTESIAN_POINT ( 'NONE',  ( 92.50000000000000000, 40.00000000000000000, 0.000000000000000000 ) ) ;
#1347 = DIRECTION ( 'NONE',  ( 2.891205793294675861E-16, 0.000000000000000000, -1.000000000000000000 ) ) ;
#1346 = VECTOR ( 'NONE', #2681, 1000.000000000000000 ) ;
#1348 = CARTESIAN_POINT ( 'NONE',  ( 92.50000000000000000, 0.000000000000000000, -60.00000000000000000 ) ) ;
#1349 = EDGE_CURVE ( 'NONE', #939, #586, #3892, .T. ) ;
#1350 = VECTOR ( 'NONE', #3518, 1000.000000000000000 ) ;
#1351 = CARTESIAN_POINT ( 'NONE',  ( 100.0000000000000000, 42.49999999999999289, -7.499999999999995559 ) ) ;
#1352 = DIRECTION ( 'NONE',  ( 0.000000000000000000, 0.000000000000000000, 1.000000000000000000 ) ) ;
#1353 = VECTOR ( 'NONE', #2202, 1000.000000000000000 ) ;
#1354 = CARTESIAN_POINT ( 'NONE',  ( 0.000000000000000000, 32.99999999999998579, 9.159339953157546507E-14 ) ) ;
#1355 = ORIENTED_EDGE ( 'NONE', *, *, #4025, .T. ) ;
#1356 = LINE ( 'NONE', #2713, #2414 ) ;
#1357 = ORIENTED_EDGE ( 'NONE', *, *, #2324, .T. ) ;
#1358 = PLANE ( 'NONE',  #4102 ) ;
#1359 = ORIENTED_EDGE ( 'NONE', *, *, #513, .F. ) ;
#1360 = VECTOR ( 'NONE', #1747, 1000.000000000000000 ) ;
#1361 = AXIS2_PLACEMENT_3D ( 'NONE', #1014, #3717, #1923 ) ;
#1362 = EDGE_CURVE ( 'NONE', #3250, #377, #3129, .T. ) ;
#1363 = ORIENTED_EDGE ( 'NONE', *, *, #43, .F. ) ;
#1364 = EDGE_CURVE ( 'NONE', #3988, #2711, #3745, .T. ) ;
#1365 = VECTOR ( 'NONE', #4283, 1000.000000000000000 ) ;
#1366 = CARTESIAN_POINT ( 'NONE',  ( 82.50000000000000000, 52.50000000000000000, -2.249999999999999112 ) ) ;
#1367 = VECTOR ( 'NONE', #2489, 1000.000000000000000 ) ;
#1368 = CARTESIAN_POINT ( 'NONE',  ( 0.000000000000000000, 0.000000000000000000, -2.999999999999997335 ) ) ;
#1369 = CARTESIAN_POINT ( 'NONE',  ( 0.000000000000000000, 54.00000000000000000, 0.000000000000000000 ) ) ;
#1370 = ORIENTED_EDGE ( 'NONE', *, *, #2446, .T. ) ;
#1371 = CARTESIAN_POINT ( 'NONE',  ( 0.000000000000000000, 48.25000000000000000, -8.389999999999995239 ) ) ;
#1372 = CARTESIAN_POINT ( 'NONE',  ( 100.0000000000000000, 0.000000000000000000, -57.00000000000000000 ) ) ;
#1373 = DIRECTION ( 'NONE',  ( 0.000000000000000000, 0.000000000000000000, 1.000000000000000000 ) ) ;
#1374 = DIRECTION ( 'NONE',  ( 0.000000000000000000, 0.000000000000000000, 1.000000000000000000 ) ) ;
#1375 = CARTESIAN_POINT ( 'NONE',  ( 0.000000000000000000, 33.00000000000000000, -7.499999999999996447 ) ) ;
#1376 = EDGE_CURVE ( 'NONE', #228, #1788, #1984, .T. ) ;
#1377 = DIRECTION ( 'NONE',  ( 1.000000000000000000, 0.000000000000000000, -0.000000000000000000 ) ) ;
#1378 = CARTESIAN_POINT ( 'NONE',  ( 11.75000000000000711, 54.00000000000000000, -11.74000000000000021 ) ) ;
#1379 = CARTESIAN_POINT ( 'NONE',  ( 86.56000000000001648, 48.25999999999999801, -60.00000000000000000 ) ) ;
#1380 = ORIENTED_EDGE ( 'NONE', *, *, #3817, .T. ) ;
#1381 = ORIENTED_EDGE ( 'NONE', *, *, #2912, .T. ) ;
#1382 = ORIENTED_EDGE ( 'NONE', *, *, #1466, .T. ) ;
#1383 = FACE_OUTER_BOUND ( 'NONE', #4015, .T. ) ;
#1384 = ORIENTED_EDGE ( 'NONE', *, *, #374, .F. ) ;
#1385 = AXIS2_PLACEMENT_3D ( 'NONE', #2255, #3597, #2653 ) ;
#1386 = ORIENTED_EDGE ( 'NONE', *, *, #1154, .T. ) ;
#1387 = LINE ( 'NONE', #4063, #354 ) ;
#1388 = FACE_OUTER_BOUND ( 'NONE', #950, .T. ) ;
#1389 = LINE ( 'NONE', #3119, #1146 ) ;
#1390 = VERTEX_POINT ( 'NONE', #768 ) ;
#1391 = DIRECTION ( 'NONE',  ( 0.000000000000000000, 1.000000000000000000, -2.775557561562888984E-15 ) ) ;
#1392 = CARTESIAN_POINT ( 'NONE',  ( 92.50000000000000000, 0.000000000000000000, 0.000000000000000000 ) ) ;
#1393 = VECTOR ( 'NONE', #3015, 1000.000000000000000 ) ;
#1394 = DIRECTION ( 'NONE',  ( 0.000000000000000000, 0.000000000000000000, -1.000000000000000000 ) ) ;
#1395 = CYLINDRICAL_SURFACE ( 'NONE', #630, 1.699999999999994849 ) ;
#1396 = DIRECTION ( 'NONE',  ( 0.000000000000000000, -1.000000000000000000, 0.000000000000000000 ) ) ;
#1397 = DIRECTION ( 'NONE',  ( 0.000000000000000000, -1.000000000000000000, 0.000000000000000000 ) ) ;
#1398 = CARTESIAN_POINT ( 'NONE',  ( 11.75000000000000000, 48.25999999999999801, 1.734723475976807883E-15 ) ) ;
#1399 = AXIS2_PLACEMENT_3D ( 'NONE', #815, #4082, #713 ) ;
#1400 = EDGE_CURVE ( 'NONE', #970, #358, #2113, .T. ) ;
#1401 = LINE ( 'NONE', #2759, #1367 ) ;
#1402 = ORIENTED_EDGE ( 'NONE', *, *, #4239, .T. ) ;
#1403 = ORIENTED_EDGE ( 'NONE', *, *, #2571, .F. ) ;
#1404 = AXIS2_PLACEMENT_3D ( 'NONE', #3158, #4199, #803 ) ;
#1405 = DIRECTION ( 'NONE',  ( 1.000000000000000000, 0.000000000000000000, 0.000000000000000000 ) ) ;
#1406 = EDGE_CURVE ( 'NONE', #4131, #1025, #1425, .T. ) ;
#1407 = ORIENTED_EDGE ( 'NONE', *, *, #3075, .T. ) ;
#1408 = ORIENTED_EDGE ( 'NONE', *, *, #2912, .F. ) ;
#1409 = CARTESIAN_POINT ( 'NONE',  ( 11.75000000000000000, 56.99999999999999289, -48.25000000000000000 ) ) ;
#1410 = DIRECTION ( 'NONE',  ( 0.000000000000000000, 0.000000000000000000, 1.000000000000000000 ) ) ;
#1411 = FACE_OUTER_BOUND ( 'NONE', #4115, .T. ) ;
#1412 = ORIENTED_EDGE ( 'NONE', *, *, #3656, .F. ) ;
#1413 = ADVANCED_FACE ( 'NONE', ( #3462, #3395, #3418 ), #3482, .T. ) ;
#1414 = DIRECTION ( 'NONE',  ( 1.000000000000000000, -0.000000000000000000, -0.000000000000000000 ) ) ;
#1415 = ORIENTED_EDGE ( 'NONE', *, *, #4149, .T. ) ;
#1416 = DIRECTION ( 'NONE',  ( 0.000000000000000000, -1.000000000000000000, 0.000000000000000000 ) ) ;
#1417 = PLANE ( 'NONE',  #1421 ) ;
#1418 = LINE ( 'NONE', #1081, #928 ) ;
#1419 = DIRECTION ( 'NONE',  ( 2.551063935260009998E-16, 0.000000000000000000, 1.000000000000000000 ) ) ;
#1420 = DIRECTION ( 'NONE',  ( -0.000000000000000000, 1.000000000000000000, 0.000000000000000000 ) ) ;
#1421 = AXIS2_PLACEMENT_3D ( 'NONE', #2728, #656, #3692 ) ;
#1422 = DIRECTION ( 'NONE',  ( 1.000000000000000000, -0.000000000000000000, -0.000000000000000000 ) ) ;
#1423 = ORIENTED_EDGE ( 'NONE', *, *, #1584, .T. ) ;
#1424 = ORIENTED_EDGE ( 'NONE', *, *, #3297, .T. ) ;
#1425 = CIRCLE ( 'NONE', #3758, 1.699999999999993072 ) ;
#1426 = CARTESIAN_POINT ( 'NONE',  ( 7.500000000000007105, 54.00000000000000000, -8.673617379884043361E-16 ) ) ;
#1427 = VERTEX_POINT ( 'NONE', #4074 ) ;
#1428 = CYLINDRICAL_SURFACE ( 'NONE', #778, 1.699999999999993072 ) ;
#1429 = LINE ( 'NONE', #386, #1046 ) ;
#1430 = ADVANCED_FACE ( 'NONE', ( #3770 ), #416, .F. ) ;
#1431 = VECTOR ( 'NONE', #3998, 1000.000000000000000 ) ;
#1432 = CARTESIAN_POINT ( 'NONE',  ( 8.390000000000000568, 48.25999999999999801, -60.00000000000000000 ) ) ;
#1433 = ORIENTED_EDGE ( 'NONE', *, *, #2326, .T. ) ;
#1434 = DIRECTION ( 'NONE',  ( 0.000000000000000000, 0.000000000000000000, 1.000000000000000000 ) ) ;
#1435 = CIRCLE ( 'NONE', #791, 1.699999999999993072 ) ;
#1436 = ORIENTED_EDGE ( 'NONE', *, *, #2813, .F. ) ;
#1437 = FACE_BOUND ( 'NONE', #2741, .T. ) ;
#1438 = CARTESIAN_POINT ( 'NONE',  ( 94.75000000000000000, 2.999999999999996447, -7.500000000000000888 ) ) ;
#1439 = CARTESIAN_POINT ( 'NONE',  ( 0.000000000000000000, 54.00000000000000000, -52.50000000000000000 ) ) ;
#1440 = DIRECTION ( 'NONE',  ( 1.000000000000000000, -0.000000000000000000, -0.000000000000000000 ) ) ;
#1441 = DIRECTION ( 'NONE',  ( 2.551063935260009998E-16, 0.000000000000000000, 1.000000000000000000 ) ) ;
#1442 = EDGE_CURVE ( 'NONE', #3921, #359, #2372, .T. ) ;
#1443 = CARTESIAN_POINT ( 'NONE',  ( 94.75000000000000000, 52.50000000000000000, 0.000000000000000000 ) ) ;
#1444 = ORIENTED_EDGE ( 'NONE', *, *, #2099, .F. ) ;
#1445 = EDGE_LOOP ( 'NONE', ( #1282, #64, #1151, #1812 ) ) ;
#1446 = ORIENTED_EDGE ( 'NONE', *, *, #2216, .T. ) ;
#1447 = DIRECTION ( 'NONE',  ( 0.000000000000000000, 0.000000000000000000, -1.000000000000000000 ) ) ;
#1448 = PLANE ( 'NONE',  #121 ) ;
#1449 = CARTESIAN_POINT ( 'NONE',  ( 92.50000000000001421, 56.99999999999999289, -7.500000000000000000 ) ) ;
#1450 = ORIENTED_EDGE ( 'NONE', *, *, #382, .T. ) ;
#1451 = DIRECTION ( 'NONE',  ( 0.000000000000000000, 0.000000000000000000, 1.000000000000000000 ) ) ;
#1452 = AXIS2_PLACEMENT_3D ( 'NONE', #3531, #4218, #450 ) ;
#1453 = ORIENTED_EDGE ( 'NONE', *, *, #1400, .F. ) ;
#1454 = DIRECTION ( 'NONE',  ( 0.000000000000000000, -1.000000000000000000, 0.000000000000000000 ) ) ;
#1455 = CARTESIAN_POINT ( 'NONE',  ( 7.500000000000005329, 2.999999999999995559, -54.74999999999997868 ) ) ;
#1456 = ORIENTED_EDGE ( 'NONE', *, *, #2216, .F. ) ;
#1457 = EDGE_CURVE ( 'NONE', #488, #2353, #2064, .T. ) ;
#1458 = AXIS2_PLACEMENT_3D ( 'NONE', #3322, #3254, #3934 ) ;
#1459 = FACE_BOUND ( 'NONE', #3132, .T. ) ;
#1460 = VECTOR ( 'NONE', #3894, 1000.000000000000000 ) ;
#1461 = DIRECTION ( 'NONE',  ( -3.083952846180990281E-16, 0.000000000000000000, 1.000000000000000000 ) ) ;
#1462 = VECTOR ( 'NONE', #4163, 1000.000000000000000 ) ;
#1463 = CARTESIAN_POINT ( 'NONE',  ( 7.500000000000000000, 34.45000000000000284, -57.00000000000000000 ) ) ;
#1464 = AXIS2_PLACEMENT_3D ( 'NONE', #2547, #3556, #1066 ) ;
#1465 = VERTEX_POINT ( 'NONE', #4101 ) ;
#1466 = EDGE_CURVE ( 'NONE', #1590, #2198, #729, .T. ) ;
#1467 = ORIENTED_EDGE ( 'NONE', *, *, #1134, .F. ) ;
#1468 = ORIENTED_EDGE ( 'NONE', *, *, #1584, .F. ) ;
#1469 = VECTOR ( 'NONE', #2766, 1000.000000000000000 ) ;
#1470 = LINE ( 'NONE', #1491, #1708 ) ;
#1471 = CARTESIAN_POINT ( 'NONE',  ( 0.000000000000000000, 2.999999999999995559, -53.50000000000000000 ) ) ;
#1472 = VECTOR ( 'NONE', #2351, 1000.000000000000000 ) ;
#1473 = ORIENTED_EDGE ( 'NONE', *, *, #1287, .F. ) ;
#1474 = DIRECTION ( 'NONE',  ( -1.000000000000000000, -0.000000000000000000, -2.952720810173289112E-16 ) ) ;
#1475 = VERTEX_POINT ( 'NONE', #396 ) ;
#1476 = DIRECTION ( 'NONE',  ( 2.891205793294675861E-16, 0.000000000000000000, -1.000000000000000000 ) ) ;
#1477 = CARTESIAN_POINT ( 'NONE',  ( 0.000000000000000000, 33.00000000000015632, -9.159339953157576799E-14 ) ) ;
#1478 = ORIENTED_EDGE ( 'NONE', *, *, #1581, .T. ) ;
#1479 = AXIS2_PLACEMENT_3D ( 'NONE', #2755, #3744, #4100 ) ;
#1480 = FACE_BOUND ( 'NONE', #3436, .T. ) ;
#1481 = ADVANCED_FACE ( 'NONE', ( #3064 ), #3107, .F. ) ;
#1482 = DIRECTION ( 'NONE',  ( -1.156482317317871478E-16, 0.000000000000000000, -1.000000000000000000 ) ) ;
#1483 = PLANE ( 'NONE',  #2204 ) ;
#1484 = DIRECTION ( 'NONE',  ( 0.000000000000000000, -1.541976423090495387E-16, 1.000000000000000000 ) ) ;
#1485 = EDGE_LOOP ( 'NONE', ( #2141, #707, #1822, #646 ) ) ;
#1486 = CLOSED_SHELL ( 'NONE', ( #4047, #3658, #1863, #2968, #2685, #1890, #4052, #4295, #570, #8, #3035, #3970, #2318, #417, #3222, #3401, #2379, #1430, #839, #69, #999, #1413, #2527, #2139, #2849, #476, #3582, #1821, #3943, #447, #3000, #1612, #779, #2133, #804, #3983, #1605, #384, #243, #673, #3442, #3610, #2222, #2644, #3470, #2389, #2440, #1229, #2771, #60, #3716, #1760, #3490, #2268, #1695, #2848, #1855, #2249, #1587, #4123, #2678, #3493, #1783, #421, #2519, #709, #1529, #2429, #1689, #1974, #4296, #58, #1152, #769, #229, #4212, #811, #3879, #3853, #3939, #2611, #1128, #1808, #993, #2032, #3625, #4146, #478, #1886, #184, #443, #637, #145, #909, #2871, #2098, #691, #2851, #4310, #1512, #752, #1935, #2283, #3561, #1037, #2521, #3613, #1592, #665, #3239, #4027, #1942, #798, #2784, #2754, #1731, #3514, #4005, #1224, #991, #454, #240, #3968, #1774, #645, #4269, #1481, #110, #188, #2718, #91, #468, #580 ) ) ;
#1487 = VECTOR ( 'NONE', #3003, 1000.000000000000000 ) ;
#1488 = ORIENTED_EDGE ( 'NONE', *, *, #3910, .T. ) ;
#1489 = AXIS2_PLACEMENT_3D ( 'NONE', #207, #959, #1897 ) ;
#1490 = VECTOR ( 'NONE', #2444, 1000.000000000000000 ) ;
#1491 = CARTESIAN_POINT ( 'NONE',  ( 5.250000000000007994, 32.99999999999998579, 8.258852378580013660E-14 ) ) ;
#1492 = DIRECTION ( 'NONE',  ( 0.000000000000000000, 0.000000000000000000, -1.000000000000000000 ) ) ;
#1493 = ORIENTED_EDGE ( 'NONE', *, *, #3694, .F. ) ;
#1494 = EDGE_CURVE ( 'NONE', #1073, #4105, #4122, .T. ) ;
#1495 = CARTESIAN_POINT ( 'NONE',  ( 17.50000000000000355, 54.00000000000000000, -52.50000000000000000 ) ) ;
#1496 = EDGE_CURVE ( 'NONE', #2783, #3317, #2156, .T. ) ;
#1497 = ORIENTED_EDGE ( 'NONE', *, *, #1442, .T. ) ;
#1498 = CARTESIAN_POINT ( 'NONE',  ( 92.50000000000000000, 33.00000000000000711, -52.49999999999999289 ) ) ;
#1499 = DIRECTION ( 'NONE',  ( 0.000000000000000000, -1.000000000000000000, 0.000000000000000000 ) ) ;
#1500 = ORIENTED_EDGE ( 'NONE', *, *, #2303, .F. ) ;
#1501 = DIRECTION ( 'NONE',  ( 1.000000000000000000, 0.000000000000000000, 0.000000000000000000 ) ) ;
#1502 = VECTOR ( 'NONE', #2990, 1000.000000000000000 ) ;
#1503 = FACE_OUTER_BOUND ( 'NONE', #1236, .T. ) ;
#1504 = FACE_OUTER_BOUND ( 'NONE', #1636, .T. ) ;
#1505 = CIRCLE ( 'NONE', #794, 3.360000000000002096 ) ;
#1506 = CARTESIAN_POINT ( 'NONE',  ( 2.250000000000000000, 52.50000000000000000, -17.49999999999999645 ) ) ;
#1507 = DIRECTION ( 'NONE',  ( 0.000000000000000000, 0.000000000000000000, 1.000000000000000000 ) ) ;
#1508 = ORIENTED_EDGE ( 'NONE', *, *, #2481, .F. ) ;
#1509 = ORIENTED_EDGE ( 'NONE', *, *, #4109, .T. ) ;
#1510 = CARTESIAN_POINT ( 'NONE',  ( 82.50000000000000000, 52.50000000000000000, -57.74999999999999289 ) ) ;
#1511 = ORIENTED_EDGE ( 'NONE', *, *, #1328, .F. ) ;
#1512 = ADVANCED_FACE ( 'NONE', ( #1206 ), #870, .F. ) ;
#1513 = DIRECTION ( 'NONE',  ( 0.000000000000000000, 0.000000000000000000, -1.000000000000000000 ) ) ;
#1514 = VERTEX_POINT ( 'NONE', #2546 ) ;
#1515 = DIRECTION ( 'NONE',  ( 0.000000000000000000, -0.000000000000000000, -1.000000000000000000 ) ) ;
#1516 = FACE_BOUND ( 'NONE', #3755, .T. ) ;
#1517 = ORIENTED_EDGE ( 'NONE', *, *, #1406, .T. ) ;
#1518 = FACE_BOUND ( 'NONE', #2515, .T. ) ;
#1519 = LINE ( 'NONE', #3871, #3869 ) ;
#1520 = CARTESIAN_POINT ( 'NONE',  ( 92.50000000000000000, 40.00000000000000000, -54.99999999999995737 ) ) ;
#1521 = DIRECTION ( 'NONE',  ( -0.000000000000000000, 1.000000000000000000, -0.000000000000000000 ) ) ;
#1522 = DIRECTION ( 'NONE',  ( -0.000000000000000000, 0.000000000000000000, 1.000000000000000000 ) ) ;
#1523 = VERTEX_POINT ( 'NONE', #3536 ) ;
#1524 = EDGE_CURVE ( 'NONE', #2873, #1305, #1539, .T. ) ;
#1525 = VECTOR ( 'NONE', #1586, 1000.000000000000000 ) ;
#1526 = EDGE_CURVE ( 'NONE', #505, #2907, #1836, .T. ) ;
#1527 = ORIENTED_EDGE ( 'NONE', *, *, #3259, .F. ) ;
#1528 = LINE ( 'NONE', #1510, #4396 ) ;
#1529 = ADVANCED_FACE ( 'NONE', ( #1459, #851, #2231 ), #2901, .F. ) ;
#1530 = EDGE_CURVE ( 'NONE', #3098, #2783, #3832, .T. ) ;
#1531 = ORIENTED_EDGE ( 'NONE', *, *, #2192, .T. ) ;
#1532 = AXIS2_PLACEMENT_3D ( 'NONE', #2518, #2499, #1156 ) ;
#1533 = PLANE ( 'NONE',  #1873 ) ;
#1534 = ORIENTED_EDGE ( 'NONE', *, *, #1286, .T. ) ;
#1535 = VECTOR ( 'NONE', #2304, 1000.000000000000000 ) ;
#1536 = CARTESIAN_POINT ( 'NONE',  ( 88.26000000000001933, 54.00000000000000000, -48.25000000000000000 ) ) ;
#1537 = FACE_OUTER_BOUND ( 'NONE', #163, .T. ) ;
#1538 = EDGE_LOOP ( 'NONE', ( #1844, #2485, #3025, #3247 ) ) ;
#1539 = LINE ( 'NONE', #3188, #139 ) ;
#1540 = DIRECTION ( 'NONE',  ( 0.000000000000000000, 0.000000000000000000, 1.000000000000000000 ) ) ;
#1541 = FACE_OUTER_BOUND ( 'NONE', #244, .T. ) ;
#1542 = LINE ( 'NONE', #795, #2975 ) ;
#1543 = CARTESIAN_POINT ( 'NONE',  ( 0.000000000000000000, 33.00000000000000000, -5.249999999999999112 ) ) ;
#1544 = VERTEX_POINT ( 'NONE', #2174 ) ;
#1545 = VERTEX_POINT ( 'NONE', #456 ) ;
#1546 = ORIENTED_EDGE ( 'NONE', *, *, #3800, .F. ) ;
#1547 = EDGE_LOOP ( 'NONE', ( #1674, #3307, #4242, #3373, #4223, #3350 ) ) ;
#1548 = AXIS2_PLACEMENT_3D ( 'NONE', #2671, #3662, #360 ) ;
#1549 = FACE_OUTER_BOUND ( 'NONE', #1930, .T. ) ;
#1550 = EDGE_CURVE ( 'NONE', #4173, #41, #3907, .T. ) ;
#1551 = ORIENTED_EDGE ( 'NONE', *, *, #842, .F. ) ;
#1552 = AXIS2_PLACEMENT_3D ( 'NONE', #1670, #4375, #4040 ) ;
#1553 = VERTEX_POINT ( 'NONE', #3150 ) ;
#1554 = EDGE_CURVE ( 'NONE', #1545, #1799, #636, .T. ) ;
#1555 = CYLINDRICAL_SURFACE ( 'NONE', #3173, 10.00000000000000355 ) ;
#1556 = DIRECTION ( 'NONE',  ( 0.000000000000000000, 0.5869675714609324801, -0.8096104433943864809 ) ) ;
#1557 = ORIENTED_EDGE ( 'NONE', *, *, #42, .T. ) ;
#1558 = CARTESIAN_POINT ( 'NONE',  ( 93.50000000000000000, 2.999999999999995559, -57.75000000000000000 ) ) ;
#1559 = EDGE_CURVE ( 'NONE', #249, #4173, #2486, .T. ) ;
#1560 = DIRECTION ( 'NONE',  ( -0.000000000000000000, 0.000000000000000000, -1.000000000000000000 ) ) ;
#1561 = FACE_OUTER_BOUND ( 'NONE', #977, .T. ) ;
#1562 =( GEOMETRIC_REPRESENTATION_CONTEXT ( 3 ) GLOBAL_UNCERTAINTY_ASSIGNED_CONTEXT ( ( #470 ) ) GLOBAL_UNIT_ASSIGNED_CONTEXT ( ( #2343, #2034, #764 ) ) REPRESENTATION_CONTEXT ( 'NONE', 'WORKASPACE' ) );
#1563 = AXIS2_PLACEMENT_3D ( 'NONE', #2063, #3416, #3147 ) ;
#1564 = DIRECTION ( 'NONE',  ( 0.000000000000000000, -0.000000000000000000, -1.000000000000000000 ) ) ;
#1565 = CARTESIAN_POINT ( 'NONE',  ( 11.75000000000000000, 56.99999999999999289, -48.25000000000000000 ) ) ;
#1566 = EDGE_LOOP ( 'NONE', ( #2073, #3410, #3661, #2431, #1118, #183 ) ) ;
#1567 = AXIS2_PLACEMENT_3D ( 'NONE', #2636, #964, #1299 ) ;
#1568 = CARTESIAN_POINT ( 'NONE',  ( 91.62000000000000455, 48.25999999999999801, 1.734723475976807883E-15 ) ) ;
#1569 = ORIENTED_EDGE ( 'NONE', *, *, #1626, .T. ) ;
#1570 = EDGE_LOOP ( 'NONE', ( #1370, #151, #550 ) ) ;
#1571 = ORIENTED_EDGE ( 'NONE', *, *, #773, .T. ) ;
#1572 = CARTESIAN_POINT ( 'NONE',  ( 7.500000000000007105, 60.00000000000000000, -8.673617379884043361E-16 ) ) ;
#1573 = ORIENTED_EDGE ( 'NONE', *, *, #3353, .T. ) ;
#1574 = VERTEX_POINT ( 'NONE', #1163 ) ;
#1575 = EDGE_CURVE ( 'NONE', #3422, #140, #813, .T. ) ;
#1576 = PLANE ( 'NONE',  #2469 ) ;
#1577 = CARTESIAN_POINT ( 'NONE',  ( 92.50000000000000000, 0.000000000000000000, -2.999999999999997335 ) ) ;
#1578 = ORIENTED_EDGE ( 'NONE', *, *, #1127, .F. ) ;
#1579 = CARTESIAN_POINT ( 'NONE',  ( 0.000000000000000000, 54.00000000000000000, -7.500000000000000000 ) ) ;
#1580 = CARTESIAN_POINT ( 'NONE',  ( 0.000000000000000000, -4.506349856616228777, -3.267103646046777943 ) ) ;
#1581 = EDGE_CURVE ( 'NONE', #1215, #4079, #790, .T. ) ;
#1582 = CARTESIAN_POINT ( 'NONE',  ( 91.62000000000000455, 48.25999999999999801, -60.00000000000000000 ) ) ;
#1583 = LINE ( 'NONE', #2946, #644 ) ;
#1584 = EDGE_CURVE ( 'NONE', #1994, #3317, #2529, .T. ) ;
#1585 = LINE ( 'NONE', #1610, #317 ) ;
#1586 = DIRECTION ( 'NONE',  ( 0.000000000000000000, 0.000000000000000000, 1.000000000000000000 ) ) ;
#1587 = ADVANCED_FACE ( 'NONE', ( #1480, #167, #146, #3170, #1144, #1518 ), #3852, .T. ) ;
#1588 = VECTOR ( 'NONE', #2319, 1000.000000000000000 ) ;
#1589 = CARTESIAN_POINT ( 'NONE',  ( 0.000000000000000000, 52.50000000000000000, -42.49999999999999289 ) ) ;
#1590 = VERTEX_POINT ( 'NONE', #3889 ) ;
#1591 = ORIENTED_EDGE ( 'NONE', *, *, #2347, .F. ) ;
#1592 = ADVANCED_FACE ( 'NONE', ( #2212 ), #3554, .F. ) ;
#1593 = EDGE_LOOP ( 'NONE', ( #3289, #2162, #1862, #1280, #1712, #3560, #2336, #3268, #2152, #1745 ) ) ;
#1594 = VECTOR ( 'NONE', #1991, 1000.000000000000000 ) ;
#1595 = CARTESIAN_POINT ( 'NONE',  ( 92.50000000000000000, 52.50000000000000000, -52.49999999999999289 ) ) ;
#1596 = ORIENTED_EDGE ( 'NONE', *, *, #24, .T. ) ;
#1597 = VECTOR ( 'NONE', #56, 1000.000000000000000 ) ;
#1598 = AXIS2_PLACEMENT_3D ( 'NONE', #3979, #4000, #2989 ) ;
#1599 = ORIENTED_EDGE ( 'NONE', *, *, #2411, .F. ) ;
#1600 = LINE ( 'NONE', #2960, #2958 ) ;
#1601 = DIRECTION ( 'NONE',  ( 0.000000000000000000, 0.000000000000000000, 1.000000000000000000 ) ) ;
#1602 = ORIENTED_EDGE ( 'NONE', *, *, #3267, .F. ) ;
#1603 = CARTESIAN_POINT ( 'NONE',  ( 92.50000000000001421, 60.00000000000000000, 2.852656382717416882E-14 ) ) ;
#1604 = VECTOR ( 'NONE', #2789, 1000.000000000000000 ) ;
#1605 = ADVANCED_FACE ( 'NONE', ( #1650 ), #3341, .F. ) ;
#1606 = CARTESIAN_POINT ( 'NONE',  ( 10.05000000000001137, 48.25999999999999801, -2.249999999999999556 ) ) ;
#1607 = CIRCLE ( 'NONE', #262, 1.700000000000000178 ) ;
#1608 = CARTESIAN_POINT ( 'NONE',  ( 97.75000000000000000, 60.00000000000000000, -53.50000000000000000 ) ) ;
#1609 = DIRECTION ( 'NONE',  ( -1.000000000000000000, 0.000000000000000000, 0.000000000000000000 ) ) ;
#1610 = CARTESIAN_POINT ( 'NONE',  ( 7.500000000000006217, 8.972707634362802184E-16, -60.00000000000000000 ) ) ;
#1611 = DIRECTION ( 'NONE',  ( 1.000000000000000000, -0.000000000000000000, 0.000000000000000000 ) ) ;
#1612 = ADVANCED_FACE ( 'NONE', ( #250 ), #1247, .T. ) ;
#1613 = EDGE_CURVE ( 'NONE', #2953, #4368, #3007, .T. ) ;
#1614 = CARTESIAN_POINT ( 'NONE',  ( 0.000000000000000000, 33.00000000000000000, -6.500000000000000000 ) ) ;
#1615 = ORIENTED_EDGE ( 'NONE', *, *, #942, .F. ) ;
#1616 = EDGE_LOOP ( 'NONE', ( #2191, #1508 ) ) ;
#1617 = ORIENTED_EDGE ( 'NONE', *, *, #4189, .T. ) ;
#1618 = AXIS2_PLACEMENT_3D ( 'NONE', #1082, #373, #2421 ) ;
#1619 = CARTESIAN_POINT ( 'NONE',  ( 7.500000000000000000, 0.000000000000000000, -2.999999999999997335 ) ) ;
#1620 = ORIENTED_EDGE ( 'NONE', *, *, #1554, .F. ) ;
#1621 = ORIENTED_EDGE ( 'NONE', *, *, #1205, .T. ) ;
#1622 = DIRECTION ( 'NONE',  ( 2.392722035830078972E-16, 0.000000000000000000, 1.000000000000000000 ) ) ;
#1623 = DIRECTION ( 'NONE',  ( 0.000000000000000000, 1.000000000000000000, 0.000000000000000000 ) ) ;
#1624 = FACE_OUTER_BOUND ( 'NONE', #4264, .T. ) ;
#1625 = ORIENTED_EDGE ( 'NONE', *, *, #202, .T. ) ;
#1626 = EDGE_CURVE ( 'NONE', #3988, #477, #4311, .T. ) ;
#1627 = EDGE_CURVE ( 'NONE', #715, #4255, #2342, .T. ) ;
#1628 = DIRECTION ( 'NONE',  ( -3.983897639098893904E-32, 1.000000000000000000, 1.349229370204183433E-16 ) ) ;
#1629 = AXIS2_PLACEMENT_3D ( 'NONE', #3502, #103, #3870 ) ;
#1630 = CARTESIAN_POINT ( 'NONE',  ( 7.500000000000000888, 56.99999999999999289, -52.50000000000000000 ) ) ;
#1631 = CARTESIAN_POINT ( 'NONE',  ( 0.000000000000000000, 2.999999999999995559, -6.500000000000000000 ) ) ;
#1632 = CARTESIAN_POINT ( 'NONE',  ( 5.250000000000007105, 2.999999999999995559, -6.500000000000000000 ) ) ;
#1633 = DIRECTION ( 'NONE',  ( -0.000000000000000000, -0.000000000000000000, -1.000000000000000000 ) ) ;
#1634 = CARTESIAN_POINT ( 'NONE',  ( 6.500000000000000000, 60.00000000000000000, -54.74999999999997868 ) ) ;
#1635 = LINE ( 'NONE', #351, #191 ) ;
#1636 = EDGE_LOOP ( 'NONE', ( #1423, #3079, #2334, #4187 ) ) ;
#1637 = EDGE_LOOP ( 'NONE', ( #444, #428 ) ) ;
#1638 = VERTEX_POINT ( 'NONE', #983 ) ;
#1639 = CIRCLE ( 'NONE', #576, 1.700000000000000178 ) ;
#1640 = VECTOR ( 'NONE', #4141, 1000.000000000000114 ) ;
#1641 = EDGE_CURVE ( 'NONE', #2878, #358, #3408, .T. ) ;
#1642 = FACE_BOUND ( 'NONE', #3067, .T. ) ;
#1643 = VERTEX_POINT ( 'NONE', #1225 ) ;
#1644 = ORIENTED_EDGE ( 'NONE', *, *, #3948, .F. ) ;
#1645 = DIRECTION ( 'NONE',  ( -1.991948819549446952E-32, -1.000000000000000000, -1.541976423090495387E-16 ) ) ;
#1646 = LINE ( 'NONE', #3336, #1824 ) ;
#1647 = LINE ( 'NONE', #1938, #3690 ) ;
#1648 = EDGE_CURVE ( 'NONE', #1957, #857, #1983, .T. ) ;
#1649 = EDGE_LOOP ( 'NONE', ( #401, #4013, #2200, #419 ) ) ;
#1650 = FACE_OUTER_BOUND ( 'NONE', #2601, .T. ) ;
#1651 = CARTESIAN_POINT ( 'NONE',  ( 6.500000000000000000, 33.00000000000000000, -55.00000000000000000 ) ) ;
#1652 = DIRECTION ( 'NONE',  ( -0.7071067811865474617, 0.000000000000000000, 0.7071067811865474617 ) ) ;
#1653 = CARTESIAN_POINT ( 'NONE',  ( 88.26000000000001933, 56.99999999999999289, -48.25000000000000000 ) ) ;
#1654 = CARTESIAN_POINT ( 'NONE',  ( 7.500000000000000888, 42.49999999999999289, -2.250000000000000000 ) ) ;
#1655 = CARTESIAN_POINT ( 'NONE',  ( 7.500000000000000000, 36.20000000000000995, -2.999999999999997335 ) ) ;
#1656 = CARTESIAN_POINT ( 'NONE',  ( 6.500000000000000000, 33.00000000000000000, -54.74999999999997868 ) ) ;
#1657 = CARTESIAN_POINT ( 'NONE',  ( 0.000000000000000000, 60.00000000000000000, 0.000000000000000000 ) ) ;
#1658 = ORIENTED_EDGE ( 'NONE', *, *, #3640, .T. ) ;
#1659 = EDGE_LOOP ( 'NONE', ( #2761, #3155, #3088, #2835, #329, #2451 ) ) ;
#1660 = ORIENTED_EDGE ( 'NONE', *, *, #1186, .T. ) ;
#1661 = EDGE_CURVE ( 'NONE', #1976, #205, #4022, .T. ) ;
#1662 = CARTESIAN_POINT ( 'NONE',  ( 0.000000000000000000, 60.00000000000000000, 0.000000000000000000 ) ) ;
#1663 = EDGE_CURVE ( 'NONE', #1544, #970, #4112, .T. ) ;
#1664 = ORIENTED_EDGE ( 'NONE', *, *, #2464, .F. ) ;
#1665 = ORIENTED_EDGE ( 'NONE', *, *, #4109, .F. ) ;
#1666 = AXIS2_PLACEMENT_3D ( 'NONE', #1230, #2992, #3646 ) ;
#1667 = CIRCLE ( 'NONE', #4284, 3.360000000000002096 ) ;
#1668 = ORIENTED_EDGE ( 'NONE', *, *, #1287, .T. ) ;
#1669 = EDGE_CURVE ( 'NONE', #359, #2810, #2633, .T. ) ;
#1670 = CARTESIAN_POINT ( 'NONE',  ( 0.000000000000000000, 60.00000000000000000, 0.000000000000000000 ) ) ;
#1671 = DIRECTION ( 'NONE',  ( 1.000000000000000000, -0.000000000000000000, 0.000000000000000000 ) ) ;
#1672 = DIRECTION ( 'NONE',  ( -0.000000000000000000, 1.000000000000000000, -0.000000000000000000 ) ) ;
#1673 = AXIS2_PLACEMENT_3D ( 'NONE', #1096, #1726, #3059 ) ;
#1674 = ORIENTED_EDGE ( 'NONE', *, *, #4168, .T. ) ;
#1675 = CIRCLE ( 'NONE', #2598, 1.700000000000000178 ) ;
#1676 = PLANE ( 'NONE',  #35 ) ;
#1677 = CARTESIAN_POINT ( 'NONE',  ( 88.26000000000000512, 48.25999999999999801, 0.000000000000000000 ) ) ;
#1678 = CARTESIAN_POINT ( 'NONE',  ( 92.50000000000001421, 56.99999999999999289, -7.500000000000000000 ) ) ;
#1679 = CARTESIAN_POINT ( 'NONE',  ( 2.250000000000000444, 2.999999999999995559, -53.50000000000000000 ) ) ;
#1680 = DIRECTION ( 'NONE',  ( -1.000000000000000000, 0.000000000000000000, -0.000000000000000000 ) ) ;
#1681 = CARTESIAN_POINT ( 'NONE',  ( 93.50000000000000000, 40.00000000000000000, -54.75000000000000000 ) ) ;
#1682 = DIRECTION ( 'NONE',  ( -1.000000000000000000, -1.196361017915039239E-16, 0.000000000000000000 ) ) ;
#1683 = DIRECTION ( 'NONE',  ( -2.891205793294678819E-16, 2.775557561562894507E-15, -1.000000000000000000 ) ) ;
#1684 = VECTOR ( 'NONE', #1683, 1000.000000000000000 ) ;
#1685 = VERTEX_POINT ( 'NONE', #892 ) ;
#1686 = DIRECTION ( 'NONE',  ( -1.000000000000000000, -0.000000000000000000, -0.000000000000000000 ) ) ;
#1687 = EDGE_CURVE ( 'NONE', #1545, #1590, #3622, .T. ) ;
#1688 = VERTEX_POINT ( 'NONE', #230 ) ;
#1689 = ADVANCED_FACE ( 'NONE', ( #587 ), #3977, .T. ) ;
#1690 = PLANE ( 'NONE',  #4288 ) ;
#1691 = ORIENTED_EDGE ( 'NONE', *, *, #3765, .F. ) ;
#1692 = VECTOR ( 'NONE', #2013, 1000.000000000000000 ) ;
#1693 = ORIENTED_EDGE ( 'NONE', *, *, #4382, .F. ) ;
#1694 = LINE ( 'NONE', #692, #992 ) ;
#1695 = ADVANCED_FACE ( 'NONE', ( #2943 ), #3295, .F. ) ;
#1696 = CARTESIAN_POINT ( 'NONE',  ( 0.000000000000000000, 60.00000000000000000, -52.50000000000000000 ) ) ;
#1697 = DIRECTION ( 'NONE',  ( -0.000000000000000000, -1.000000000000000000, -1.541976423090495387E-16 ) ) ;
#1698 = VERTEX_POINT ( 'NONE', #2612 ) ;
#1699 = FACE_OUTER_BOUND ( 'NONE', #3688, .T. ) ;
#1700 = FACE_OUTER_BOUND ( 'NONE', #451, .T. ) ;
#1701 = PLANE ( 'NONE',  #3022 ) ;
#1703 = CARTESIAN_POINT ( 'NONE',  ( 0.000000000000000000, 48.24999999999999289, -49.96000000000000085 ) ) ;
#1702 = VECTOR ( 'NONE', #3715, 1000.000000000000000 ) ;
#1704 = LINE ( 'NONE', #849, #649 ) ;
#1705 = AXIS2_PLACEMENT_3D ( 'NONE', #1294, #293, #562 ) ;
#1706 = CARTESIAN_POINT ( 'NONE',  ( 13.44999999999998863, 48.25999999999999801, 0.000000000000000000 ) ) ;
#1707 = DIRECTION ( 'NONE',  ( 0.000000000000000000, -1.000000000000000000, 0.000000000000000000 ) ) ;
#1708 = VECTOR ( 'NONE', #1763, 1000.000000000000000 ) ;
#1709 = EDGE_CURVE ( 'NONE', #2556, #847, #1919, .T. ) ;
#1710 = CARTESIAN_POINT ( 'NONE',  ( 7.500000000000000888, 56.99999999999999289, -7.500000000000000000 ) ) ;
#1711 = ORIENTED_EDGE ( 'NONE', *, *, #2542, .F. ) ;
#1712 = ORIENTED_EDGE ( 'NONE', *, *, #1641, .F. ) ;
#1713 = ORIENTED_EDGE ( 'NONE', *, *, #42, .F. ) ;
#1714 = CARTESIAN_POINT ( 'NONE',  ( 92.50000000000000000, -4.506349856616228777, -3.267103646046777943 ) ) ;
#1715 = VERTEX_POINT ( 'NONE', #627 ) ;
#1716 = VERTEX_POINT ( 'NONE', #1963 ) ;
#1717 = VECTOR ( 'NONE', #2435, 1000.000000000000000 ) ;
#1718 = DIRECTION ( 'NONE',  ( -0.7071067811865449082, 8.659560562354900811E-17, 0.7071067811865501263 ) ) ;
#1719 = AXIS2_PLACEMENT_3D ( 'NONE', #854, #3600, #3578 ) ;
#1720 = CARTESIAN_POINT ( 'NONE',  ( 97.75000000000000000, 48.24999999999999289, -49.96000000000000085 ) ) ;
#1721 = CARTESIAN_POINT ( 'NONE',  ( 7.500000000000000000, 8.095376221225100300E-15, -52.50000000000000000 ) ) ;
#1722 = ORIENTED_EDGE ( 'NONE', *, *, #3062, .T. ) ;
#1723 = LINE ( 'NONE', #696, #3154 ) ;
#1724 = LINE ( 'NONE', #2320, #1360 ) ;
#1725 = EDGE_CURVE ( 'NONE', #2953, #1000, #3318, .T. ) ;
#1726 = DIRECTION ( 'NONE',  ( -0.000000000000000000, -1.000000000000000000, 0.000000000000000000 ) ) ;
#1727 = DIRECTION ( 'NONE',  ( -4.984837574645997858E-18, 0.000000000000000000, 1.000000000000000000 ) ) ;
#1728 = CARTESIAN_POINT ( 'NONE',  ( 92.50000000000000000, 2.999999999999995559, -5.249999999999999112 ) ) ;
#1729 = CARTESIAN_POINT ( 'NONE',  ( 97.75000000000000000, 48.24999999999999289, -46.55999999999999517 ) ) ;
#1730 = LINE ( 'NONE', #1796, #1909 ) ;
#1731 = ADVANCED_FACE ( 'NONE', ( #4332 ), #3997, .F. ) ;
#1732 = EDGE_CURVE ( 'NONE', #4341, #1223, #1768, .T. ) ;
#1733 = CARTESIAN_POINT ( 'NONE',  ( 92.50000000000000000, 40.00000000000000000, -5.000000000000039968 ) ) ;
#1734 = ORIENTED_EDGE ( 'NONE', *, *, #3290, .F. ) ;
#1735 = EDGE_CURVE ( 'NONE', #3423, #844, #1723, .T. ) ;
#1736 = ORIENTED_EDGE ( 'NONE', *, *, #2208, .T. ) ;
#1737 = ORIENTED_EDGE ( 'NONE', *, *, #801, .F. ) ;
#1738 = CARTESIAN_POINT ( 'NONE',  ( 94.75000000000000000, 3.000000000000003997, -52.50000000000000000 ) ) ;
#1739 = EDGE_CURVE ( 'NONE', #196, #4202, #1232, .T. ) ;
#1740 = ORIENTED_EDGE ( 'NONE', *, *, #2408, .F. ) ;
#1741 = ORIENTED_EDGE ( 'NONE', *, *, #1530, .F. ) ;
#1742 = CARTESIAN_POINT ( 'NONE',  ( 100.0000000000000000, 48.25000000000000000, -10.04999999999999716 ) ) ;
#1743 = CARTESIAN_POINT ( 'NONE',  ( 89.95999999999999375, 48.25999999999999801, -60.00000000000000000 ) ) ;
#1744 = DIRECTION ( 'NONE',  ( -0.000000000000000000, -0.000000000000000000, 1.000000000000000000 ) ) ;
#1745 = ORIENTED_EDGE ( 'NONE', *, *, #435, .T. ) ;
#1746 = FACE_OUTER_BOUND ( 'NONE', #599, .T. ) ;
#1747 = DIRECTION ( 'NONE',  ( -1.000000000000000000, 0.000000000000000000, -4.984837574645997858E-18 ) ) ;
#1748 = VERTEX_POINT ( 'NONE', #3080 ) ;
#1749 = AXIS2_PLACEMENT_3D ( 'NONE', #522, #1484, #2844 ) ;
#1750 = LINE ( 'NONE', #1770, #3729 ) ;
#1751 = CARTESIAN_POINT ( 'NONE',  ( 92.50000000000000000, 40.00000000000000000, -2.249999999999999112 ) ) ;
#1752 = CARTESIAN_POINT ( 'NONE',  ( 1.660000000000001696, 48.24999999999999289, -46.55999999999999517 ) ) ;
#1753 = CARTESIAN_POINT ( 'NONE',  ( 0.000000000000000000, 48.24999999999999289, -48.25999999999999801 ) ) ;
#1754 = DIRECTION ( 'NONE',  ( 1.291815354450813925E-16, 2.775557561562889379E-15, 1.000000000000000000 ) ) ;
#1755 = VECTOR ( 'NONE', #1837, 1000.000000000000000 ) ;
#1756 = FACE_OUTER_BOUND ( 'NONE', #4135, .T. ) ;
#1757 = AXIS2_PLACEMENT_3D ( 'NONE', #28, #1071, #670 ) ;
#1758 = ORIENTED_EDGE ( 'NONE', *, *, #1021, .F. ) ;
#1759 = ORIENTED_EDGE ( 'NONE', *, *, #2794, .T. ) ;
#1760 = ADVANCED_FACE ( 'NONE', ( #410 ), #2725, .F. ) ;
#1761 = CARTESIAN_POINT ( 'NONE',  ( 11.75000000000000000, 48.25999999999999801, -58.33999999999997499 ) ) ;
#1762 = VERTEX_POINT ( 'NONE', #3033 ) ;
#1763 = DIRECTION ( 'NONE',  ( -1.291815354450813925E-16, 2.775557561562894507E-15, -1.000000000000000000 ) ) ;
#1764 = LINE ( 'NONE', #2363, #3873 ) ;
#1765 = CARTESIAN_POINT ( 'NONE',  ( 7.500000000000000888, 42.49999999999999289, -60.00000000000000000 ) ) ;
#1766 = ORIENTED_EDGE ( 'NONE', *, *, #3258, .T. ) ;
#1767 = EDGE_CURVE ( 'NONE', #30, #4105, #76, .T. ) ;
#1768 = LINE ( 'NONE', #3739, #1948 ) ;
#1769 = ORIENTED_EDGE ( 'NONE', *, *, #4127, .F. ) ;
#1770 = CARTESIAN_POINT ( 'NONE',  ( 0.000000000000000000, 60.00000000000000000, -52.50000000000000000 ) ) ;
#1771 = LINE ( 'NONE', #1438, #422 ) ;
#1772 = EDGE_CURVE ( 'NONE', #1427, #3334, #1054, .T. ) ;
#1773 = DIRECTION ( 'NONE',  ( 1.000000000000000000, -0.000000000000000000, -0.000000000000000000 ) ) ;
#1774 = ADVANCED_FACE ( 'NONE', ( #3433 ), #1676, .F. ) ;
#1775 = CARTESIAN_POINT ( 'NONE',  ( 0.000000000000000000, 2.999999999999995559, -5.249999999999999112 ) ) ;
#1776 = DIRECTION ( 'NONE',  ( -0.000000000000000000, 1.000000000000000000, -0.000000000000000000 ) ) ;
#1777 = CONICAL_SURFACE ( 'NONE', #2841, 3.360000000000002096, 0.7853981633974437271 ) ;
#1778 = CARTESIAN_POINT ( 'NONE',  ( 0.000000000000000000, 40.00000000000000000, 0.000000000000000000 ) ) ;
#1779 = VERTEX_POINT ( 'NONE', #31 ) ;
#1780 = ORIENTED_EDGE ( 'NONE', *, *, #525, .F. ) ;
#1781 = AXIS2_PLACEMENT_3D ( 'NONE', #1409, #2517, #2806 ) ;
#1782 = ORIENTED_EDGE ( 'NONE', *, *, #3619, .T. ) ;
#1783 = ADVANCED_FACE ( 'NONE', ( #1343 ), #3363, .F. ) ;
#1784 = CARTESIAN_POINT ( 'NONE',  ( 93.50000000000000000, 60.00000000000000000, -0.000000000000000000 ) ) ;
#1785 = DIRECTION ( 'NONE',  ( 0.000000000000000000, 0.000000000000000000, -1.000000000000000000 ) ) ;
#1786 = CARTESIAN_POINT ( 'NONE',  ( 93.50000000000000000, 2.999999999999995559, -2.249999999999999112 ) ) ;
#1787 = AXIS2_PLACEMENT_3D ( 'NONE', #2370, #2615, #297 ) ;
#1788 = VERTEX_POINT ( 'NONE', #1371 ) ;
#1789 = FACE_OUTER_BOUND ( 'NONE', #4253, .T. ) ;
#1790 = AXIS2_PLACEMENT_3D ( 'NONE', #3097, #1052, #2454 ) ;
#1791 = CIRCLE ( 'NONE', #1567, 10.00000000000000178 ) ;
#1792 = ORIENTED_EDGE ( 'NONE', *, *, #3304, .F. ) ;
#1793 = CARTESIAN_POINT ( 'NONE',  ( 7.500000000000000888, 42.49999999999999289, -57.74999999999999289 ) ) ;
#1794 = DIRECTION ( 'NONE',  ( 0.000000000000000000, -0.5869675714609323691, 0.8096104433943865919 ) ) ;
#1795 = EDGE_CURVE ( 'NONE', #4236, #1157, #740, .T. ) ;
#1796 = CARTESIAN_POINT ( 'NONE',  ( 5.250000000000007994, 60.00000000000000000, -6.782030610866781795E-16 ) ) ;
#1797 = CARTESIAN_POINT ( 'NONE',  ( 7.500000000000000888, 56.99999999999999289, -52.50000000000000000 ) ) ;
#1798 = LINE ( 'NONE', #3152, #2780 ) ;
#1799 = VERTEX_POINT ( 'NONE', #2415 ) ;
#1800 = ORIENTED_EDGE ( 'NONE', *, *, #3073, .T. ) ;
#1801 = EDGE_LOOP ( 'NONE', ( #2496, #2833, #2513, #662, #3586, #1023 ) ) ;
#1802 = DIRECTION ( 'NONE',  ( -0.000000000000000000, -0.000000000000000000, -1.000000000000000000 ) ) ;
#1803 = CARTESIAN_POINT ( 'NONE',  ( 10.05000000000001137, 48.25999999999999801, -1.660000000000022569 ) ) ;
#1804 = DIRECTION ( 'NONE',  ( 0.000000000000000000, 0.000000000000000000, 1.000000000000000000 ) ) ;
#1805 = ORIENTED_EDGE ( 'NONE', *, *, #2826, .F. ) ;
#1806 = DIRECTION ( 'NONE',  ( -0.000000000000000000, -0.000000000000000000, 1.000000000000000000 ) ) ;
#1807 = CIRCLE ( 'NONE', #4144, 1.700000000000000178 ) ;
#1808 = ADVANCED_FACE ( 'NONE', ( #2793 ), #1093, .F. ) ;
#1809 = EDGE_LOOP ( 'NONE', ( #1048, #1551 ) ) ;
#1810 = CARTESIAN_POINT ( 'NONE',  ( 92.50000000000000000, 8.095376221225100300E-15, -52.50000000000000000 ) ) ;
#1811 = CARTESIAN_POINT ( 'NONE',  ( 100.0000000000000000, 36.20000000000000995, -2.999999999999997335 ) ) ;
#1812 = ORIENTED_EDGE ( 'NONE', *, *, #1669, .T. ) ;
#1813 = DIRECTION ( 'NONE',  ( -1.742955217105765467E-32, -1.000000000000000000, -1.349229370204183433E-16 ) ) ;
#1814 = VECTOR ( 'NONE', #4004, 1000.000000000000000 ) ;
#1815 = DIRECTION ( 'NONE',  ( 1.000000000000000000, -0.000000000000000000, -0.000000000000000000 ) ) ;
#1816 = VECTOR ( 'NONE', #4184, 1000.000000000000000 ) ;
#1817 = CARTESIAN_POINT ( 'NONE',  ( 89.95999999999999375, 48.25999999999999801, -1.660000000000022569 ) ) ;
#1818 = CARTESIAN_POINT ( 'NONE',  ( 88.26000000000001933, 56.99999999999999289, -13.43999999999999595 ) ) ;
#1819 = EDGE_LOOP ( 'NONE', ( #3432, #2047 ) ) ;
#1820 = CONICAL_SURFACE ( 'NONE', #4291, 3.360000000000002096, 0.7853981633974482790 ) ;
#1821 = ADVANCED_FACE ( 'NONE', ( #3762 ), #2457, .F. ) ;
#1822 = ORIENTED_EDGE ( 'NONE', *, *, #2648, .F. ) ;
#1823 = EDGE_CURVE ( 'NONE', #359, #1305, #653, .T. ) ;
#1824 = VECTOR ( 'NONE', #2294, 1000.000000000000000 ) ;
#1825 = CARTESIAN_POINT ( 'NONE',  ( 7.500000000000000000, 40.00000000000000000, -54.99999999999995737 ) ) ;
#1826 = DIRECTION ( 'NONE',  ( -0.000000000000000000, 1.000000000000000000, -0.000000000000000000 ) ) ;
#1827 = ORIENTED_EDGE ( 'NONE', *, *, #3820, .T. ) ;
#1828 = DIRECTION ( 'NONE',  ( 0.000000000000000000, 1.000000000000000000, 0.000000000000000000 ) ) ;
#1829 = DIRECTION ( 'NONE',  ( 0.000000000000000000, 0.000000000000000000, 1.000000000000000000 ) ) ;
#1830 = PRODUCT ( 'base_arriba', 'base_arriba', '', ( #4137 ) ) ;
#1831 = VERTEX_POINT ( 'NONE', #2083 ) ;
#1832 = LINE ( 'NONE', #3498, #1816 ) ;
#1833 = DIRECTION ( 'NONE',  ( -1.000000000000000000, 0.000000000000000000, -2.952720810173289112E-16 ) ) ;
#1834 = VERTEX_POINT ( 'NONE', #2008 ) ;
#1835 = VECTOR ( 'NONE', #2396, 1000.000000000000000 ) ;
#1836 = LINE ( 'NONE', #2193, #3539 ) ;
#1837 = DIRECTION ( 'NONE',  ( 1.196361017915039239E-16, -1.000000000000000000, 0.000000000000000000 ) ) ;
#1838 = DIRECTION ( 'NONE',  ( 0.000000000000000000, 0.000000000000000000, -1.000000000000000000 ) ) ;
#1839 = DIRECTION ( 'NONE',  ( -1.000000000000000000, 0.000000000000000000, 1.291815354450813925E-16 ) ) ;
#1840 = LINE ( 'NONE', #130, #1460 ) ;
#1841 = ORIENTED_EDGE ( 'NONE', *, *, #1337, .T. ) ;
#1842 = AXIS2_PLACEMENT_3D ( 'NONE', #755, #1686, #3045 ) ;
#1843 = CIRCLE ( 'NONE', #2552, 1.699999999999987965 ) ;
#1844 = ORIENTED_EDGE ( 'NONE', *, *, #1035, .F. ) ;
#1845 = VECTOR ( 'NONE', #1856, 1000.000000000000000 ) ;
#1846 = AXIS2_PLACEMENT_3D ( 'NONE', #2143, #3508, #2538 ) ;
#1847 = LINE ( 'NONE', #4302, #3056 ) ;
#1848 = ORIENTED_EDGE ( 'NONE', *, *, #275, .T. ) ;
#1849 = AXIS2_PLACEMENT_3D ( 'NONE', #3484, #439, #4191 ) ;
#1850 = DIRECTION ( 'NONE',  ( 0.000000000000000000, 0.000000000000000000, 1.000000000000000000 ) ) ;
#1851 = ORIENTED_EDGE ( 'NONE', *, *, #859, .F. ) ;
#1852 = CARTESIAN_POINT ( 'NONE',  ( 7.500000000000000888, 60.00000000000000000, -7.500000000000000000 ) ) ;
#1853 = CARTESIAN_POINT ( 'NONE',  ( 92.50000000000001421, 56.99999999999999289, -52.50000000000000000 ) ) ;
#1854 = VERTEX_POINT ( 'NONE', #315 ) ;
#1855 = ADVANCED_FACE ( 'NONE', ( #1699 ), #3412, .T. ) ;
#1856 = DIRECTION ( 'NONE',  ( -1.000000000000000000, -0.000000000000000000, 0.000000000000000000 ) ) ;
#1857 = VECTOR ( 'NONE', #2209, 1000.000000000000000 ) ;
#1858 = DIRECTION ( 'NONE',  ( 2.891205793294675861E-16, -2.775557561562889379E-15, -1.000000000000000000 ) ) ;
#1859 = DIRECTION ( 'NONE',  ( 0.000000000000000000, 0.000000000000000000, 1.000000000000000000 ) ) ;
#1860 = CARTESIAN_POINT ( 'NONE',  ( 88.26000000000001933, 56.99999999999999289, -48.25000000000000000 ) ) ;
#1861 = CARTESIAN_POINT ( 'NONE',  ( 88.26000000000000512, 48.25999999999999801, 1.734723475976807883E-15 ) ) ;
#1862 = ORIENTED_EDGE ( 'NONE', *, *, #314, .T. ) ;
#1863 = ADVANCED_FACE ( 'NONE', ( #1746 ), #598, .F. ) ;
#1864 = ORIENTED_EDGE ( 'NONE', *, *, #533, .T. ) ;
#1865 = EDGE_CURVE ( 'NONE', #301, #2957, #1807, .T. ) ;
#1866 = CARTESIAN_POINT ( 'NONE',  ( 86.56000000000001648, 48.25999999999999801, -58.33999999999997499 ) ) ;
#1867 = ORIENTED_EDGE ( 'NONE', *, *, #350, .F. ) ;
#1868 = FACE_OUTER_BOUND ( 'NONE', #743, .T. ) ;
#1869 = ORIENTED_EDGE ( 'NONE', *, *, #2240, .T. ) ;
#1870 = DIRECTION ( 'NONE',  ( 0.000000000000000000, 0.000000000000000000, -1.000000000000000000 ) ) ;
#1871 = LINE ( 'NONE', #4204, #289 ) ;
#1872 = EDGE_LOOP ( 'NONE', ( #21, #800 ) ) ;
#1873 = AXIS2_PLACEMENT_3D ( 'NONE', #3205, #825, #1513 ) ;
#1874 = DIRECTION ( 'NONE',  ( 1.000000000000000000, -0.000000000000000000, -0.000000000000000000 ) ) ;
#1875 = DIRECTION ( 'NONE',  ( -0.000000000000000000, 1.000000000000000000, -0.000000000000000000 ) ) ;
#1876 = FACE_OUTER_BOUND ( 'NONE', #1566, .T. ) ;
#1877 = AXIS2_PLACEMENT_3D ( 'NONE', #4315, #2927, #1564 ) ;
#1878 = CARTESIAN_POINT ( 'NONE',  ( 92.50000000000000000, 32.99999999999998579, 9.159339953157546507E-14 ) ) ;
#1879 = AXIS2_PLACEMENT_3D ( 'NONE', #3319, #1416, #2702 ) ;
#1880 = CARTESIAN_POINT ( 'NONE',  ( 94.75000000000000000, 33.00000000000000000, -7.499999999999996447 ) ) ;
#1881 = ORIENTED_EDGE ( 'NONE', *, *, #2068, .F. ) ;
#1882 = AXIS2_PLACEMENT_3D ( 'NONE', #392, #2772, #3414 ) ;
#1883 = ORIENTED_EDGE ( 'NONE', *, *, #1613, .T. ) ;
#1884 = ORIENTED_EDGE ( 'NONE', *, *, #938, .T. ) ;
#1885 = ORIENTED_EDGE ( 'NONE', *, *, #3267, .T. ) ;
#1886 = ADVANCED_FACE ( 'NONE', ( #4160 ), #3013, .F. ) ;
#1887 = DIRECTION ( 'NONE',  ( 0.000000000000000000, -0.000000000000000000, 1.000000000000000000 ) ) ;
#1888 = ORIENTED_EDGE ( 'NONE', *, *, #2058, .F. ) ;
#1889 = VECTOR ( 'NONE', #781, 1000.000000000000000 ) ;
#1890 = ADVANCED_FACE ( 'NONE', ( #1868 ), #179, .F. ) ;
#1891 = VERTEX_POINT ( 'NONE', #784 ) ;
#1892 = CIRCLE ( 'NONE', #2827, 3.360000000000002096 ) ;
#1893 = FACE_OUTER_BOUND ( 'NONE', #721, .T. ) ;
#1894 = DIRECTION ( 'NONE',  ( 0.000000000000000000, -0.8096104433943864809, -0.5869675714609324801 ) ) ;
#1895 = VERTEX_POINT ( 'NONE', #2169 ) ;
#1896 = EDGE_CURVE ( 'NONE', #1332, #3422, #4279, .T. ) ;
#1897 = DIRECTION ( 'NONE',  ( 1.000000000000000000, 0.000000000000000000, 0.000000000000000000 ) ) ;
#1898 = CARTESIAN_POINT ( 'NONE',  ( 0.000000000000000000, 2.999999999999995559, -6.500000000000000000 ) ) ;
#1899 = DIRECTION ( 'NONE',  ( 0.000000000000000000, 0.000000000000000000, -1.000000000000000000 ) ) ;
#1900 = CARTESIAN_POINT ( 'NONE',  ( 2.250000000000000000, 52.50000000000000000, -7.499999999999993783 ) ) ;
#1901 = DIRECTION ( 'NONE',  ( -0.000000000000000000, 1.000000000000000000, -0.000000000000000000 ) ) ;
#1902 = ORIENTED_EDGE ( 'NONE', *, *, #4222, .T. ) ;
#1903 = CARTESIAN_POINT ( 'NONE',  ( 92.50000000000000000, 52.50000000000000000, -52.49999999999999289 ) ) ;
#1904 = ORIENTED_EDGE ( 'NONE', *, *, #1205, .F. ) ;
#1905 = EDGE_LOOP ( 'NONE', ( #3886, #1995, #4275, #409 ) ) ;
#1906 = ORIENTED_EDGE ( 'NONE', *, *, #3653, .T. ) ;
#1907 = VECTOR ( 'NONE', #3756, 1000.000000000000000 ) ;
#1908 = CARTESIAN_POINT ( 'NONE',  ( 2.250000000000000000, 42.49999999999999289, -52.49999999999999289 ) ) ;
#1909 = VECTOR ( 'NONE', #3789, 1000.000000000000000 ) ;
#1910 = ORIENTED_EDGE ( 'NONE', *, *, #3945, .T. ) ;
#1911 = VECTOR ( 'NONE', #1112, 1000.000000000000114 ) ;
#1912 = EDGE_CURVE ( 'NONE', #2974, #1779, #2230, .T. ) ;
#1913 = ORIENTED_EDGE ( 'NONE', *, *, #3011, .F. ) ;
#1914 = EDGE_CURVE ( 'NONE', #41, #2478, #1139, .T. ) ;
#1915 = PLANE ( 'NONE',  #3521 ) ;
#1916 = DIRECTION ( 'NONE',  ( -0.000000000000000000, -1.000000000000000000, -1.349229370204183433E-16 ) ) ;
#1917 = EDGE_CURVE ( 'NONE', #3966, #910, #2896, .T. ) ;
#1918 = ORIENTED_EDGE ( 'NONE', *, *, #935, .F. ) ;
#1919 = LINE ( 'NONE', #1579, #1588 ) ;
#1920 = CARTESIAN_POINT ( 'NONE',  ( 7.500000000000000888, 56.99999999999999289, -17.50000000000000000 ) ) ;
#1921 = EDGE_CURVE ( 'NONE', #2642, #2075, #2502, .T. ) ;
#1922 = CARTESIAN_POINT ( 'NONE',  ( 92.50000000000001421, 56.99999999999999289, -17.50000000000000000 ) ) ;
#1923 = DIRECTION ( 'NONE',  ( 1.000000000000000000, 0.000000000000000000, 0.000000000000000000 ) ) ;
#1924 = VECTOR ( 'NONE', #255, 1000.000000000000000 ) ;
#1925 = CARTESIAN_POINT ( 'NONE',  ( 100.0000000000000000, 48.25000000000000000, -11.74999999999999645 ) ) ;
#1926 = CARTESIAN_POINT ( 'NONE',  ( 0.000000000000000000, 60.00000000000000000, -6.500000000000000000 ) ) ;
#1927 = CONICAL_SURFACE ( 'NONE', #222, 3.360000000000002096, 0.7853981633974437271 ) ;
#1928 = AXIS2_PLACEMENT_3D ( 'NONE', #3253, #212, #2904 ) ;
#1929 = CARTESIAN_POINT ( 'NONE',  ( 0.000000000000000000, 48.24999999999999289, -46.55999999999999517 ) ) ;
#1930 = EDGE_LOOP ( 'NONE', ( #3965, #4165, #2690, #1162 ) ) ;
#1931 = ORIENTED_EDGE ( 'NONE', *, *, #92, .F. ) ;
#1932 = ORIENTED_EDGE ( 'NONE', *, *, #2557, .F. ) ;
#1933 = DIRECTION ( 'NONE',  ( -0.000000000000000000, 1.000000000000000000, -0.000000000000000000 ) ) ;
#1934 = ORIENTED_EDGE ( 'NONE', *, *, #806, .F. ) ;
#1935 = ADVANCED_FACE ( 'NONE', ( #1789 ), #429, .F. ) ;
#1936 = ORIENTED_EDGE ( 'NONE', *, *, #200, .F. ) ;
#1937 = DIRECTION ( 'NONE',  ( 1.000000000000000000, -0.000000000000000000, -0.000000000000000000 ) ) ;
#1938 = CARTESIAN_POINT ( 'NONE',  ( 100.0000000000000000, 48.25000000000000000, -13.44999999999999751 ) ) ;
#1939 = VERTEX_POINT ( 'NONE', #1495 ) ;
#1940 = EDGE_CURVE ( 'NONE', #2556, #3897, #2874, .T. ) ;
#1941 = DIRECTION ( 'NONE',  ( -1.000000000000000000, 0.000000000000000000, 0.000000000000000000 ) ) ;
#1942 = ADVANCED_FACE ( 'NONE', ( #2856 ), #1533, .F. ) ;
#1943 = DIRECTION ( 'NONE',  ( 0.000000000000000000, 0.000000000000000000, 1.000000000000000000 ) ) ;
#1944 = DIRECTION ( 'NONE',  ( 1.000000000000000000, 0.000000000000000000, 0.000000000000000000 ) ) ;
#1945 = DIRECTION ( 'NONE',  ( -0.000000000000000000, -0.000000000000000000, -1.000000000000000000 ) ) ;
#1946 = CARTESIAN_POINT ( 'NONE',  ( 88.26000000000000512, 48.25999999999999801, -58.33999999999997499 ) ) ;
#1947 = CARTESIAN_POINT ( 'NONE',  ( 11.75000000000000000, 48.25999999999999801, 1.734723475976807883E-15 ) ) ;
#1948 = VECTOR ( 'NONE', #1414, 1000.000000000000000 ) ;
#1949 = CARTESIAN_POINT ( 'NONE',  ( 6.500000000000001776, 32.99999999999998579, 8.138744308124527104E-14 ) ) ;
#1950 = ORIENTED_EDGE ( 'NONE', *, *, #314, .F. ) ;
#1951 = ORIENTED_EDGE ( 'NONE', *, *, #1524, .T. ) ;
#1952 = ORIENTED_EDGE ( 'NONE', *, *, #1166, .T. ) ;
#1953 = VECTOR ( 'NONE', #3602, 1000.000000000000000 ) ;
#1954 = EDGE_CURVE ( 'NONE', #4374, #3240, #4201, .T. ) ;
#1955 =( NAMED_UNIT ( * ) SI_UNIT ( $, .STERADIAN. ) SOLID_ANGLE_UNIT ( ) );
#1956 = EDGE_CURVE ( 'NONE', #4299, #3478, #4348, .T. ) ;
#1957 = VERTEX_POINT ( 'NONE', #2149 ) ;
#1958 = AXIS2_PLACEMENT_3D ( 'NONE', #4207, #1167, #2657 ) ;
#1959 = EDGE_LOOP ( 'NONE', ( #1571, #557 ) ) ;
#1960 = DIRECTION ( 'NONE',  ( -0.000000000000000000, -0.5869675714609328132, -0.8096104433943862588 ) ) ;
#1961 = CARTESIAN_POINT ( 'NONE',  ( 100.0000000000000000, 32.99999999999998579, 9.159339953157546507E-14 ) ) ;
#1962 = ORIENTED_EDGE ( 'NONE', *, *, #4021, .T. ) ;
#1963 = CARTESIAN_POINT ( 'NONE',  ( 6.500000000000000888, 40.00000000000000000, -5.000000000000039968 ) ) ;
#1964 = VECTOR ( 'NONE', #216, 1000.000000000000000 ) ;
#1965 = DIRECTION ( 'NONE',  ( 0.7071067811865460184, 8.659560562354951347E-17, 0.7071067811865489050 ) ) ;
#1966 = CARTESIAN_POINT ( 'NONE',  ( 97.75000000000000000, 52.50000000000000000, -42.49999999999999289 ) ) ;
#1967 = LINE ( 'NONE', #3280, #434 ) ;
#1968 = DIRECTION ( 'NONE',  ( 0.000000000000000000, -2.775557561562888984E-15, -1.000000000000000000 ) ) ;
#1969 = CARTESIAN_POINT ( 'NONE',  ( 11.75000000000000000, 56.99999999999999289, -49.94999999999999574 ) ) ;
#1970 = CARTESIAN_POINT ( 'NONE',  ( 93.50000000000000000, 36.20000000000000995, 0.000000000000000000 ) ) ;
#1971 = ORIENTED_EDGE ( 'NONE', *, *, #1940, .F. ) ;
#1972 = ORIENTED_EDGE ( 'NONE', *, *, #2116, .T. ) ;
#1973 = VERTEX_POINT ( 'NONE', #2522 ) ;
#1974 = ADVANCED_FACE ( 'NONE', ( #3144 ), #2480, .T. ) ;
#1975 = CARTESIAN_POINT ( 'NONE',  ( 89.95999999999999375, 48.25999999999999801, -57.75000000000000000 ) ) ;
#1976 = VERTEX_POINT ( 'NONE', #491 ) ;
#1977 = VERTEX_POINT ( 'NONE', #2540 ) ;
#1978 = DIRECTION ( 'NONE',  ( -1.291815354450813925E-16, 0.000000000000000000, -1.000000000000000000 ) ) ;
#1979 = CARTESIAN_POINT ( 'NONE',  ( 0.000000000000000000, 24.00655469070046522, -17.40475215075791837 ) ) ;
#1980 = CARTESIAN_POINT ( 'NONE',  ( 0.000000000000000000, 36.20000000000000995, -57.00000000000000000 ) ) ;
#1981 = ORIENTED_EDGE ( 'NONE', *, *, #3309, .T. ) ;
#1982 = VECTOR ( 'NONE', #385, 1000.000000000000000 ) ;
#1983 = LINE ( 'NONE', #1558, #1272 ) ;
#1984 = CIRCLE ( 'NONE', #2697, 3.360000000000002096 ) ;
#1985 = DIRECTION ( 'NONE',  ( 1.000000000000000000, 0.000000000000000000, -0.000000000000000000 ) ) ;
#1986 = DIRECTION ( 'NONE',  ( 0.000000000000000000, 0.000000000000000000, -1.000000000000000000 ) ) ;
#1987 = DIRECTION ( 'NONE',  ( -0.000000000000000000, 1.000000000000000000, -0.000000000000000000 ) ) ;
#1988 = CARTESIAN_POINT ( 'NONE',  ( 92.50000000000000000, 40.00000000000000000, -57.75000000000000000 ) ) ;
#1989 = EDGE_CURVE ( 'NONE', #4058, #41, #3161, .T. ) ;
#1990 = CYLINDRICAL_SURFACE ( 'NONE', #108, 1.700000000000000178 ) ;
#1991 = DIRECTION ( 'NONE',  ( 1.000000000000000000, -0.000000000000000000, 0.000000000000000000 ) ) ;
#1992 = EDGE_CURVE ( 'NONE', #3120, #2482, #2019, .T. ) ;
#1993 = DIRECTION ( 'NONE',  ( 0.000000000000000000, 0.000000000000000000, -1.000000000000000000 ) ) ;
#1994 = VERTEX_POINT ( 'NONE', #2225 ) ;
#1995 = ORIENTED_EDGE ( 'NONE', *, *, #933, .F. ) ;
#1996 = ORIENTED_EDGE ( 'NONE', *, *, #4094, .F. ) ;
#1997 = EDGE_CURVE ( 'NONE', #3632, #2198, #3902, .T. ) ;
#1998 = VECTOR ( 'NONE', #1697, 1000.000000000000000 ) ;
#1999 = VECTOR ( 'NONE', #1794, 1000.000000000000227 ) ;
#2000 = APPLICATION_CONTEXT ( 'automotive_design' ) ;
#2001 = ORIENTED_EDGE ( 'NONE', *, *, #869, .T. ) ;
#2002 = ORIENTED_EDGE ( 'NONE', *, *, #3916, .F. ) ;
#2003 = DIRECTION ( 'NONE',  ( 0.000000000000000000, 0.000000000000000000, 1.000000000000000000 ) ) ;
#2004 = LINE ( 'NONE', #1051, #4298 ) ;
#2005 = ADVANCED_BREP_SHAPE_REPRESENTATION ( 'base_arriba', ( #441, #2211 ), #1562 ) ;
#2006 = CARTESIAN_POINT ( 'NONE',  ( 0.000000000000000000, 1.011922027653137735E-15, -7.500000000000000888 ) ) ;
#2007 = ORIENTED_EDGE ( 'NONE', *, *, #1200, .F. ) ;
#2008 = CARTESIAN_POINT ( 'NONE',  ( 93.50000000000000000, 33.00000000000000000, -55.00000000000000000 ) ) ;
#2009 = CARTESIAN_POINT ( 'NONE',  ( 2.250000000000005329, 48.25000000000000000, -13.44999999999999751 ) ) ;
#2010 = DIRECTION ( 'NONE',  ( 0.000000000000000000, 0.000000000000000000, -1.000000000000000000 ) ) ;
#2011 = FACE_OUTER_BOUND ( 'NONE', #3792, .T. ) ;
#2012 = DIRECTION ( 'NONE',  ( -0.000000000000000000, 1.000000000000000000, -0.000000000000000000 ) ) ;
#2013 = DIRECTION ( 'NONE',  ( -0.000000000000000000, 1.000000000000000000, -0.000000000000000000 ) ) ;
#2014 = FACE_OUTER_BOUND ( 'NONE', #3831, .T. ) ;
#2015 = DIRECTION ( 'NONE',  ( 0.000000000000000000, -0.8096104433943862588, 0.5869675714609328132 ) ) ;
#2016 = VERTEX_POINT ( 'NONE', #1880 ) ;
#2017 = ORIENTED_EDGE ( 'NONE', *, *, #3339, .F. ) ;
#2018 = VERTEX_POINT ( 'NONE', #214 ) ;
#2019 = CIRCLE ( 'NONE', #104, 1.699999999999987965 ) ;
#2020 = EDGE_CURVE ( 'NONE', #2243, #2646, #193, .T. ) ;
#2021 = CARTESIAN_POINT ( 'NONE',  ( 100.0000000000000000, 60.00000000000000000, 0.000000000000000000 ) ) ;
#2022 = EDGE_CURVE ( 'NONE', #3308, #4277, #504, .T. ) ;
#2023 = ORIENTED_EDGE ( 'NONE', *, *, #3882, .F. ) ;
#2024 = CIRCLE ( 'NONE', #2102, 1.699999999999993072 ) ;
#2025 = ORIENTED_EDGE ( 'NONE', *, *, #2446, .F. ) ;
#2026 = CARTESIAN_POINT ( 'NONE',  ( 100.0000000000000000, 40.00000000000000000, -54.99999999999995737 ) ) ;
#2027 = DIRECTION ( 'NONE',  ( -1.000000000000000000, -0.000000000000000000, -0.000000000000000000 ) ) ;
#2028 = FACE_OUTER_BOUND ( 'NONE', #3376, .T. ) ;
#2029 = AXIS2_PLACEMENT_3D ( 'NONE', #3866, #1454, #1515 ) ;
#2030 = ORIENTED_EDGE ( 'NONE', *, *, #4140, .T. ) ;
#2031 =( GEOMETRIC_REPRESENTATION_CONTEXT ( 3 ) GLOBAL_UNCERTAINTY_ASSIGNED_CONTEXT ( ( #1138 ) ) GLOBAL_UNIT_ASSIGNED_CONTEXT ( ( #3634, #1285, #1955 ) ) REPRESENTATION_CONTEXT ( 'NONE', 'WORKASPACE' ) );
#2032 = ADVANCED_FACE ( 'NONE', ( #3234 ), #875, .F. ) ;
#2033 = DIRECTION ( 'NONE',  ( -1.000000000000000000, 0.000000000000000000, -0.000000000000000000 ) ) ;
#2034 =( NAMED_UNIT ( * ) PLANE_ANGLE_UNIT ( ) SI_UNIT ( $, .RADIAN. ) );
#2035 = LINE ( 'NONE', #4139, #822 ) ;
#2036 = CARTESIAN_POINT ( 'NONE',  ( 92.50000000000001421, 56.99999999999999289, -42.49999999999999289 ) ) ;
#2037 = CARTESIAN_POINT ( 'NONE',  ( 100.0000000000000000, -4.506349856616228777, -3.267103646046777943 ) ) ;
#2038 = CARTESIAN_POINT ( 'NONE',  ( 82.50000000000000000, 52.50000000000000000, 0.000000000000000000 ) ) ;
#2039 = DIRECTION ( 'NONE',  ( -0.000000000000000000, -0.000000000000000000, 1.000000000000000000 ) ) ;
#2040 = AXIS2_PLACEMENT_3D ( 'NONE', #94, #2807, #1113 ) ;
#2041 = CARTESIAN_POINT ( 'NONE',  ( 2.250000000000000000, 52.50000000000000000, -52.50000000000000711 ) ) ;
#2042 = AXIS2_PLACEMENT_3D ( 'NONE', #2041, #3325, #3630 ) ;
#2043 = ORIENTED_EDGE ( 'NONE', *, *, #3447, .F. ) ;
#2044 = ORIENTED_EDGE ( 'NONE', *, *, #1526, .F. ) ;
#2045 = ORIENTED_EDGE ( 'NONE', *, *, #1362, .F. ) ;
#2046 = DIRECTION ( 'NONE',  ( 0.000000000000000000, -0.5869675714609324801, 0.8096104433943864809 ) ) ;
#2047 = ORIENTED_EDGE ( 'NONE', *, *, #1865, .F. ) ;
#2048 = EDGE_CURVE ( 'NONE', #2018, #3752, #2534, .T. ) ;
#2049 = CIRCLE ( 'NONE', #698, 10.00000000000000178 ) ;
#2050 = ORIENTED_EDGE ( 'NONE', *, *, #2099, .T. ) ;
#2051 = CARTESIAN_POINT ( 'NONE',  ( 8.390000000000000568, 48.25999999999999801, 1.734723475976807883E-15 ) ) ;
#2052 = FACE_OUTER_BOUND ( 'NONE', #2107, .T. ) ;
#2053 = LINE ( 'NONE', #4091, #1004 ) ;
#2054 = EDGE_LOOP ( 'NONE', ( #886, #4036, #3633, #3380, #3332, #1140, #1384, #3089, #2044, #2118 ) ) ;
#2055 = EDGE_CURVE ( 'NONE', #305, #715, #3523, .T. ) ;
#2056 = DIRECTION ( 'NONE',  ( 0.000000000000000000, 0.000000000000000000, -1.000000000000000000 ) ) ;
#2057 = LINE ( 'NONE', #1392, #3616 ) ;
#2058 = EDGE_CURVE ( 'NONE', #1544, #2878, #3175, .T. ) ;
#2059 = EDGE_CURVE ( 'NONE', #2642, #1184, #1238, .T. ) ;
#2060 = DIRECTION ( 'NONE',  ( -1.000000000000000000, 0.000000000000000000, 0.000000000000000000 ) ) ;
#2062 = CIRCLE ( 'NONE', #137, 3.360000000000002096 ) ;
#2061 = CARTESIAN_POINT ( 'NONE',  ( 93.50000000000000000, 33.00000000000000000, -54.75000000000008527 ) ) ;
#2063 = CARTESIAN_POINT ( 'NONE',  ( 92.50000000000001421, 60.00000000000000000, 2.852656382717416882E-14 ) ) ;
#2064 = CIRCLE ( 'NONE', #73, 3.360000000000000320 ) ;
#2065 = CARTESIAN_POINT ( 'NONE',  ( 0.000000000000000000, 60.00000000000000000, -60.00000000000000000 ) ) ;
#2066 = LINE ( 'NONE', #1040, #492 ) ;
#2067 = AXIS2_PLACEMENT_3D ( 'NONE', #3139, #1447, #71 ) ;
#2068 = EDGE_CURVE ( 'NONE', #838, #4211, #3835, .T. ) ;
#2069 = CARTESIAN_POINT ( 'NONE',  ( 2.250000000000006217, 33.00000000000000711, -7.499999999999996447 ) ) ;
#2070 = ORIENTED_EDGE ( 'NONE', *, *, #480, .T. ) ;
#2071 = VERTEX_POINT ( 'NONE', #3857 ) ;
#2072 = VECTOR ( 'NONE', #192, 1000.000000000000000 ) ;
#2073 = ORIENTED_EDGE ( 'NONE', *, *, #1997, .T. ) ;
#2074 = DIRECTION ( 'NONE',  ( 1.000000000000000000, 0.000000000000000000, -2.392722035830078972E-16 ) ) ;
#2075 = VERTEX_POINT ( 'NONE', #460 ) ;
#2076 = AXIS2_PLACEMENT_3D ( 'NONE', #4045, #4096, #2726 ) ;
#2077 = ORIENTED_EDGE ( 'NONE', *, *, #1992, .T. ) ;
#2078 = CARTESIAN_POINT ( 'NONE',  ( 88.26000000000000512, 48.25999999999999801, -57.75000000000000000 ) ) ;
#2079 = VECTOR ( 'NONE', #190, 1000.000000000000000 ) ;
#2080 = DIRECTION ( 'NONE',  ( -0.7071067811865474617, 8.659560562354932858E-17, -0.7071067811865474617 ) ) ;
#2081 = CARTESIAN_POINT ( 'NONE',  ( 6.500000000000000888, 40.00000000000000000, -2.249999999999999556 ) ) ;
#2082 = ORIENTED_EDGE ( 'NONE', *, *, #751, .F. ) ;
#2083 = CARTESIAN_POINT ( 'NONE',  ( 88.26000000000001933, 54.00000000000000000, -10.04000000000000981 ) ) ;
#2084 = PLANE ( 'NONE',  #3133 ) ;
#2085 = CYLINDRICAL_SURFACE ( 'NONE', #2460, 1.699999999999993072 ) ;
#2086 = CARTESIAN_POINT ( 'NONE',  ( 97.75000000000000000, 52.50000000000000000, -17.49999999999999645 ) ) ;
#2087 = LINE ( 'NONE', #3061, #4256 ) ;
#2088 = EDGE_CURVE ( 'NONE', #3094, #263, #1667, .T. ) ;
#2089 = DIRECTION ( 'NONE',  ( 0.000000000000000000, 0.000000000000000000, -1.000000000000000000 ) ) ;
#2090 = EDGE_CURVE ( 'NONE', #4277, #196, #856, .T. ) ;
#2091 = CARTESIAN_POINT ( 'NONE',  ( 92.50000000000000000, 52.50000000000000000, 0.000000000000000000 ) ) ;
#2092 = LINE ( 'NONE', #1778, #4014 ) ;
#2093 = ORIENTED_EDGE ( 'NONE', *, *, #4350, .F. ) ;
#2094 = VERTEX_POINT ( 'NONE', #2218 ) ;
#2095 = LINE ( 'NONE', #380, #3930 ) ;
#2096 = EDGE_CURVE ( 'NONE', #3783, #2170, #2237, .T. ) ;
#2097 = ORIENTED_EDGE ( 'NONE', *, *, #1021, .T. ) ;
#2098 = ADVANCED_FACE ( 'NONE', ( #2906 ), #547, .F. ) ;
#2099 = EDGE_CURVE ( 'NONE', #2170, #4341, #2492, .T. ) ;
#2100 = FACE_OUTER_BOUND ( 'NONE', #2186, .T. ) ;
#2101 = FACE_OUTER_BOUND ( 'NONE', #2558, .T. ) ;
#2102 = AXIS2_PLACEMENT_3D ( 'NONE', #1946, #1633, #3911 ) ;
#2103 = DIRECTION ( 'NONE',  ( 1.000000000000000000, 0.000000000000000000, 0.000000000000000000 ) ) ;
#2104 = ORIENTED_EDGE ( 'NONE', *, *, #2497, .T. ) ;
#2105 = DIRECTION ( 'NONE',  ( -0.000000000000000000, -0.000000000000000000, 1.000000000000000000 ) ) ;
#2106 = DIRECTION ( 'NONE',  ( 1.000000000000000000, 0.000000000000000000, 0.000000000000000000 ) ) ;
#2107 = EDGE_LOOP ( 'NONE', ( #1331, #1453, #3636, #2220 ) ) ;
#2108 = AXIS2_PLACEMENT_3D ( 'NONE', #3643, #3343, #2010 ) ;
#2109 = PLANE ( 'NONE',  #1241 ) ;
#2110 = CARTESIAN_POINT ( 'NONE',  ( 0.000000000000000000, 48.25000000000000000, -15.10999999999999766 ) ) ;
#2111 = CARTESIAN_POINT ( 'NONE',  ( 11.75000000000000711, 56.99999999999999289, -10.04000000000001158 ) ) ;
#2112 = FACE_BOUND ( 'NONE', #2620, .T. ) ;
#2113 = LINE ( 'NONE', #2422, #2490 ) ;
#2114 = CARTESIAN_POINT ( 'NONE',  ( 93.50000000000000000, 40.00000000000000000, -54.99999999999995737 ) ) ;
#2115 = AXIS2_PLACEMENT_3D ( 'NONE', #2831, #1826, #2239 ) ;
#2116 = EDGE_CURVE ( 'NONE', #765, #3966, #484, .T. ) ;
#2117 = VERTEX_POINT ( 'NONE', #1190 ) ;
#2118 = ORIENTED_EDGE ( 'NONE', *, *, #2157, .F. ) ;
#2119 = VECTOR ( 'NONE', #1461, 1000.000000000000000 ) ;
#2120 = ORIENTED_EDGE ( 'NONE', *, *, #4113, .F. ) ;
#2121 = EDGE_CURVE ( 'NONE', #1137, #978, #3572, .T. ) ;
#2122 = EDGE_CURVE ( 'NONE', #1994, #1854, #1840, .T. ) ;
#2123 = CARTESIAN_POINT ( 'NONE',  ( 0.000000000000000000, 48.25000000000000000, -10.04999999999999716 ) ) ;
#2124 = DIRECTION ( 'NONE',  ( -1.000000000000000000, -0.000000000000000000, -0.000000000000000000 ) ) ;
#2125 = DIRECTION ( 'NONE',  ( 0.000000000000000000, 0.000000000000000000, 1.000000000000000000 ) ) ;
#2126 = ORIENTED_EDGE ( 'NONE', *, *, #2458, .F. ) ;
#2127 = DIRECTION ( 'NONE',  ( 1.000000000000000000, 0.000000000000000000, 0.000000000000000000 ) ) ;
#2128 = ORIENTED_EDGE ( 'NONE', *, *, #3588, .T. ) ;
#2129 = CARTESIAN_POINT ( 'NONE',  ( 93.50000000000000000, 40.00000000000000000, -5.000000000000039968 ) ) ;
#2130 = DIRECTION ( 'NONE',  ( 1.000000000000000000, -0.000000000000000000, -0.000000000000000000 ) ) ;
#2131 = CARTESIAN_POINT ( 'NONE',  ( 0.000000000000000000, 60.00000000000000000, -60.00000000000000000 ) ) ;
#2132 = CIRCLE ( 'NONE', #3754, 1.699999999999993072 ) ;
#2133 = ADVANCED_FACE ( 'NONE', ( #3559 ), #2180, .T. ) ;
#2134 = CARTESIAN_POINT ( 'NONE',  ( 7.500000000000000888, 56.99999999999999289, -17.50000000000000000 ) ) ;
#2135 = AXIS2_PLACEMENT_3D ( 'NONE', #1101, #84, #1441 ) ;
#2136 = PLANE ( 'NONE',  #1849 ) ;
#2137 = EDGE_LOOP ( 'NONE', ( #2428, #219 ) ) ;
#2138 = CIRCLE ( 'NONE', #1846, 10.00000000000000178 ) ;
#2139 = ADVANCED_FACE ( 'NONE', ( #4192 ), #966, .T. ) ;
#2140 = EDGE_CURVE ( 'NONE', #1545, #3632, #3370, .T. ) ;
#2141 = ORIENTED_EDGE ( 'NONE', *, *, #342, .T. ) ;
#2142 = VERTEX_POINT ( 'NONE', #2618 ) ;
#2143 = CARTESIAN_POINT ( 'NONE',  ( 7.500000000000000888, 56.99999999999999289, -52.50000000000000000 ) ) ;
#2144 = CARTESIAN_POINT ( 'NONE',  ( 82.50000000000000000, 54.00000000000000000, -52.50000000000000000 ) ) ;
#2145 = CIRCLE ( 'NONE', #2076, 10.00000000000000178 ) ;
#2146 = CARTESIAN_POINT ( 'NONE',  ( 92.50000000000001421, 56.99999999999999289, -7.500000000000000000 ) ) ;
#2147 = CIRCLE ( 'NONE', #3134, 1.700000000000000178 ) ;
#2148 = ORIENTED_EDGE ( 'NONE', *, *, #1262, .F. ) ;
#2149 = CARTESIAN_POINT ( 'NONE',  ( 93.50000000000000000, 40.00000000000000000, -57.75000000000000000 ) ) ;
#2150 = CIRCLE ( 'NONE', #647, 3.360000000000002096 ) ;
#2151 = VECTOR ( 'NONE', #38, 1000.000000000000000 ) ;
#2152 = ORIENTED_EDGE ( 'NONE', *, *, #159, .F. ) ;
#2153 = DIRECTION ( 'NONE',  ( 1.000000000000000000, 0.000000000000000000, 2.891205793294675861E-16 ) ) ;
#2154 = DIRECTION ( 'NONE',  ( 1.000000000000000000, 0.000000000000000000, 0.000000000000000000 ) ) ;
#2155 = VERTEX_POINT ( 'NONE', #2302 ) ;
#2156 = LINE ( 'NONE', #4188, #4182 ) ;
#2157 = EDGE_CURVE ( 'NONE', #2018, #505, #277, .T. ) ;
#2158 = EDGE_CURVE ( 'NONE', #1025, #3972, #3323, .T. ) ;
#2159 = CARTESIAN_POINT ( 'NONE',  ( 93.50000000000000000, 60.00000000000000000, -5.249999999999999112 ) ) ;
#2160 = LINE ( 'NONE', #2866, #3941 ) ;
#2161 = DIRECTION ( 'NONE',  ( 1.000000000000000000, -0.000000000000000000, -0.000000000000000000 ) ) ;
#2162 = ORIENTED_EDGE ( 'NONE', *, *, #611, .F. ) ;
#2163 = ORIENTED_EDGE ( 'NONE', *, *, #3148, .F. ) ;
#2164 = EDGE_CURVE ( 'NONE', #514, #2425, #1254, .T. ) ;
#2165 = ORIENTED_EDGE ( 'NONE', *, *, #975, .F. ) ;
#2166 = CARTESIAN_POINT ( 'NONE',  ( 88.26000000000001933, 56.99999999999999289, -48.25000000000000000 ) ) ;
#2167 = CARTESIAN_POINT ( 'NONE',  ( 97.75000000000000000, 52.50000000000000000, -52.50000000000000711 ) ) ;
#2168 = ORIENTED_EDGE ( 'NONE', *, *, #3699, .F. ) ;
#2169 = CARTESIAN_POINT ( 'NONE',  ( 93.50000000000000000, 36.20000000000000995, -57.00000000000000000 ) ) ;
#2170 = VERTEX_POINT ( 'NONE', #2328 ) ;
#2171 = DIRECTION ( 'NONE',  ( -1.000000000000000000, -0.000000000000000000, -0.000000000000000000 ) ) ;
#2172 = CARTESIAN_POINT ( 'NONE',  ( 0.000000000000000000, 48.24999999999999289, -48.25999999999999801 ) ) ;
#2173 = ORIENTED_EDGE ( 'NONE', *, *, #1164, .F. ) ;
#2174 = CARTESIAN_POINT ( 'NONE',  ( 92.50000000000000000, 42.49999999999999289, -2.249999999999999112 ) ) ;
#2175 = AXIS2_PLACEMENT_3D ( 'NONE', #4312, #2256, #917 ) ;
#2176 = LINE ( 'NONE', #1187, #465 ) ;
#2177 = CARTESIAN_POINT ( 'NONE',  ( 7.500000000000000000, 52.50000000000000000, -57.74999999999999289 ) ) ;
#2178 = VECTOR ( 'NONE', #100, 1000.000000000000000 ) ;
#2179 = DIRECTION ( 'NONE',  ( -0.000000000000000000, -0.000000000000000000, 1.000000000000000000 ) ) ;
#2180 = PLANE ( 'NONE',  #1749 ) ;
#2181 = ORIENTED_EDGE ( 'NONE', *, *, #2934, .F. ) ;
#2182 = EDGE_LOOP ( 'NONE', ( #3055, #3683, #2270 ) ) ;
#2183 = CIRCLE ( 'NONE', #259, 1.700000000000000178 ) ;
#2184 = DIRECTION ( 'NONE',  ( 0.000000000000000000, -1.000000000000000000, -0.000000000000000000 ) ) ;
#2185 = EDGE_CURVE ( 'NONE', #932, #1223, #613, .T. ) ;
#2186 = EDGE_LOOP ( 'NONE', ( #4349, #1192, #4231, #4285 ) ) ;
#2187 = CARTESIAN_POINT ( 'NONE',  ( 98.34000000000001762, 48.24999999999999289, -48.25999999999999801 ) ) ;
#2188 = ORIENTED_EDGE ( 'NONE', *, *, #2284, .F. ) ;
#2189 = LINE ( 'NONE', #809, #323 ) ;
#2190 = DIRECTION ( 'NONE',  ( -1.000000000000000000, -0.000000000000000000, -0.000000000000000000 ) ) ;
#2191 = ORIENTED_EDGE ( 'NONE', *, *, #4087, .F. ) ;
#2192 = EDGE_CURVE ( 'NONE', #2583, #949, #900, .T. ) ;
#2193 = CARTESIAN_POINT ( 'NONE',  ( 92.50000000000000000, 33.00000000000015632, -9.159339953157576799E-14 ) ) ;
#2194 = CARTESIAN_POINT ( 'NONE',  ( 0.000000000000000000, 52.50000000000000000, -60.00000000000000000 ) ) ;
#2195 = CARTESIAN_POINT ( 'NONE',  ( 94.75000000000000000, 33.00000000000000000, -6.500000000000000000 ) ) ;
#2196 = CARTESIAN_POINT ( 'NONE',  ( 15.10999999999999943, 48.25999999999999801, 1.734723475976807883E-15 ) ) ;
#2197 = CARTESIAN_POINT ( 'NONE',  ( 13.44999999999998863, 48.25999999999999801, -60.00000000000000000 ) ) ;
#2198 = VERTEX_POINT ( 'NONE', #2661 ) ;
#2199 = EDGE_CURVE ( 'NONE', #327, #4371, #3348, .T. ) ;
#2200 = ORIENTED_EDGE ( 'NONE', *, *, #1739, .T. ) ;
#2201 = AXIS2_PLACEMENT_3D ( 'NONE', #4244, #2821, #1501 ) ;
#2202 = DIRECTION ( 'NONE',  ( -0.000000000000000000, 1.000000000000000000, -0.000000000000000000 ) ) ;
#2203 = VERTEX_POINT ( 'NONE', #257 ) ;
#2204 = AXIS2_PLACEMENT_3D ( 'NONE', #1149, #521, #1210 ) ;
#2205 = CARTESIAN_POINT ( 'NONE',  ( 0.000000000000000000, 0.000000000000000000, -54.99999999999995737 ) ) ;
#2206 = VERTEX_POINT ( 'NONE', #2949 ) ;
#2207 = FACE_OUTER_BOUND ( 'NONE', #3913, .T. ) ;
#2208 = EDGE_CURVE ( 'NONE', #847, #359, #2639, .T. ) ;
#2209 = DIRECTION ( 'NONE',  ( 1.000000000000000000, -0.000000000000000000, -0.000000000000000000 ) ) ;
#2210 = ORIENTED_EDGE ( 'NONE', *, *, #2883, .T. ) ;
#2211 = AXIS2_PLACEMENT_3D ( 'NONE', #785, #1829, #2106 ) ;
#2212 = FACE_OUTER_BOUND ( 'NONE', #3927, .T. ) ;
#2213 = VECTOR ( 'NONE', #3460, 1000.000000000000000 ) ;
#2214 = DIRECTION ( 'NONE',  ( -1.000000000000000000, 0.000000000000000000, -0.000000000000000000 ) ) ;
#2215 = LINE ( 'NONE', #3891, #1214 ) ;
#2216 = EDGE_CURVE ( 'NONE', #3921, #2142, #3282, .T. ) ;
#2217 = DIRECTION ( 'NONE',  ( 0.000000000000000000, 1.000000000000000000, -0.000000000000000000 ) ) ;
#2218 = CARTESIAN_POINT ( 'NONE',  ( 17.50000000000000000, 52.50000000000000000, 0.000000000000000000 ) ) ;
#2219 = ORIENTED_EDGE ( 'NONE', *, *, #2185, .F. ) ;
#2220 = ORIENTED_EDGE ( 'NONE', *, *, #2058, .T. ) ;
#2221 = ORIENTED_EDGE ( 'NONE', *, *, #3278, .F. ) ;
#2222 = ADVANCED_FACE ( 'NONE', ( #2014 ), #2971, .F. ) ;
#2223 = CARTESIAN_POINT ( 'NONE',  ( 6.500000000000000000, 40.00000000000000000, -54.74999999999997868 ) ) ;
#2224 = VERTEX_POINT ( 'NONE', #324 ) ;
#2225 = CARTESIAN_POINT ( 'NONE',  ( 2.250000000000000000, 42.49999999999999289, -7.499999999999994671 ) ) ;
#2226 = EDGE_LOOP ( 'NONE', ( #2317, #684, #3750, #889 ) ) ;
#2227 = DIRECTION ( 'NONE',  ( 0.000000000000000000, -1.000000000000000000, 0.000000000000000000 ) ) ;
#2228 = FACE_OUTER_BOUND ( 'NONE', #4195, .T. ) ;
#2229 = VERTEX_POINT ( 'NONE', #1634 ) ;
#2230 = CIRCLE ( 'NONE', #2659, 1.699999999999993072 ) ;
#2231 = FACE_OUTER_BOUND ( 'NONE', #3495, .T. ) ;
#2232 = CARTESIAN_POINT ( 'NONE',  ( 0.000000000000000000, 54.00000000000000000, 0.000000000000000000 ) ) ;
#2233 = CARTESIAN_POINT ( 'NONE',  ( 7.500000000000007105, 60.00000000000000000, -8.673617379884043361E-16 ) ) ;
#2234 = AXIS2_PLACEMENT_3D ( 'NONE', #612, #633, #1968 ) ;
#2235 = DIRECTION ( 'NONE',  ( -0.000000000000000000, 1.000000000000000000, -0.000000000000000000 ) ) ;
#2236 = VECTOR ( 'NONE', #2634, 1000.000000000000000 ) ;
#2237 = LINE ( 'NONE', #1543, #2948 ) ;
#2238 = ORIENTED_EDGE ( 'NONE', *, *, #2921, .T. ) ;
#2239 = DIRECTION ( 'NONE',  ( 0.000000000000000000, 0.000000000000000000, 1.000000000000000000 ) ) ;
#2240 = EDGE_CURVE ( 'NONE', #2828, #1977, #2993, .T. ) ;
#2241 = AXIS2_PLACEMENT_3D ( 'NONE', #3212, #2214, #66 ) ;
#2242 = ORIENTED_EDGE ( 'NONE', *, *, #3190, .F. ) ;
#2243 = VERTEX_POINT ( 'NONE', #4294 ) ;
#2244 = ORIENTED_EDGE ( 'NONE', *, *, #1896, .T. ) ;
#2245 = EDGE_CURVE ( 'NONE', #1688, #2980, #946, .T. ) ;
#2246 = CARTESIAN_POINT ( 'NONE',  ( 2.250000000000000444, 60.00000000000000000, -53.50000000000000000 ) ) ;
#2247 = ORIENTED_EDGE ( 'NONE', *, *, #3468, .T. ) ;
#2248 = CIRCLE ( 'NONE', #3655, 1.699999999999989742 ) ;
#2249 = ADVANCED_FACE ( 'NONE', ( #3672 ), #4029, .T. ) ;
#2250 = ORIENTED_EDGE ( 'NONE', *, *, #1349, .F. ) ;
#2251 = VECTOR ( 'NONE', #4056, 1000.000000000000000 ) ;
#2252 = DIRECTION ( 'NONE',  ( 0.000000000000000000, 0.000000000000000000, 1.000000000000000000 ) ) ;
#2253 = DIRECTION ( 'NONE',  ( 0.000000000000000000, 0.000000000000000000, 1.000000000000000000 ) ) ;
#2254 = ORIENTED_EDGE ( 'NONE', *, *, #3588, .F. ) ;
#2255 = CARTESIAN_POINT ( 'NONE',  ( 0.000000000000000000, 52.50000000000000000, -60.00000000000000000 ) ) ;
#2256 = DIRECTION ( 'NONE',  ( -0.000000000000000000, 1.000000000000000000, -0.000000000000000000 ) ) ;
#2257 = LINE ( 'NONE', #1922, #2623 ) ;
#2258 = CARTESIAN_POINT ( 'NONE',  ( 92.50000000000000000, 40.00000000000000000, -60.00000000000000000 ) ) ;
#2259 = AXIS2_PLACEMENT_3D ( 'NONE', #728, #61, #1419 ) ;
#2260 = DIRECTION ( 'NONE',  ( 0.000000000000000000, 0.000000000000000000, 1.000000000000000000 ) ) ;
#2261 = DIRECTION ( 'NONE',  ( -0.000000000000000000, 1.000000000000000000, -0.000000000000000000 ) ) ;
#2262 = CARTESIAN_POINT ( 'NONE',  ( 6.500000000000000888, 2.999999999999995559, -2.999999999999997335 ) ) ;
#2263 = ORIENTED_EDGE ( 'NONE', *, *, #1865, .T. ) ;
#2264 = EDGE_LOOP ( 'NONE', ( #1143, #1217, #180, #1444, #3566, #2688, #616, #1827, #3517, #352 ) ) ;
#2265 = ORIENTED_EDGE ( 'NONE', *, *, #1648, .T. ) ;
#2266 = VECTOR ( 'NONE', #1338, 1000.000000000000114 ) ;
#2267 = FACE_OUTER_BOUND ( 'NONE', #3675, .T. ) ;
#2268 = ADVANCED_FACE ( 'NONE', ( #3629 ), #4338, .T. ) ;
#2269 = VECTOR ( 'NONE', #3954, 1000.000000000000000 ) ;
#2270 = ORIENTED_EDGE ( 'NONE', *, *, #1196, .T. ) ;
#2271 = VECTOR ( 'NONE', #3201, 1000.000000000000000 ) ;
#2272 = EDGE_LOOP ( 'NONE', ( #3489, #739, #4080, #1885, #1851, #2714, #1741, #3760, #3938, #841 ) ) ;
#2273 = CARTESIAN_POINT ( 'NONE',  ( 91.62000000000000455, 48.25999999999999801, 1.734723475976807883E-15 ) ) ;
#2274 = DIRECTION ( 'NONE',  ( 1.000000000000000000, -0.000000000000000000, -0.000000000000000000 ) ) ;
#2275 = EDGE_LOOP ( 'NONE', ( #1517, #879 ) ) ;
#2276 = CARTESIAN_POINT ( 'NONE',  ( 92.50000000000000000, 52.50000000000000000, -2.250000000000000000 ) ) ;
#2277 = DIRECTION ( 'NONE',  ( 0.000000000000000000, -0.5869675714609324801, 0.8096104433943864809 ) ) ;
#2278 = DIRECTION ( 'NONE',  ( 0.000000000000000000, 0.000000000000000000, 1.000000000000000000 ) ) ;
#2279 = CARTESIAN_POINT ( 'NONE',  ( 7.500000000000000000, 40.00000000000000000, -5.000000000000039968 ) ) ;
#2280 = CONICAL_SURFACE ( 'NONE', #367, 3.360000000000000320, 0.7853981633974452814 ) ;
#2281 = FACE_OUTER_BOUND ( 'NONE', #1538, .T. ) ;
#2282 = DIRECTION ( 'NONE',  ( 0.000000000000000000, -1.000000000000000000, 0.000000000000000000 ) ) ;
#2283 = ADVANCED_FACE ( 'NONE', ( #1301 ), #3019, .F. ) ;
#2284 = EDGE_CURVE ( 'NONE', #3200, #2229, #1249, .T. ) ;
#2285 = VECTOR ( 'NONE', #3409, 1000.000000000000000 ) ;
#2286 = VECTOR ( 'NONE', #632, 1000.000000000000000 ) ;
#2287 = LINE ( 'NONE', #1329, #1472 ) ;
#2288 = VERTEX_POINT ( 'NONE', #3999 ) ;
#2289 = ORIENTED_EDGE ( 'NONE', *, *, #555, .T. ) ;
#2290 = ORIENTED_EDGE ( 'NONE', *, *, #275, .F. ) ;
#2291 = DIRECTION ( 'NONE',  ( 0.000000000000000000, 0.000000000000000000, -1.000000000000000000 ) ) ;
#2292 = ORIENTED_EDGE ( 'NONE', *, *, #2977, .F. ) ;
#2293 = ORIENTED_EDGE ( 'NONE', *, *, #119, .F. ) ;
#2294 = DIRECTION ( 'NONE',  ( -0.7071067811865445751, 0.000000000000000000, -0.7071067811865504593 ) ) ;
#2295 = DIRECTION ( 'NONE',  ( 1.000000000000000000, 0.000000000000000000, 0.000000000000000000 ) ) ;
#2296 = EDGE_LOOP ( 'NONE', ( #652, #3684, #3228, #797 ) ) ;
#2297 = CARTESIAN_POINT ( 'NONE',  ( 7.500000000000000000, 52.50000000000000000, -7.499999999999993783 ) ) ;
#2298 = DIRECTION ( 'NONE',  ( 0.000000000000000000, 0.000000000000000000, 1.000000000000000000 ) ) ;
#2299 = CARTESIAN_POINT ( 'NONE',  ( 92.50000000000002842, 54.00000000000000000, -52.50000000000000000 ) ) ;
#2300 = FACE_OUTER_BOUND ( 'NONE', #2694, .T. ) ;
#2301 = CARTESIAN_POINT ( 'NONE',  ( 0.000000000000000000, 60.00000000000000000, 0.000000000000000000 ) ) ;
#2302 = CARTESIAN_POINT ( 'NONE',  ( 89.95999999999999375, 48.25999999999999801, -58.33999999999997499 ) ) ;
#2303 = EDGE_CURVE ( 'NONE', #2642, #4107, #272, .T. ) ;
#2304 = DIRECTION ( 'NONE',  ( -0.7071067811865453523, 0.000000000000000000, -0.7071067811865496822 ) ) ;
#2305 = ORIENTED_EDGE ( 'NONE', *, *, #3838, .T. ) ;
#2306 = ORIENTED_EDGE ( 'NONE', *, *, #3171, .F. ) ;
#2307 = VERTEX_POINT ( 'NONE', #319 ) ;
#2308 = VECTOR ( 'NONE', #4250, 1000.000000000000000 ) ;
#2309 = LINE ( 'NONE', #1662, #2616 ) ;
#2310 = ORIENTED_EDGE ( 'NONE', *, *, #2208, .F. ) ;
#2311 = ORIENTED_EDGE ( 'NONE', *, *, #1200, .T. ) ;
#2312 = EDGE_CURVE ( 'NONE', #2206, #4211, #4217, .T. ) ;
#2313 = CARTESIAN_POINT ( 'NONE',  ( 88.26000000000000512, 48.25999999999999801, -2.249999999999999112 ) ) ;
#2314 = FACE_OUTER_BOUND ( 'NONE', #640, .T. ) ;
#2315 = CARTESIAN_POINT ( 'NONE',  ( 7.500000000000000888, 56.99999999999999289, -7.500000000000000000 ) ) ;
#2316 = VECTOR ( 'NONE', #3492, 1000.000000000000000 ) ;
#2317 = ORIENTED_EDGE ( 'NONE', *, *, #1823, .T. ) ;
#2318 = ADVANCED_FACE ( 'NONE', ( #3598 ), #4151, .F. ) ;
#2319 = DIRECTION ( 'NONE',  ( -1.000000000000000000, 0.000000000000000000, 0.000000000000000000 ) ) ;
#2320 = CARTESIAN_POINT ( 'NONE',  ( 1.121588454295349287E-17, 40.00000000000000000, -2.249999999999999556 ) ) ;
#2321 = VECTOR ( 'NONE', #968, 1000.000000000000000 ) ;
#2322 = FACE_OUTER_BOUND ( 'NONE', #3311, .T. ) ;
#2323 = PLANE ( 'NONE',  #609 ) ;
#2324 = EDGE_CURVE ( 'NONE', #1043, #3284, #4334, .T. ) ;
#2325 = FACE_OUTER_BOUND ( 'NONE', #2805, .T. ) ;
#2326 = EDGE_CURVE ( 'NONE', #260, #4038, #248, .T. ) ;
#2327 = CARTESIAN_POINT ( 'NONE',  ( 15.10999999999999943, 48.25999999999999801, -60.00000000000000000 ) ) ;
#2328 = CARTESIAN_POINT ( 'NONE',  ( 93.50000000000000000, 33.00000000000000000, -5.249999999999999112 ) ) ;
#2329 = LINE ( 'NONE', #3349, #969 ) ;
#2330 = EDGE_LOOP ( 'NONE', ( #1450, #706 ) ) ;
#2331 = ORIENTED_EDGE ( 'NONE', *, *, #17, .T. ) ;
#2332 = VERTEX_POINT ( 'NONE', #2589 ) ;
#2333 = DIRECTION ( 'NONE',  ( -0.000000000000000000, -1.000000000000000000, -0.000000000000000000 ) ) ;
#2334 = ORIENTED_EDGE ( 'NONE', *, *, #4025, .F. ) ;
#2335 = AXIS2_PLACEMENT_3D ( 'NONE', #2441, #1034, #4360 ) ;
#2336 = ORIENTED_EDGE ( 'NONE', *, *, #2516, .T. ) ;
#2337 = DIRECTION ( 'NONE',  ( -4.984837574645997858E-18, 0.000000000000000000, 1.000000000000000000 ) ) ;
#2338 = DIRECTION ( 'NONE',  ( 0.000000000000000000, -0.000000000000000000, 1.000000000000000000 ) ) ;
#2339 = CARTESIAN_POINT ( 'NONE',  ( 97.75000000000000000, 48.24999999999999289, -48.25999999999999801 ) ) ;
#2340 = ORIENTED_EDGE ( 'NONE', *, *, #2326, .F. ) ;
#2341 = VECTOR ( 'NONE', #3967, 1000.000000000000000 ) ;
#2342 = LINE ( 'NONE', #4355, #3193 ) ;
#2343 =( LENGTH_UNIT ( ) NAMED_UNIT ( * ) SI_UNIT ( .MILLI., .METRE. ) );
#2344 = CARTESIAN_POINT ( 'NONE',  ( 7.500000000000000000, 52.50000000000000000, 0.000000000000000000 ) ) ;
#2345 = DIRECTION ( 'NONE',  ( -0.000000000000000000, 1.000000000000000000, -0.000000000000000000 ) ) ;
#2346 = CARTESIAN_POINT ( 'NONE',  ( 0.000000000000000000, 8.095376221225100300E-15, -52.50000000000000000 ) ) ;
#2347 = EDGE_CURVE ( 'NONE', #1788, #228, #2530, .T. ) ;
#2348 = DIRECTION ( 'NONE',  ( 0.000000000000000000, 0.000000000000000000, 1.000000000000000000 ) ) ;
#2349 = CARTESIAN_POINT ( 'NONE',  ( 0.000000000000000000, 60.00000000000000000, -7.500000000000000000 ) ) ;
#2350 = EDGE_CURVE ( 'NONE', #3806, #2495, #295, .T. ) ;
#2351 = DIRECTION ( 'NONE',  ( 0.000000000000000000, 1.000000000000000000, 0.000000000000000000 ) ) ;
#2352 = VECTOR ( 'NONE', #1396, 1000.000000000000000 ) ;
#2353 = VERTEX_POINT ( 'NONE', #3691 ) ;
#2354 = EDGE_LOOP ( 'NONE', ( #2668, #1734, #683, #1511, #2600, #3256, #2764, #2082, #2938, #2845, #3654, #1934 ) ) ;
#2355 = ORIENTED_EDGE ( 'NONE', *, *, #828, .F. ) ;
#2356 = VECTOR ( 'NONE', #3494, 1000.000000000000000 ) ;
#2357 = VECTOR ( 'NONE', #2548, 1000.000000000000000 ) ;
#2358 = CARTESIAN_POINT ( 'NONE',  ( 0.000000000000000000, 60.00000000000000000, -7.500000000000000000 ) ) ;
#2359 = EDGE_CURVE ( 'NONE', #1073, #2470, #1296, .T. ) ;
#2360 = VERTEX_POINT ( 'NONE', #1606 ) ;
#2361 = EDGE_LOOP ( 'NONE', ( #1918, #903, #1557, #2641 ) ) ;
#2362 = FACE_BOUND ( 'NONE', #1336, .T. ) ;
#2363 = CARTESIAN_POINT ( 'NONE',  ( 7.500000000000000000, 40.00000000000000000, 0.000000000000000000 ) ) ;
#2364 = CARTESIAN_POINT ( 'NONE',  ( 82.50000000000000000, 56.99999999999999289, -7.500000000000000000 ) ) ;
#2365 = ORIENTED_EDGE ( 'NONE', *, *, #3476, .F. ) ;
#2366 = CARTESIAN_POINT ( 'NONE',  ( 7.500000000000000000, 33.00000000000000711, -52.49999999999999289 ) ) ;
#2367 = CARTESIAN_POINT ( 'NONE',  ( 7.500000000000000000, 0.000000000000000000, -54.99999999999995737 ) ) ;
#2368 = PLANE ( 'NONE',  #4358 ) ;
#2369 = LINE ( 'NONE', #1703, #1702 ) ;
#2370 = CARTESIAN_POINT ( 'NONE',  ( 97.75000000000000000, 52.50000000000000000, -52.50000000000000711 ) ) ;
#2371 = CARTESIAN_POINT ( 'NONE',  ( 84.90000000000000568, 48.25999999999999801, 1.734723475976807883E-15 ) ) ;
#2372 = LINE ( 'NONE', #3721, #4394 ) ;
#2373 = DIRECTION ( 'NONE',  ( 1.000000000000000000, 0.000000000000000000, 0.000000000000000000 ) ) ;
#2374 = EDGE_LOOP ( 'NONE', ( #4274, #4238, #4077, #1578 ) ) ;
#2375 = CYLINDRICAL_SURFACE ( 'NONE', #1842, 1.700000000000000178 ) ;
#2376 = ORIENTED_EDGE ( 'NONE', *, *, #711, .T. ) ;
#2377 = VECTOR ( 'NONE', #1074, 1000.000000000000000 ) ;
#2378 = EDGE_CURVE ( 'NONE', #1009, #1137, #3624, .T. ) ;
#2379 = ADVANCED_FACE ( 'NONE', ( #3978 ), #2944, .F. ) ;
#2380 = EDGE_LOOP ( 'NONE', ( #2541, #2168 ) ) ;
#2381 = VECTOR ( 'NONE', #1652, 1000.000000000000114 ) ;
#2382 = EDGE_CURVE ( 'NONE', #2646, #2781, #3093, .T. ) ;
#2383 = VERTEX_POINT ( 'NONE', #1920 ) ;
#2384 = FACE_OUTER_BOUND ( 'NONE', #1593, .T. ) ;
#2385 = LINE ( 'NONE', #3736, #2398 ) ;
#2386 = DIRECTION ( 'NONE',  ( -0.000000000000000000, 1.000000000000000000, -0.000000000000000000 ) ) ;
#2387 = VECTOR ( 'NONE', #3515, 1000.000000000000000 ) ;
#2388 = ORIENTED_EDGE ( 'NONE', *, *, #3333, .F. ) ;
#2389 = ADVANCED_FACE ( 'NONE', ( #252 ), #985, .F. ) ;
#2390 = CIRCLE ( 'NONE', #4084, 1.699999999999987965 ) ;
#2391 = CARTESIAN_POINT ( 'NONE',  ( 7.500000000000000000, 0.000000000000000000, -57.00000000000000000 ) ) ;
#2392 = CARTESIAN_POINT ( 'NONE',  ( 11.75000000000000711, 54.00000000000000000, -10.04000000000000092 ) ) ;
#2393 = CARTESIAN_POINT ( 'NONE',  ( 11.75000000000000000, 48.25999999999999801, -57.74999999999997868 ) ) ;
#2394 = CARTESIAN_POINT ( 'NONE',  ( 7.500000000000006217, 54.00000000000000000, -7.500000000000000000 ) ) ;
#2395 = PLANE ( 'NONE',  #2917 ) ;
#2396 = DIRECTION ( 'NONE',  ( 0.000000000000000000, -2.775557561562889379E-15, -1.000000000000000000 ) ) ;
#2397 = DIRECTION ( 'NONE',  ( 0.000000000000000000, 2.775557561562888984E-15, 1.000000000000000000 ) ) ;
#2398 = VECTOR ( 'NONE', #1671, 1000.000000000000000 ) ;
#2399 = VECTOR ( 'NONE', #855, 1000.000000000000000 ) ;
#2400 = CARTESIAN_POINT ( 'NONE',  ( 0.000000000000000000, 42.49999999999999289, -52.49999999999999289 ) ) ;
#2401 = ORIENTED_EDGE ( 'NONE', *, *, #3527, .T. ) ;
#2402 = ORIENTED_EDGE ( 'NONE', *, *, #4215, .F. ) ;
#2403 = ORIENTED_EDGE ( 'NONE', *, *, #3838, .F. ) ;
#2404 = CARTESIAN_POINT ( 'NONE',  ( 92.50000000000000000, 33.00000000000000000, -54.75000000000000000 ) ) ;
#2405 = ORIENTED_EDGE ( 'NONE', *, *, #3984, .F. ) ;
#2406 = VECTOR ( 'NONE', #4073, 1000.000000000000227 ) ;
#2407 = ORIENTED_EDGE ( 'NONE', *, *, #4350, .T. ) ;
#2408 = EDGE_CURVE ( 'NONE', #1553, #2528, #2613, .T. ) ;
#2409 = LINE ( 'NONE', #267, #1487 ) ;
#2410 = DIRECTION ( 'NONE',  ( -1.000000000000000000, -0.000000000000000000, 2.392722035830078972E-16 ) ) ;
#2411 = EDGE_CURVE ( 'NONE', #3221, #3423, #962, .T. ) ;
#2412 = CYLINDRICAL_SURFACE ( 'NONE', #579, 10.00000000000000533 ) ;
#2413 = ORIENTED_EDGE ( 'NONE', *, *, #3753, .F. ) ;
#2414 = VECTOR ( 'NONE', #3834, 1000.000000000000000 ) ;
#2415 = CARTESIAN_POINT ( 'NONE',  ( 82.50000000000000000, 52.50000000000000000, -57.75000000000000000 ) ) ;
#2416 = CARTESIAN_POINT ( 'NONE',  ( 97.74999999999998579, 60.00000000000000000, 2.886284591944389247E-14 ) ) ;
#2417 = FACE_OUTER_BOUND ( 'NONE', #913, .T. ) ;
#2418 = CARTESIAN_POINT ( 'NONE',  ( 11.75000000000000000, 48.25999999999999801, -2.249999999999999556 ) ) ;
#2419 = CARTESIAN_POINT ( 'NONE',  ( 7.500000000000000888, 42.49999999999999289, 0.000000000000000000 ) ) ;
#2420 = VECTOR ( 'NONE', #4265, 1000.000000000000000 ) ;
#2421 = DIRECTION ( 'NONE',  ( 1.000000000000000000, 0.000000000000000000, -2.392722035830078972E-16 ) ) ;
#2422 = CARTESIAN_POINT ( 'NONE',  ( 82.50000000000000000, 52.50000000000000000, -2.250000000000000000 ) ) ;
#2423 = VECTOR ( 'NONE', #4175, 1000.000000000000000 ) ;
#2424 = LINE ( 'NONE', #793, #761 ) ;
#2425 = VERTEX_POINT ( 'NONE', #2965 ) ;
#2426 = VECTOR ( 'NONE', #3214, 1000.000000000000000 ) ;
#2427 = EDGE_CURVE ( 'NONE', #1332, #1191, #1273, .T. ) ;
#2428 = ORIENTED_EDGE ( 'NONE', *, *, #2752, .F. ) ;
#2429 = ADVANCED_FACE ( 'NONE', ( #2322 ), #2988, .T. ) ;
#2430 = FACE_OUTER_BOUND ( 'NONE', #89, .T. ) ;
#2431 = ORIENTED_EDGE ( 'NONE', *, *, #3468, .F. ) ;
#2432 = VECTOR ( 'NONE', #867, 1000.000000000000000 ) ;
#2433 = LINE ( 'NONE', #758, #4186 ) ;
#2434 = CARTESIAN_POINT ( 'NONE',  ( 92.50000000000000000, 42.49999999999999289, 0.000000000000000000 ) ) ;
#2435 = DIRECTION ( 'NONE',  ( -0.000000000000000000, -1.000000000000000000, -0.000000000000000000 ) ) ;
#2436 = VERTEX_POINT ( 'NONE', #80 ) ;
#2437 = CARTESIAN_POINT ( 'NONE',  ( 0.000000000000000000, 2.999999999999995559, -53.50000000000000000 ) ) ;
#2438 = ORIENTED_EDGE ( 'NONE', *, *, #1442, .F. ) ;
#2439 = FACE_OUTER_BOUND ( 'NONE', #3585, .T. ) ;
#2440 = ADVANCED_FACE ( 'NONE', ( #2417, #4097, #1437 ), #2368, .F. ) ;
#2441 = CARTESIAN_POINT ( 'NONE',  ( 0.000000000000000000, 54.00000000000000000, 0.000000000000000000 ) ) ;
#2442 = DIRECTION ( 'NONE',  ( 0.000000000000000000, -2.775557561562894507E-15, 1.000000000000000000 ) ) ;
#2443 = CARTESIAN_POINT ( 'NONE',  ( 11.75000000000000000, 56.99999999999999289, -46.55000000000001137 ) ) ;
#2444 = DIRECTION ( 'NONE',  ( 0.000000000000000000, 0.000000000000000000, -1.000000000000000000 ) ) ;
#2445 = LINE ( 'NONE', #3483, #4259 ) ;
#2446 = EDGE_CURVE ( 'NONE', #3976, #3149, #885, .T. ) ;
#2447 = ORIENTED_EDGE ( 'NONE', *, *, #79, .F. ) ;
#2448 = ORIENTED_EDGE ( 'NONE', *, *, #2813, .T. ) ;
#2449 = DIRECTION ( 'NONE',  ( -1.156482317317871478E-16, 0.000000000000000000, -1.000000000000000000 ) ) ;
#2450 = AXIS2_PLACEMENT_3D ( 'NONE', #3825, #4180, #3548 ) ;
#2451 = ORIENTED_EDGE ( 'NONE', *, *, #4376, .F. ) ;
#2452 = CARTESIAN_POINT ( 'NONE',  ( 92.50000000000001421, 54.00000000000000000, -7.500000000000000000 ) ) ;
#2453 = LINE ( 'NONE', #2262, #829 ) ;
#2454 = DIRECTION ( 'NONE',  ( 0.000000000000000000, 0.000000000000000000, -1.000000000000000000 ) ) ;
#2455 = ORIENTED_EDGE ( 'NONE', *, *, #3592, .F. ) ;
#2456 = AXIS2_PLACEMENT_3D ( 'NONE', #1565, #1901, #150 ) ;
#2457 = PLANE ( 'NONE',  #3859 ) ;
#2458 = EDGE_CURVE ( 'NONE', #4104, #2535, #3784, .T. ) ;
#2459 = EDGE_LOOP ( 'NONE', ( #3486, #2891, #3021, #3940 ) ) ;
#2460 = AXIS2_PLACEMENT_3D ( 'NONE', #744, #3037, #3437 ) ;
#2461 = CARTESIAN_POINT ( 'NONE',  ( 0.000000000000000000, 33.00000000000000000, -55.00000000000000000 ) ) ;
#2462 = AXIS2_PLACEMENT_3D ( 'NONE', #2358, #264, #664 ) ;
#2463 = LINE ( 'NONE', #4071, #2500 ) ;
#2464 = EDGE_CURVE ( 'NONE', #1976, #99, #3103, .T. ) ;
#2465 = FACE_OUTER_BOUND ( 'NONE', #2459, .T. ) ;
#2466 = CARTESIAN_POINT ( 'NONE',  ( 2.250000000000007105, 33.00000000000015632, -8.355738530163855873E-14 ) ) ;
#2467 = EDGE_CURVE ( 'NONE', #1895, #1043, #412, .T. ) ;
#2468 = CARTESIAN_POINT ( 'NONE',  ( 100.0000000000000000, 48.24999999999999289, -48.25999999999999801 ) ) ;
#2469 = AXIS2_PLACEMENT_3D ( 'NONE', #2984, #3951, #2338 ) ;
#2470 = VERTEX_POINT ( 'NONE', #3741 ) ;
#2471 = ORIENTED_EDGE ( 'NONE', *, *, #1108, .T. ) ;
#2472 = VECTOR ( 'NONE', #1255, 1000.000000000000000 ) ;
#2473 = ORIENTED_EDGE ( 'NONE', *, *, #1559, .F. ) ;
#2474 = ORIENTED_EDGE ( 'NONE', *, *, #17, .F. ) ;
#2475 = CARTESIAN_POINT ( 'NONE',  ( 100.0000000000000000, 48.24999999999999289, -44.89999999999999858 ) ) ;
#2476 = CARTESIAN_POINT ( 'NONE',  ( 93.50000000000000000, 2.999999999999995559, -5.249999999999999112 ) ) ;
#2477 = CARTESIAN_POINT ( 'NONE',  ( 92.50000000000000000, 36.20000000000000995, -57.00000000000000000 ) ) ;
#2478 = VERTEX_POINT ( 'NONE', #2796 ) ;
#2479 = EDGE_CURVE ( 'NONE', #688, #932, #2035, .T. ) ;
#2480 = PLANE ( 'NONE',  #1452 ) ;
#2481 = EDGE_CURVE ( 'NONE', #639, #3524, #4153, .T. ) ;
#2482 = VERTEX_POINT ( 'NONE', #766 ) ;
#2483 = PLANE ( 'NONE',  #1039 ) ;
#2484 = FACE_OUTER_BOUND ( 'NONE', #2182, .T. ) ;
#2485 = ORIENTED_EDGE ( 'NONE', *, *, #1956, .T. ) ;
#2486 = LINE ( 'NONE', #4166, #1131 ) ;
#2487 = VECTOR ( 'NONE', #1978, 1000.000000000000000 ) ;
#2488 = EDGE_CURVE ( 'NONE', #1390, #2206, #3391, .T. ) ;
#2489 = DIRECTION ( 'NONE',  ( 1.291815354450813925E-16, 2.775557561562889379E-15, 1.000000000000000000 ) ) ;
#2490 = VECTOR ( 'NONE', #1352, 1000.000000000000000 ) ;
#2491 = CARTESIAN_POINT ( 'NONE',  ( 92.50000000000001421, 54.00000000000000000, -7.500000000000000000 ) ) ;
#2492 = LINE ( 'NONE', #796, #957 ) ;
#2493 = ORIENTED_EDGE ( 'NONE', *, *, #3854, .F. ) ;
#2494 = VECTOR ( 'NONE', #3287, 1000.000000000000000 ) ;
#2495 = VERTEX_POINT ( 'NONE', #4069 ) ;
#2496 = ORIENTED_EDGE ( 'NONE', *, *, #2914, .T. ) ;
#2497 = EDGE_CURVE ( 'NONE', #161, #3308, #3305, .T. ) ;
#2498 = FACE_OUTER_BOUND ( 'NONE', #3969, .T. ) ;
#2499 = DIRECTION ( 'NONE',  ( -1.000000000000000000, -0.000000000000000000, -0.000000000000000000 ) ) ;
#2500 = VECTOR ( 'NONE', #3393, 1000.000000000000000 ) ;
#2501 = ORIENTED_EDGE ( 'NONE', *, *, #2140, .F. ) ;
#2502 = LINE ( 'NONE', #763, #741 ) ;
#2503 = CIRCLE ( 'NONE', #1790, 10.00000000000000533 ) ;
#2504 = AXIS2_PLACEMENT_3D ( 'NONE', #3232, #2842, #2573 ) ;
#2505 = ORIENTED_EDGE ( 'NONE', *, *, #2048, .T. ) ;
#2506 = CARTESIAN_POINT ( 'NONE',  ( 11.75000000000000000, 48.25999999999999801, 1.734723475976807883E-15 ) ) ;
#2507 = DIRECTION ( 'NONE',  ( 0.000000000000000000, 0.000000000000000000, 1.000000000000000000 ) ) ;
#2508 = ORIENTED_EDGE ( 'NONE', *, *, #1328, .T. ) ;
#2509 = DIRECTION ( 'NONE',  ( -1.291815354450813925E-16, 2.775557561562894507E-15, -1.000000000000000000 ) ) ;
#2510 = LINE ( 'NONE', #2591, #223 ) ;
#2511 = CARTESIAN_POINT ( 'NONE',  ( 2.250000000000005773, 48.25000000000000000, -11.74999999999999645 ) ) ;
#2512 = CARTESIAN_POINT ( 'NONE',  ( 7.500000000000000000, 52.50000000000000000, -57.74999999999999289 ) ) ;
#2513 = ORIENTED_EDGE ( 'NONE', *, *, #1126, .T. ) ;
#2514 = EDGE_CURVE ( 'NONE', #3953, #205, #1750, .T. ) ;
#2515 = EDGE_LOOP ( 'NONE', ( #1019, #1841, #685, #1307 ) ) ;
#2516 = EDGE_CURVE ( 'NONE', #1643, #3224, #3808, .T. ) ;
#2517 = DIRECTION ( 'NONE',  ( -0.000000000000000000, 1.000000000000000000, -0.000000000000000000 ) ) ;
#2518 = CARTESIAN_POINT ( 'NONE',  ( 0.000000000000000000, 48.24999999999999289, -48.25999999999999801 ) ) ;
#2519 = ADVANCED_FACE ( 'NONE', ( #2439 ), #2109, .T. ) ;
#2520 = ORIENTED_EDGE ( 'NONE', *, *, #1648, .F. ) ;
#2521 = ADVANCED_FACE ( 'NONE', ( #3458 ), #2085, .F. ) ;
#2522 = CARTESIAN_POINT ( 'NONE',  ( 100.0000000000000000, 33.00000000000000000, -7.499999999999996447 ) ) ;
#2523 = VECTOR ( 'NONE', #722, 1000.000000000000000 ) ;
#2524 = ORIENTED_EDGE ( 'NONE', *, *, #2157, .T. ) ;
#2525 = DIRECTION ( 'NONE',  ( 1.000000000000000000, 0.000000000000000000, 0.000000000000000000 ) ) ;
#2526 = CARTESIAN_POINT ( 'NONE',  ( 92.50000000000000000, 52.50000000000000000, -5.249999999999999112 ) ) ;
#2527 = ADVANCED_FACE ( 'NONE', ( #3124 ), #1701, .F. ) ;
#2528 = VERTEX_POINT ( 'NONE', #2461 ) ;
#2529 = LINE ( 'NONE', #4206, #3604 ) ;
#2530 = CIRCLE ( 'NONE', #1102, 3.360000000000002096 ) ;
#2531 = LINE ( 'NONE', #1426, #254 ) ;
#2532 = PLANE ( 'NONE',  #4197 ) ;
#2533 = LINE ( 'NONE', #2196, #124 ) ;
#2534 = LINE ( 'NONE', #3541, #2308 ) ;
#2535 = VERTEX_POINT ( 'NONE', #2129 ) ;
#2536 = VERTEX_POINT ( 'NONE', #431 ) ;
#2537 = VECTOR ( 'NONE', #980, 1000.000000000000000 ) ;
#2538 = DIRECTION ( 'NONE',  ( 0.000000000000000000, 0.000000000000000000, 1.000000000000000000 ) ) ;
#2539 = ORIENTED_EDGE ( 'NONE', *, *, #2895, .T. ) ;
#2540 = CARTESIAN_POINT ( 'NONE',  ( 0.000000000000000000, 40.00000000000000000, 0.000000000000000000 ) ) ;
#2541 = ORIENTED_EDGE ( 'NONE', *, *, #2497, .F. ) ;
#2542 = EDGE_CURVE ( 'NONE', #1553, #4058, #1012, .T. ) ;
#2543 = DIRECTION ( 'NONE',  ( 1.000000000000000000, -0.000000000000000000, 0.000000000000000000 ) ) ;
#2544 = CARTESIAN_POINT ( 'NONE',  ( 7.500000000000000888, 60.00000000000000000, -52.50000000000000000 ) ) ;
#2545 = ORIENTED_EDGE ( 'NONE', *, *, #2059, .T. ) ;
#2546 = CARTESIAN_POINT ( 'NONE',  ( 5.250000000000007105, 33.00000000000000000, -7.499999999999996447 ) ) ;
#2547 = CARTESIAN_POINT ( 'NONE',  ( 7.500000000000000000, 52.50000000000000000, -2.250000000000000000 ) ) ;
#2548 = DIRECTION ( 'NONE',  ( 1.000000000000000000, -0.000000000000000000, -0.000000000000000000 ) ) ;
#2549 = DIRECTION ( 'NONE',  ( -0.000000000000000000, 1.000000000000000000, -0.000000000000000000 ) ) ;
#2550 = DIRECTION ( 'NONE',  ( 0.000000000000000000, 0.000000000000000000, -1.000000000000000000 ) ) ;
#2551 = ORIENTED_EDGE ( 'NONE', *, *, #3888, .T. ) ;
#2552 = AXIS2_PLACEMENT_3D ( 'NONE', #2418, #1727, #3767 ) ;
#2553 = EDGE_CURVE ( 'NONE', #1000, #3703, #2596, .T. ) ;
#2554 = EDGE_CURVE ( 'NONE', #449, #2536, #2876, .T. ) ;
#2555 = AXIS2_PLACEMENT_3D ( 'NONE', #780, #3157, #2788 ) ;
#2556 = VERTEX_POINT ( 'NONE', #3550 ) ;
#2557 = EDGE_CURVE ( 'NONE', #1685, #2980, #2860, .T. ) ;
#2558 = EDGE_LOOP ( 'NONE', ( #3006, #1769, #523, #266 ) ) ;
#2559 = VECTOR ( 'NONE', #1707, 1000.000000000000000 ) ;
#2560 = DIRECTION ( 'NONE',  ( 0.000000000000000000, 2.775557561562888984E-15, 1.000000000000000000 ) ) ;
#2561 = VERTEX_POINT ( 'NONE', #515 ) ;
#2562 = DIRECTION ( 'NONE',  ( 1.000000000000000000, 0.000000000000000000, 0.000000000000000000 ) ) ;
#2563 = ORIENTED_EDGE ( 'NONE', *, *, #952, .T. ) ;
#2564 = VECTOR ( 'NONE', #2837, 1000.000000000000000 ) ;
#2565 = CARTESIAN_POINT ( 'NONE',  ( 13.44999999999998863, 48.25999999999999801, -2.249999999999999556 ) ) ;
#2566 = PLANE ( 'NONE',  #1077 ) ;
#2567 = ORIENTED_EDGE ( 'NONE', *, *, #3011, .T. ) ;
#2568 = VECTOR ( 'NONE', #782, 1000.000000000000000 ) ;
#2569 = DIRECTION ( 'NONE',  ( 0.000000000000000000, 2.775557561562888984E-15, 1.000000000000000000 ) ) ;
#2570 = VECTOR ( 'NONE', #746, 1000.000000000000000 ) ;
#2571 = EDGE_CURVE ( 'NONE', #4211, #4233, #3828, .T. ) ;
#2572 = LINE ( 'NONE', #1966, #67 ) ;
#2573 = DIRECTION ( 'NONE',  ( 0.000000000000000000, -0.000000000000000000, -1.000000000000000000 ) ) ;
#2574 = CARTESIAN_POINT ( 'NONE',  ( 82.50000000000000000, 56.99999999999999289, -52.50000000000000000 ) ) ;
#2575 = DIRECTION ( 'NONE',  ( 0.000000000000000000, 1.000000000000000000, 0.000000000000000000 ) ) ;
#2576 = ORIENTED_EDGE ( 'NONE', *, *, #1912, .F. ) ;
#2577 = ORIENTED_EDGE ( 'NONE', *, *, #2847, .T. ) ;
#2578 = ORIENTED_EDGE ( 'NONE', *, *, #24, .F. ) ;
#2579 = EDGE_CURVE ( 'NONE', #177, #3942, #1832, .T. ) ;
#2580 = ORIENTED_EDGE ( 'NONE', *, *, #2656, .F. ) ;
#2581 = CARTESIAN_POINT ( 'NONE',  ( 100.0000000000000000, 33.00000000000000000, -4.999999999999997335 ) ) ;
#2582 = ORIENTED_EDGE ( 'NONE', *, *, #4330, .F. ) ;
#2583 = VERTEX_POINT ( 'NONE', #1852 ) ;
#2584 = DIRECTION ( 'NONE',  ( -0.000000000000000000, -1.000000000000000000, 0.000000000000000000 ) ) ;
#2585 = LINE ( 'NONE', #247, #4125 ) ;
#2586 = ORIENTED_EDGE ( 'NONE', *, *, #2382, .T. ) ;
#2587 = VECTOR ( 'NONE', #3567, 1000.000000000000000 ) ;
#2588 = DIRECTION ( 'NONE',  ( 0.000000000000000000, -0.000000000000000000, -1.000000000000000000 ) ) ;
#2589 = CARTESIAN_POINT ( 'NONE',  ( 86.56000000000001648, 48.25999999999999801, -57.75000000000000000 ) ) ;
#2590 = LINE ( 'NONE', #273, #3960 ) ;
#2591 = CARTESIAN_POINT ( 'NONE',  ( 100.0000000000000000, 40.00000000000000000, 0.000000000000000000 ) ) ;
#2592 = FACE_OUTER_BOUND ( 'NONE', #1173, .T. ) ;
#2593 = VECTOR ( 'NONE', #2261, 1000.000000000000000 ) ;
#2594 = DIRECTION ( 'NONE',  ( -1.156482317317871478E-16, 0.000000000000000000, -1.000000000000000000 ) ) ;
#2595 = EDGE_CURVE ( 'NONE', #2142, #2016, #4220, .T. ) ;
#2596 = CIRCLE ( 'NONE', #532, 10.00000000000000533 ) ;
#2597 = LINE ( 'NONE', #3649, #2892 ) ;
#2598 = AXIS2_PLACEMENT_3D ( 'NONE', #4323, #3426, #519 ) ;
#2599 = VERTEX_POINT ( 'NONE', #848 ) ;
#2600 = ORIENTED_EDGE ( 'NONE', *, *, #3888, .F. ) ;
#2601 = EDGE_LOOP ( 'NONE', ( #1078, #4219, #3092, #19, #1053, #455, #2563, #3530 ) ) ;
#2602 = LINE ( 'NONE', #2893, #918 ) ;
#2603 = EDGE_LOOP ( 'NONE', ( #2740, #3734, #3544, #3403 ) ) ;
#2604 = AXIS2_PLACEMENT_3D ( 'NONE', #3637, #4262, #1314 ) ;
#2605 = ORIENTED_EDGE ( 'NONE', *, *, #1406, .F. ) ;
#2606 = AXIS2_PLACEMENT_3D ( 'NONE', #397, #1062, #3833 ) ;
#2607 = DIRECTION ( 'NONE',  ( 0.000000000000000000, 0.000000000000000000, 1.000000000000000000 ) ) ;
#2608 = DIRECTION ( 'NONE',  ( -0.000000000000000000, 1.000000000000000000, -0.000000000000000000 ) ) ;
#2609 = EDGE_LOOP ( 'NONE', ( #1782, #863, #3329, #1888 ) ) ;
#2610 = EDGE_CURVE ( 'NONE', #1025, #4131, #251, .T. ) ;
#2611 = ADVANCED_FACE ( 'NONE', ( #3208, #2207 ), #3226, .F. ) ;
#2612 = CARTESIAN_POINT ( 'NONE',  ( 100.0000000000000000, 33.00000000000000000, -55.00000000000000000 ) ) ;
#2613 = LINE ( 'NONE', #1580, #2666 ) ;
#2614 = DIRECTION ( 'NONE',  ( -1.000000000000000000, -0.000000000000000000, -0.000000000000000000 ) ) ;
#2615 = DIRECTION ( 'NONE',  ( 1.000000000000000000, 0.000000000000000000, 0.000000000000000000 ) ) ;
#2616 = VECTOR ( 'NONE', #2333, 1000.000000000000000 ) ;
#2617 = FACE_OUTER_BOUND ( 'NONE', #1220, .T. ) ;
#2618 = CARTESIAN_POINT ( 'NONE',  ( 92.50000000000000000, 33.00000000000000000, -7.499999999999996447 ) ) ;
#2619 = LINE ( 'NONE', #2640, #545 ) ;
#2620 = EDGE_LOOP ( 'NONE', ( #2165, #2002 ) ) ;
#2621 = EDGE_LOOP ( 'NONE', ( #1800, #626, #3068, #3513 ) ) ;
#2622 = ORIENTED_EDGE ( 'NONE', *, *, #2427, .F. ) ;
#2623 = VECTOR ( 'NONE', #296, 1000.000000000000000 ) ;
#2624 = LINE ( 'NONE', #2223, #2341 ) ;
#2625 = ORIENTED_EDGE ( 'NONE', *, *, #4085, .T. ) ;
#2626 = AXIS2_PLACEMENT_3D ( 'NONE', #2880, #4224, #1185 ) ;
#2627 = ORIENTED_EDGE ( 'NONE', *, *, #1281, .T. ) ;
#2628 = VECTOR ( 'NONE', #1802, 1000.000000000000000 ) ;
#2629 = ORIENTED_EDGE ( 'NONE', *, *, #1457, .T. ) ;
#2630 = DIRECTION ( 'NONE',  ( 2.891205793294678819E-16, 0.000000000000000000, 1.000000000000000000 ) ) ;
#2631 = LINE ( 'NONE', #3292, #220 ) ;
#2632 = ORIENTED_EDGE ( 'NONE', *, *, #1376, .T. ) ;
#2633 = LINE ( 'NONE', #2297, #846 ) ;
#2634 = DIRECTION ( 'NONE',  ( -0.000000000000000000, 1.000000000000000000, 0.000000000000000000 ) ) ;
#2635 = DIRECTION ( 'NONE',  ( 0.000000000000000000, 0.000000000000000000, 1.000000000000000000 ) ) ;
#2636 = CARTESIAN_POINT ( 'NONE',  ( 92.50000000000001421, 56.99999999999999289, -52.50000000000000000 ) ) ;
#2637 = AXIS2_PLACEMENT_3D ( 'NONE', #727, #1773, #2798 ) ;
#2638 = CARTESIAN_POINT ( 'NONE',  ( 10.05000000000001137, 48.25999999999999801, -57.74999999999997868 ) ) ;
#2639 = LINE ( 'NONE', #990, #3449 ) ;
#2640 = CARTESIAN_POINT ( 'NONE',  ( 0.000000000000000000, 48.25000000000000000, -8.389999999999995239 ) ) ;
#2641 = ORIENTED_EDGE ( 'NONE', *, *, #174, .T. ) ;
#2642 = VERTEX_POINT ( 'NONE', #1793 ) ;
#2643 = ORIENTED_EDGE ( 'NONE', *, *, #3764, .T. ) ;
#2644 = ADVANCED_FACE ( 'NONE', ( #452 ), #181, .T. ) ;
#2645 = CARTESIAN_POINT ( 'NONE',  ( 100.0000000000000000, 48.25000000000000000, -11.74999999999999645 ) ) ;
#2646 = VERTEX_POINT ( 'NONE', #830 ) ;
#2647 = VERTEX_POINT ( 'NONE', #1202 ) ;
#2648 = EDGE_CURVE ( 'NONE', #1269, #2907, #3185, .T. ) ;
#2649 = FACE_OUTER_BOUND ( 'NONE', #3631, .T. ) ;
#2650 = DIRECTION ( 'NONE',  ( 0.000000000000000000, 0.000000000000000000, 1.000000000000000000 ) ) ;
#2651 = CARTESIAN_POINT ( 'NONE',  ( 88.26000000000000512, 48.25999999999999801, 1.734723475976807883E-15 ) ) ;
#2652 = VERTEX_POINT ( 'NONE', #2565 ) ;
#2653 = DIRECTION ( 'NONE',  ( 0.000000000000000000, -0.000000000000000000, -1.000000000000000000 ) ) ;
#2654 = CARTESIAN_POINT ( 'NONE',  ( 13.44999999999998863, 48.25999999999999801, -58.33999999999997499 ) ) ;
#2655 = DIRECTION ( 'NONE',  ( -0.000000000000000000, 1.000000000000000000, -0.000000000000000000 ) ) ;
#2656 = EDGE_CURVE ( 'NONE', #3880, #3942, #3570, .T. ) ;
#2657 = DIRECTION ( 'NONE',  ( 0.000000000000000000, 0.000000000000000000, 1.000000000000000000 ) ) ;
#2658 = CARTESIAN_POINT ( 'NONE',  ( 94.75000000000000000, 52.50000000000000000, -7.499999999999993783 ) ) ;
#2659 = AXIS2_PLACEMENT_3D ( 'NONE', #3511, #807, #845 ) ;
#2660 = CARTESIAN_POINT ( 'NONE',  ( 92.50000000000001421, 56.99999999999999289, -42.49999999999999289 ) ) ;
#2661 = CARTESIAN_POINT ( 'NONE',  ( 92.50000000000000000, 40.00000000000000000, -60.00000000000000000 ) ) ;
#2662 = DIRECTION ( 'NONE',  ( 0.000000000000000000, 0.000000000000000000, -1.000000000000000000 ) ) ;
#2663 = ORIENTED_EDGE ( 'NONE', *, *, #826, .T. ) ;
#2664 = ORIENTED_EDGE ( 'NONE', *, *, #3031, .T. ) ;
#2665 = ORIENTED_EDGE ( 'NONE', *, *, #1166, .F. ) ;
#2666 = VECTOR ( 'NONE', #2277, 1000.000000000000114 ) ;
#2667 = SURFACE_STYLE_USAGE ( .BOTH. , #3024 ) ;
#2668 = ORIENTED_EDGE ( 'NONE', *, *, #4140, .F. ) ;
#2669 = EDGE_LOOP ( 'NONE', ( #1478, #2643, #1493, #3020 ) ) ;
#2670 = ORIENTED_EDGE ( 'NONE', *, *, #2088, .T. ) ;
#2671 = CARTESIAN_POINT ( 'NONE',  ( 0.000000000000000000, 48.24999999999999289, -48.25999999999999801 ) ) ;
#2672 = CARTESIAN_POINT ( 'NONE',  ( 6.500000000000001776, 40.00000000000000000, -1.879283765641541282E-15 ) ) ;
#2673 = LINE ( 'NONE', #981, #3621 ) ;
#2674 = CONICAL_SURFACE ( 'NONE', #1757, 3.360000000000002096, 0.7853981633974482790 ) ;
#2675 = ORIENTED_EDGE ( 'NONE', *, *, #2553, .T. ) ;
#2676 = DIRECTION ( 'NONE',  ( -0.000000000000000000, 1.000000000000000000, -0.000000000000000000 ) ) ;
#2677 = DIRECTION ( 'NONE',  ( -0.000000000000000000, 1.000000000000000000, 0.000000000000000000 ) ) ;
#2678 = ADVANCED_FACE ( 'NONE', ( #2816 ), #2483, .T. ) ;
#2679 = CIRCLE ( 'NONE', #2606, 1.700000000000000178 ) ;
#2680 = CARTESIAN_POINT ( 'NONE',  ( 88.26000000000001933, 56.99999999999999289, -11.74000000000000199 ) ) ;
#2681 = DIRECTION ( 'NONE',  ( -1.000000000000000000, -0.000000000000000000, -0.000000000000000000 ) ) ;
#2682 = DIRECTION ( 'NONE',  ( 0.000000000000000000, -1.000000000000000000, 0.000000000000000000 ) ) ;
#2683 = DIRECTION ( 'NONE',  ( -0.000000000000000000, 0.000000000000000000, 1.000000000000000000 ) ) ;
#2684 = CARTESIAN_POINT ( 'NONE',  ( 92.50000000000000000, 2.999999999999995559, -57.75000000000000000 ) ) ;
#2685 = ADVANCED_FACE ( 'NONE', ( #1141 ), #2745, .F. ) ;
#2686 = CARTESIAN_POINT ( 'NONE',  ( 100.0000000000000000, 48.24999999999999289, -48.25999999999999801 ) ) ;
#2687 = EDGE_LOOP ( 'NONE', ( #596, #3351, #1341, #2045 ) ) ;
#2688 = ORIENTED_EDGE ( 'NONE', *, *, #92, .T. ) ;
#2689 = EDGE_CURVE ( 'NONE', #1305, #1514, #2189, .T. ) ;
#2690 = ORIENTED_EDGE ( 'NONE', *, *, #2116, .F. ) ;
#2691 = DIRECTION ( 'NONE',  ( -1.000000000000000000, 0.000000000000000000, 2.891205793294678819E-16 ) ) ;
#2692 = ORIENTED_EDGE ( 'NONE', *, *, #927, .F. ) ;
#2693 = CIRCLE ( 'NONE', #4392, 1.700000000000000178 ) ;
#2694 = EDGE_LOOP ( 'NONE', ( #411, #2501, #3352, #1382 ) ) ;
#2695 = CARTESIAN_POINT ( 'NONE',  ( 100.0000000000000000, 48.25000000000000000, -8.389999999999995239 ) ) ;
#2696 = CARTESIAN_POINT ( 'NONE',  ( 7.500000000000000000, 36.20000000000000995, -5.000000000000039080 ) ) ;
#2697 = AXIS2_PLACEMENT_3D ( 'NONE', #703, #3811, #4387 ) ;
#2698 = DIRECTION ( 'NONE',  ( 1.000000000000000000, 0.000000000000000000, 0.000000000000000000 ) ) ;
#2699 = ORIENTED_EDGE ( 'NONE', *, *, #119, .T. ) ;
#2700 = CARTESIAN_POINT ( 'NONE',  ( 7.500000000000000000, 8.095376221225100300E-15, -52.50000000000000000 ) ) ;
#2701 = CARTESIAN_POINT ( 'NONE',  ( 11.75000000000000000, 56.99999999999999289, -49.94999999999999574 ) ) ;
#2702 = DIRECTION ( 'NONE',  ( 0.000000000000000000, -0.000000000000000000, -1.000000000000000000 ) ) ;
#2703 = DIRECTION ( 'NONE',  ( -0.000000000000000000, 1.000000000000000000, -0.000000000000000000 ) ) ;
#2704 = CARTESIAN_POINT ( 'NONE',  ( 7.500000000000000000, 1.011922027653137735E-15, -7.500000000000000888 ) ) ;
#2705 = CARTESIAN_POINT ( 'NONE',  ( 11.75000000000000000, 54.00000000000000000, -49.95000000000000284 ) ) ;
#2706 = CARTESIAN_POINT ( 'NONE',  ( 88.26000000000001933, 54.00000000000000000, -48.25000000000000000 ) ) ;
#2707 = EDGE_CURVE ( 'NONE', #2907, #1574, #141, .T. ) ;
#2708 = EDGE_CURVE ( 'NONE', #2094, #358, #3533, .T. ) ;
#2709 = DIRECTION ( 'NONE',  ( -1.000000000000000000, 0.000000000000000000, 0.000000000000000000 ) ) ;
#2710 = AXIS2_PLACEMENT_3D ( 'NONE', #3595, #888, #3975 ) ;
#2711 = VERTEX_POINT ( 'NONE', #624 ) ;
#2712 = EDGE_CURVE ( 'NONE', #2436, #1523, #538, .T. ) ;
#2713 = CARTESIAN_POINT ( 'NONE',  ( 7.500000000000001776, 54.00000000000000000, -42.49999999999999289 ) ) ;
#2714 = ORIENTED_EDGE ( 'NONE', *, *, #1496, .F. ) ;
#2715 = CIRCLE ( 'NONE', #3424, 10.00000000000000178 ) ;
#2716 = VECTOR ( 'NONE', #128, 1000.000000000000000 ) ;
#2717 = CARTESIAN_POINT ( 'NONE',  ( 5.250000000000000888, 32.99999999999999289, -53.50000000000000000 ) ) ;
#2718 = ADVANCED_FACE ( 'NONE', ( #936 ), #3594, .T. ) ;
#2719 = ORIENTED_EDGE ( 'NONE', *, *, #2088, .F. ) ;
#2720 = ORIENTED_EDGE ( 'NONE', *, *, #1725, .T. ) ;
#2721 = PLANE ( 'NONE',  #209 ) ;
#2722 = DIRECTION ( 'NONE',  ( 0.000000000000000000, 0.000000000000000000, -1.000000000000000000 ) ) ;
#2723 = LINE ( 'NONE', #3142, #12 ) ;
#2724 = EDGE_LOOP ( 'NONE', ( #2814, #3918, #2025, #2030 ) ) ;
#2725 = PLANE ( 'NONE',  #3565 ) ;
#2726 = DIRECTION ( 'NONE',  ( 1.000000000000000000, 0.000000000000000000, 0.000000000000000000 ) ) ;
#2727 = CARTESIAN_POINT ( 'NONE',  ( 93.50000000000000000, 40.00000000000000000, 0.000000000000000000 ) ) ;
#2728 = CARTESIAN_POINT ( 'NONE',  ( 92.50000000000000000, -1.141265444721593569E-15, -5.000000000000030198 ) ) ;
#2729 = CARTESIAN_POINT ( 'NONE',  ( 91.62000000000000455, 48.25999999999999801, -60.00000000000000000 ) ) ;
#2730 = DIRECTION ( 'NONE',  ( -0.000000000000000000, -0.000000000000000000, 1.000000000000000000 ) ) ;
#2731 = DIRECTION ( 'NONE',  ( -0.000000000000000000, 1.000000000000000000, -0.000000000000000000 ) ) ;
#2732 = DIRECTION ( 'NONE',  ( 0.000000000000000000, 0.000000000000000000, 1.000000000000000000 ) ) ;
#2733 = ORIENTED_EDGE ( 'NONE', *, *, #2847, .F. ) ;
#2734 = ORIENTED_EDGE ( 'NONE', *, *, #2140, .T. ) ;
#2735 = ORIENTED_EDGE ( 'NONE', *, *, #2427, .T. ) ;
#2736 = AXIS2_PLACEMENT_3D ( 'NONE', #2834, #2812, #2127 ) ;
#2737 = EDGE_CURVE ( 'NONE', #1638, #2556, #473, .T. ) ;
#2738 = EDGE_CURVE ( 'NONE', #1256, #3524, #1646, .T. ) ;
#2739 = CYLINDRICAL_SURFACE ( 'NONE', #3023, 1.700000000000000178 ) ;
#2740 = ORIENTED_EDGE ( 'NONE', *, *, #3679, .F. ) ;
#2741 = EDGE_LOOP ( 'NONE', ( #1792, #3608 ) ) ;
#2742 = DIRECTION ( 'NONE',  ( 1.000000000000000000, 0.000000000000000000, 0.000000000000000000 ) ) ;
#2743 = DIRECTION ( 'NONE',  ( -1.000000000000000000, 0.000000000000000000, -0.000000000000000000 ) ) ;
#2744 = CARTESIAN_POINT ( 'NONE',  ( 0.000000000000000000, 48.25000000000000000, -13.44999999999999751 ) ) ;
#2745 = CONICAL_SURFACE ( 'NONE', #3575, 3.360000000000000320, 0.7853981633974446153 ) ;
#2746 = ORIENTED_EDGE ( 'NONE', *, *, #1337, .F. ) ;
#2747 = AXIS2_PLACEMENT_3D ( 'NONE', #402, #500, #834 ) ;
#2748 = DIRECTION ( 'NONE',  ( -1.000000000000000000, -0.000000000000000000, -0.000000000000000000 ) ) ;
#2749 = PLANE ( 'NONE',  #436 ) ;
#2750 = DIRECTION ( 'NONE',  ( 1.196361017915039239E-16, -1.000000000000000000, 0.000000000000000000 ) ) ;
#2751 = PLANE ( 'NONE',  #3475 ) ;
#2752 = EDGE_CURVE ( 'NONE', #355, #4371, #542, .T. ) ;
#2753 = DIRECTION ( 'NONE',  ( 2.891205793294678326E-16, 0.000000000000000000, 1.000000000000000000 ) ) ;
#2754 = ADVANCED_FACE ( 'NONE', ( #4306 ), #1915, .T. ) ;
#2755 = CARTESIAN_POINT ( 'NONE',  ( 2.250000000000001332, 48.24999999999999289, -48.25999999999999801 ) ) ;
#2756 = CARTESIAN_POINT ( 'NONE',  ( 88.26000000000001933, 56.99999999999999289, -11.74000000000000199 ) ) ;
#2757 = VECTOR ( 'NONE', #693, 1000.000000000000000 ) ;
#2758 = AXIS2_PLACEMENT_3D ( 'NONE', #2905, #2217, #4170 ) ;
#2759 = CARTESIAN_POINT ( 'NONE',  ( 5.250000000000007994, 33.00000000000015632, -8.394492990797381147E-14 ) ) ;
#2760 = ORIENTED_EDGE ( 'NONE', *, *, #2882, .T. ) ;
#2761 = ORIENTED_EDGE ( 'NONE', *, *, #2458, .T. ) ;
#2762 = CARTESIAN_POINT ( 'NONE',  ( 11.75000000000000711, 56.99999999999999289, -10.04000000000000625 ) ) ;
#2763 = ORIENTED_EDGE ( 'NONE', *, *, #1823, .F. ) ;
#2764 = ORIENTED_EDGE ( 'NONE', *, *, #2488, .T. ) ;
#2765 = CARTESIAN_POINT ( 'NONE',  ( 97.75000000000000000, 33.00000000000000711, -52.49999999999999289 ) ) ;
#2766 = DIRECTION ( 'NONE',  ( -1.000000000000000000, 0.000000000000000000, 0.000000000000000000 ) ) ;
#2767 = DIRECTION ( 'NONE',  ( -1.000000000000000000, 0.000000000000000000, 0.000000000000000000 ) ) ;
#2768 = ORIENTED_EDGE ( 'NONE', *, *, #869, .F. ) ;
#2769 = CARTESIAN_POINT ( 'NONE',  ( 7.500000000000000000, 1.011922027653137735E-15, -7.500000000000000888 ) ) ;
#2770 = ORIENTED_EDGE ( 'NONE', *, *, #1795, .T. ) ;
#2771 = ADVANCED_FACE ( 'NONE', ( #1893 ), #1555, .T. ) ;
#2772 = DIRECTION ( 'NONE',  ( -0.000000000000000000, -0.000000000000000000, -1.000000000000000000 ) ) ;
#2773 = FACE_OUTER_BOUND ( 'NONE', #2296, .T. ) ;
#2774 = CARTESIAN_POINT ( 'NONE',  ( 93.50000000000000000, 22.54526833265050101, -40.57968045882832797 ) ) ;
#2775 = AXIS2_PLACEMENT_3D ( 'NONE', #2276, #2588, #3928 ) ;
#2776 = LINE ( 'NONE', #4386, #4150 ) ;
#2777 = DIRECTION ( 'NONE',  ( 0.000000000000000000, -0.000000000000000000, 1.000000000000000000 ) ) ;
#2778 = CARTESIAN_POINT ( 'NONE',  ( 82.50000000000000000, 52.50000000000000000, -60.00000000000000000 ) ) ;
#2779 = ORIENTED_EDGE ( 'NONE', *, *, #4060, .F. ) ;
#2780 = VECTOR ( 'NONE', #2824, 1000.000000000000000 ) ;
#2781 = VERTEX_POINT ( 'NONE', #3663 ) ;
#2782 = DIRECTION ( 'NONE',  ( -1.156482317317871478E-16, 0.000000000000000000, -1.000000000000000000 ) ) ;
#2783 = VERTEX_POINT ( 'NONE', #3271 ) ;
#2784 = ADVANCED_FACE ( 'NONE', ( #1267 ), #1576, .F. ) ;
#2785 = AXIS2_PLACEMENT_3D ( 'NONE', #590, #4026, #1609 ) ;
#2786 = EDGE_CURVE ( 'NONE', #1390, #1475, #203, .T. ) ;
#2787 = CIRCLE ( 'NONE', #3016, 10.00000000000000533 ) ;
#2788 = DIRECTION ( 'NONE',  ( 1.000000000000000000, 0.000000000000000000, 0.000000000000000000 ) ) ;
#2789 = DIRECTION ( 'NONE',  ( -0.000000000000000000, -0.000000000000000000, -1.000000000000000000 ) ) ;
#2790 = PLANE ( 'NONE',  #1213 ) ;
#2791 = ORIENTED_EDGE ( 'NONE', *, *, #972, .F. ) ;
#2792 = EDGE_CURVE ( 'NONE', #3156, #1523, #1291, .T. ) ;
#2793 = FACE_OUTER_BOUND ( 'NONE', #3858, .T. ) ;
#2794 = EDGE_CURVE ( 'NONE', #3706, #2910, #2248, .T. ) ;
#2795 = ORIENTED_EDGE ( 'NONE', *, *, #4181, .F. ) ;
#2796 = CARTESIAN_POINT ( 'NONE',  ( 0.000000000000000000, 40.00000000000000000, -54.99999999999995737 ) ) ;
#2797 = DIRECTION ( 'NONE',  ( 1.000000000000000000, 0.000000000000000000, 0.000000000000000000 ) ) ;
#2798 = DIRECTION ( 'NONE',  ( 0.000000000000000000, 0.000000000000000000, -1.000000000000000000 ) ) ;
#2799 = CYLINDRICAL_SURFACE ( 'NONE', #132, 1.700000000000000178 ) ;
#2800 = DIRECTION ( 'NONE',  ( 0.000000000000000000, 0.000000000000000000, -1.000000000000000000 ) ) ;
#2801 = CARTESIAN_POINT ( 'NONE',  ( 92.50000000000000000, 33.00000000000000000, -7.499999999999996447 ) ) ;
#2802 = ORIENTED_EDGE ( 'NONE', *, *, #3169, .F. ) ;
#2803 = VERTEX_POINT ( 'NONE', #911 ) ;
#2804 = VECTOR ( 'NONE', #2748, 1000.000000000000000 ) ;
#2805 = EDGE_LOOP ( 'NONE', ( #537, #420, #2163, #2577 ) ) ;
#2806 = DIRECTION ( 'NONE',  ( 0.000000000000000000, 0.000000000000000000, 1.000000000000000000 ) ) ;
#2807 = DIRECTION ( 'NONE',  ( -0.000000000000000000, 1.000000000000000000, -0.000000000000000000 ) ) ;
#2808 = CIRCLE ( 'NONE', #4305, 3.360000000000002096 ) ;
#2809 = DIRECTION ( 'NONE',  ( -2.952720810173289112E-16, 0.000000000000000000, 1.000000000000000000 ) ) ;
#2810 = VERTEX_POINT ( 'NONE', #226 ) ;
#2811 = VECTOR ( 'NONE', #1522, 1000.000000000000000 ) ;
#2812 = DIRECTION ( 'NONE',  ( -0.000000000000000000, -0.000000000000000000, 1.000000000000000000 ) ) ;
#2813 = EDGE_CURVE ( 'NONE', #463, #2873, #3993, .T. ) ;
#2814 = ORIENTED_EDGE ( 'NONE', *, *, #3615, .F. ) ;
#2815 = VECTOR ( 'NONE', #1160, 1000.000000000000000 ) ;
#2816 = FACE_OUTER_BOUND ( 'NONE', #3264, .T. ) ;
#2817 = VECTOR ( 'NONE', #1405, 1000.000000000000000 ) ;
#2818 = DIRECTION ( 'NONE',  ( 1.196361017915039239E-16, -1.000000000000000000, -2.862559370373418440E-32 ) ) ;
#2819 = ORIENTED_EDGE ( 'NONE', *, *, #2303, .T. ) ;
#2820 = EDGE_CURVE ( 'NONE', #1716, #4183, #603, .T. ) ;
#2821 = DIRECTION ( 'NONE',  ( 0.000000000000000000, 0.000000000000000000, -1.000000000000000000 ) ) ;
#2822 = DIRECTION ( 'NONE',  ( -0.000000000000000000, 1.000000000000000000, -0.000000000000000000 ) ) ;
#2823 = VECTOR ( 'NONE', #2080, 1000.000000000000114 ) ;
#2824 = DIRECTION ( 'NONE',  ( -0.000000000000000000, -1.000000000000000000, -0.000000000000000000 ) ) ;
#2825 = ORIENTED_EDGE ( 'NONE', *, *, #2481, .T. ) ;
#2826 = EDGE_CURVE ( 'NONE', #68, #3094, #4282, .T. ) ;
#2827 = AXIS2_PLACEMENT_3D ( 'NONE', #753, #1815, #18 ) ;
#2828 = VERTEX_POINT ( 'NONE', #3617 ) ;
#2829 = ORIENTED_EDGE ( 'NONE', *, *, #1068, .F. ) ;
#2830 = CARTESIAN_POINT ( 'NONE',  ( 10.05000000000001137, 48.25999999999999801, -60.00000000000000000 ) ) ;
#2831 = CARTESIAN_POINT ( 'NONE',  ( 88.26000000000001933, 56.99999999999999289, -48.25000000000000000 ) ) ;
#2832 = VECTOR ( 'NONE', #3047, 1000.000000000000000 ) ;
#2833 = ORIENTED_EDGE ( 'NONE', *, *, #1302, .T. ) ;
#2834 = CARTESIAN_POINT ( 'NONE',  ( 11.75000000000000000, 48.25999999999999801, 0.000000000000000000 ) ) ;
#2835 = ORIENTED_EDGE ( 'NONE', *, *, #2516, .F. ) ;
#2836 = CARTESIAN_POINT ( 'NONE',  ( 0.000000000000000000, 52.50000000000000000, 0.000000000000000000 ) ) ;
#2837 = DIRECTION ( 'NONE',  ( 0.000000000000000000, 2.775557561562888984E-15, 1.000000000000000000 ) ) ;
#2838 = EDGE_LOOP ( 'NONE', ( #3676, #472, #3824, #3609 ) ) ;
#2839 = EDGE_CURVE ( 'NONE', #102, #1009, #3108, .T. ) ;
#2840 = CARTESIAN_POINT ( 'NONE',  ( 88.26000000000000512, 48.25999999999999801, 0.000000000000000000 ) ) ;
#2841 = AXIS2_PLACEMENT_3D ( 'NONE', #3932, #4247, #1944 ) ;
#2842 = DIRECTION ( 'NONE',  ( 0.000000000000000000, -1.000000000000000000, 0.000000000000000000 ) ) ;
#2843 = LINE ( 'NONE', #1878, #3199 ) ;
#2844 = DIRECTION ( 'NONE',  ( 0.000000000000000000, -1.000000000000000000, -1.541976423090495387E-16 ) ) ;
#2845 = ORIENTED_EDGE ( 'NONE', *, *, #3788, .F. ) ;
#2846 = CIRCLE ( 'NONE', #3411, 1.700000000000000178 ) ;
#2847 = EDGE_CURVE ( 'NONE', #2470, #30, #1600, .T. ) ;
#2848 = ADVANCED_FACE ( 'NONE', ( #2314 ), #737, .F. ) ;
#2849 = ADVANCED_FACE ( 'NONE', ( #2101 ), #3028, .F. ) ;
#2850 = ORIENTED_EDGE ( 'NONE', *, *, #3642, .F. ) ;
#2851 = ADVANCED_FACE ( 'NONE', ( #2052 ), #3757, .T. ) ;
#2852 = LINE ( 'NONE', #1784, #2423 ) ;
#2853 = DIRECTION ( 'NONE',  ( 0.000000000000000000, 6.938893903907222461E-16, -1.000000000000000000 ) ) ;
#2854 = VECTOR ( 'NONE', #4361, 1000.000000000000000 ) ;
#2855 = ORIENTED_EDGE ( 'NONE', *, *, #1127, .T. ) ;
#2856 = FACE_OUTER_BOUND ( 'NONE', #3427, .T. ) ;
#2857 = CIRCLE ( 'NONE', #930, 10.00000000000000178 ) ;
#2858 = VECTOR ( 'NONE', #896, 1000.000000000000000 ) ;
#2859 = ORIENTED_EDGE ( 'NONE', *, *, #2595, .F. ) ;
#2860 = LINE ( 'NONE', #2836, #2178 ) ;
#2861 = LINE ( 'NONE', #1477, #2564 ) ;
#2862 = ORIENTED_EDGE ( 'NONE', *, *, #1914, .F. ) ;
#2863 = CARTESIAN_POINT ( 'NONE',  ( 92.50000000000000000, 33.00000000000000711, -52.49999999999999289 ) ) ;
#2864 = CYLINDRICAL_SURFACE ( 'NONE', #1958, 10.00000000000000888 ) ;
#2865 = DIRECTION ( 'NONE',  ( 1.000000000000000000, -0.000000000000000000, -0.000000000000000000 ) ) ;
#2866 = CARTESIAN_POINT ( 'NONE',  ( 89.95999999999999375, 48.25999999999999801, 0.000000000000000000 ) ) ;
#2867 = DIRECTION ( 'NONE',  ( 1.000000000000000000, 0.000000000000000000, 0.000000000000000000 ) ) ;
#2868 = VERTEX_POINT ( 'NONE', #4377 ) ;
#2869 = EDGE_CURVE ( 'NONE', #1475, #838, #3096, .T. ) ;
#2870 = ORIENTED_EDGE ( 'NONE', *, *, #3500, .T. ) ;
#2871 = ADVANCED_FACE ( 'NONE', ( #336 ), #2674, .F. ) ;
#2872 = DIRECTION ( 'NONE',  ( -0.000000000000000000, -1.000000000000000000, -0.000000000000000000 ) ) ;
#2873 = VERTEX_POINT ( 'NONE', #4111 ) ;
#2874 = LINE ( 'NONE', #3864, #3220 ) ;
#2875 = ORIENTED_EDGE ( 'NONE', *, *, #3194, .T. ) ;
#2876 = LINE ( 'NONE', #3904, #4081 ) ;
#2877 = CARTESIAN_POINT ( 'NONE',  ( 88.26000000000000512, 48.25999999999999801, -57.75000000000000000 ) ) ;
#2878 = VERTEX_POINT ( 'NONE', #2434 ) ;
#2879 = EDGE_CURVE ( 'NONE', #1289, #4058, #2004, .T. ) ;
#2880 = CARTESIAN_POINT ( 'NONE',  ( 0.000000000000000000, 60.00000000000000000, 0.000000000000000000 ) ) ;
#2881 = VECTOR ( 'NONE', #2655, 1000.000000000000000 ) ;
#2882 = EDGE_CURVE ( 'NONE', #2117, #3806, #51, .T. ) ;
#2883 = EDGE_CURVE ( 'NONE', #2075, #982, #1764, .T. ) ;
#2884 = LINE ( 'NONE', #3114, #1755 ) ;
#2885 = DIRECTION ( 'NONE',  ( 0.000000000000000000, 0.000000000000000000, -1.000000000000000000 ) ) ;
#2886 = DIRECTION ( 'NONE',  ( 0.7071067811865449082, 0.000000000000000000, 0.7071067811865501263 ) ) ;
#2887 = CARTESIAN_POINT ( 'NONE',  ( 100.0000000000000000, 48.25000000000000000, -11.74999999999999645 ) ) ;
#2888 = ORIENTED_EDGE ( 'NONE', *, *, #53, .F. ) ;
#2889 = AXIS2_PLACEMENT_3D ( 'NONE', #584, #1937, #955 ) ;
#2890 = EDGE_LOOP ( 'NONE', ( #1546, #2976, #4325, #1044 ) ) ;
#2891 = ORIENTED_EDGE ( 'NONE', *, *, #1035, .T. ) ;
#2892 = VECTOR ( 'NONE', #994, 1000.000000000000000 ) ;
#2893 = CARTESIAN_POINT ( 'NONE',  ( 6.500000000000000888, 2.999999999999995559, -57.00000000000000000 ) ) ;
#2894 = ORIENTED_EDGE ( 'NONE', *, *, #4075, .F. ) ;
#2895 = EDGE_CURVE ( 'NONE', #2117, #201, #1339, .T. ) ;
#2896 = LINE ( 'NONE', #162, #814 ) ;
#2897 = VERTEX_POINT ( 'NONE', #3358 ) ;
#2898 = CARTESIAN_POINT ( 'NONE',  ( 0.000000000000000000, 52.50000000000000000, -60.00000000000000000 ) ) ;
#2899 = CARTESIAN_POINT ( 'NONE',  ( 88.26000000000001933, 56.99999999999999289, -49.94999999999999574 ) ) ;
#2900 = ORIENTED_EDGE ( 'NONE', *, *, #1940, .T. ) ;
#2901 = PLANE ( 'NONE',  #1629 ) ;
#2902 = EDGE_CURVE ( 'NONE', #1246, #2599, #2385, .T. ) ;
#2903 = DIRECTION ( 'NONE',  ( 1.000000000000000000, 0.000000000000000000, -0.000000000000000000 ) ) ;
#2904 = DIRECTION ( 'NONE',  ( 0.000000000000000000, 6.938893903907222461E-16, -1.000000000000000000 ) ) ;
#2905 = CARTESIAN_POINT ( 'NONE',  ( 0.000000000000000000, 54.00000000000000000, 0.000000000000000000 ) ) ;
#2906 = FACE_OUTER_BOUND ( 'NONE', #4007, .T. ) ;
#2907 = VERTEX_POINT ( 'NONE', #3686 ) ;
#2908 = ORIENTED_EDGE ( 'NONE', *, *, #210, .F. ) ;
#2909 = VERTEX_POINT ( 'NONE', #311 ) ;
#2910 = VERTEX_POINT ( 'NONE', #406 ) ;
#2911 = CARTESIAN_POINT ( 'NONE',  ( 17.50000000000000355, 54.00000000000000000, -52.50000000000000000 ) ) ;
#2912 = EDGE_CURVE ( 'NONE', #4088, #756, #3709, .T. ) ;
#2913 = ORIENTED_EDGE ( 'NONE', *, *, #3719, .T. ) ;
#2914 = EDGE_CURVE ( 'NONE', #2075, #3474, #1429, .T. ) ;
#2915 = ORIENTED_EDGE ( 'NONE', *, *, #1068, .T. ) ;
#2916 = VECTOR ( 'NONE', #3008, 1000.000000000000000 ) ;
#2917 = AXIS2_PLACEMENT_3D ( 'NONE', #678, #701, #347 ) ;
#2918 = DIRECTION ( 'NONE',  ( -3.083952846180990281E-16, 0.000000000000000000, 1.000000000000000000 ) ) ;
#2919 = FACE_OUTER_BOUND ( 'NONE', #3793, .T. ) ;
#2920 = EDGE_LOOP ( 'NONE', ( #1064, #777, #1902, #3466 ) ) ;
#2921 = EDGE_CURVE ( 'NONE', #424, #2155, #4041, .T. ) ;
#2922 = VECTOR ( 'NONE', #1344, 1000.000000000000000 ) ;
#2923 = CARTESIAN_POINT ( 'NONE',  ( 0.000000000000000000, 33.00000000000000000, -53.50000000000000000 ) ) ;
#2924 = AXIS2_PLACEMENT_3D ( 'NONE', #4190, #1147, #2885 ) ;
#2925 = DIRECTION ( 'NONE',  ( 1.000000000000000000, -0.000000000000000000, 3.083952846180990774E-16 ) ) ;
#2926 = DIRECTION ( 'NONE',  ( 1.000000000000000000, 0.000000000000000000, -2.392722035830078972E-16 ) ) ;
#2927 = DIRECTION ( 'NONE',  ( 0.000000000000000000, -1.000000000000000000, 0.000000000000000000 ) ) ;
#2928 = DIRECTION ( 'NONE',  ( 1.000000000000000000, 0.000000000000000000, 0.000000000000000000 ) ) ;
#2929 = ORIENTED_EDGE ( 'NONE', *, *, #3171, .T. ) ;
#2930 = DIRECTION ( 'NONE',  ( -0.000000000000000000, 1.000000000000000000, -0.000000000000000000 ) ) ;
#2931 = ORIENTED_EDGE ( 'NONE', *, *, #1178, .T. ) ;
#2932 = ORIENTED_EDGE ( 'NONE', *, *, #618, .T. ) ;
#2933 = ORIENTED_EDGE ( 'NONE', *, *, #1265, .T. ) ;
#2934 = EDGE_CURVE ( 'NONE', #4034, #3263, #2183, .T. ) ;
#2935 = CARTESIAN_POINT ( 'NONE',  ( 1.121588454295349287E-17, 60.00000000000000000, -2.249999999999999556 ) ) ;
#2936 = EDGE_CURVE ( 'NONE', #2436, #2561, #4133, .T. ) ;
#2937 = ORIENTED_EDGE ( 'NONE', *, *, #3724, .T. ) ;
#2938 = ORIENTED_EDGE ( 'NONE', *, *, #4252, .T. ) ;
#2939 = CARTESIAN_POINT ( 'NONE',  ( 7.500000000000006217, 2.999999999999996447, -5.249999999999999112 ) ) ;
#2940 = DIRECTION ( 'NONE',  ( -1.000000000000000000, 0.000000000000000000, 0.000000000000000000 ) ) ;
#2941 = ORIENTED_EDGE ( 'NONE', *, *, #1992, .F. ) ;
#2942 = EDGE_CURVE ( 'NONE', #3467, #173, #4064, .T. ) ;
#2943 = FACE_OUTER_BOUND ( 'NONE', #1485, .T. ) ;
#2944 = CYLINDRICAL_SURFACE ( 'NONE', #2175, 1.699999999999993072 ) ;
#2945 = DIRECTION ( 'NONE',  ( 0.000000000000000000, 1.000000000000000000, -0.000000000000000000 ) ) ;
#2946 = CARTESIAN_POINT ( 'NONE',  ( 6.499999999999997335, 25.04014748054069983, -15.97910692339208438 ) ) ;
#2947 = LINE ( 'NONE', #2301, #3794 ) ;
#2948 = VECTOR ( 'NONE', #818, 1000.000000000000000 ) ;
#2949 = CARTESIAN_POINT ( 'NONE',  ( 92.50000000000001421, 56.99999999999999289, -17.50000000000000000 ) ) ;
#2950 = VECTOR ( 'NONE', #3164, 1000.000000000000000 ) ;
#2951 = DIRECTION ( 'NONE',  ( -0.000000000000000000, -0.000000000000000000, 1.000000000000000000 ) ) ;
#2952 = EDGE_LOOP ( 'NONE', ( #1045, #3702, #78, #2733 ) ) ;
#2953 = VERTEX_POINT ( 'NONE', #361 ) ;
#2954 = VECTOR ( 'NONE', #2074, 1000.000000000000000 ) ;
#2955 = ORIENTED_EDGE ( 'NONE', *, *, #1914, .T. ) ;
#2956 = DIRECTION ( 'NONE',  ( 0.000000000000000000, 1.000000000000000000, 0.000000000000000000 ) ) ;
#2957 = VERTEX_POINT ( 'NONE', #1720 ) ;
#2958 = VECTOR ( 'NONE', #268, 1000.000000000000000 ) ;
#2959 = EDGE_LOOP ( 'NONE', ( #1591, #3614 ) ) ;
#2960 = CARTESIAN_POINT ( 'NONE',  ( 97.75000000000000000, 42.49999999999999289, -52.49999999999999289 ) ) ;
#2961 = DIRECTION ( 'NONE',  ( 0.000000000000000000, 0.000000000000000000, -1.000000000000000000 ) ) ;
#2962 = ORIENTED_EDGE ( 'NONE', *, *, #3206, .T. ) ;
#2963 = CARTESIAN_POINT ( 'NONE',  ( 97.74999999999998579, 32.99999999999998579, 1.121295727663307213E-13 ) ) ;
#2964 = APPLICATION_CONTEXT ( 'automotive_design' ) ;
#2965 = CARTESIAN_POINT ( 'NONE',  ( 5.250000000000007105, 60.00000000000000000, -6.500000000000000000 ) ) ;
#2966 = DIRECTION ( 'NONE',  ( 0.000000000000000000, 0.000000000000000000, -1.000000000000000000 ) ) ;
#2967 = DIRECTION ( 'NONE',  ( 0.000000000000000000, 1.000000000000000000, 1.349229370204183433E-16 ) ) ;
#2968 = ADVANCED_FACE ( 'NONE', ( #1388 ), #3583, .F. ) ;
#2969 = CIRCLE ( 'NONE', #2259, 1.700000000000000178 ) ;
#2970 = FACE_OUTER_BOUND ( 'NONE', #1547, .T. ) ;
#2971 = PLANE ( 'NONE',  #398 ) ;
#2972 = DIRECTION ( 'NONE',  ( 1.000000000000000000, 0.000000000000000000, 4.984837574645997858E-18 ) ) ;
#2973 = EDGE_LOOP ( 'NONE', ( #526, #3168 ) ) ;
#2974 = VERTEX_POINT ( 'NONE', #3822 ) ;
#2975 = VECTOR ( 'NONE', #1521, 1000.000000000000000 ) ;
#2976 = ORIENTED_EDGE ( 'NONE', *, *, #4021, .F. ) ;
#2977 = EDGE_CURVE ( 'NONE', #1184, #3606, #116, .T. ) ;
#2978 = CARTESIAN_POINT ( 'NONE',  ( 100.0000000000000000, 48.24999999999999289, -48.25999999999999801 ) ) ;
#2979 = AXIS2_PLACEMENT_3D ( 'NONE', #2131, #433, #4054 ) ;
#2980 = VERTEX_POINT ( 'NONE', #1589 ) ;
#2981 = EDGE_CURVE ( 'NONE', #4346, #2071, #2453, .T. ) ;
#2982 = ORIENTED_EDGE ( 'NONE', *, *, #3167, .T. ) ;
#2983 = DIRECTION ( 'NONE',  ( 1.000000000000000000, 0.000000000000000000, 0.000000000000000000 ) ) ;
#2984 = CARTESIAN_POINT ( 'NONE',  ( 92.50000000000000000, 40.00000000000000000, 0.000000000000000000 ) ) ;
#2985 = FACE_OUTER_BOUND ( 'NONE', #710, .T. ) ;
#2986 = EDGE_LOOP ( 'NONE', ( #4281, #2181, #2929, #4108 ) ) ;
#2987 = DIRECTION ( 'NONE',  ( -0.000000000000000000, 0.000000000000000000, 1.000000000000000000 ) ) ;
#2988 = PLANE ( 'NONE',  #1879 ) ;
#2989 = DIRECTION ( 'NONE',  ( 0.000000000000000000, -0.000000000000000000, -1.000000000000000000 ) ) ;
#2990 = DIRECTION ( 'NONE',  ( 1.000000000000000000, -0.000000000000000000, -0.000000000000000000 ) ) ;
#2991 = VECTOR ( 'NONE', #2442, 1000.000000000000000 ) ;
#2992 = DIRECTION ( 'NONE',  ( 0.000000000000000000, 1.000000000000000000, 0.000000000000000000 ) ) ;
#2993 = LINE ( 'NONE', #1278, #1525 ) ;
#2994 = CARTESIAN_POINT ( 'NONE',  ( 6.500000000000000000, 34.45000000000000284, -57.00000000000000000 ) ) ;
#2995 = ORIENTED_EDGE ( 'NONE', *, *, #3075, .F. ) ;
#2996 = VERTEX_POINT ( 'NONE', #4157 ) ;
#2997 = ORIENTED_EDGE ( 'NONE', *, *, #2096, .T. ) ;
#2998 = PRESENTATION_STYLE_ASSIGNMENT (( #2667 ) ) ;
#2999 = EDGE_LOOP ( 'NONE', ( #2859, #1456, #531, #860 ) ) ;
#3000 = ADVANCED_FACE ( 'NONE', ( #3260 ), #1448, .T. ) ;
#3001 = ORIENTED_EDGE ( 'NONE', *, *, #3945, .F. ) ;
#3002 = ORIENTED_EDGE ( 'NONE', *, *, #731, .T. ) ;
#3003 = DIRECTION ( 'NONE',  ( 1.000000000000000000, 0.000000000000000000, -2.392722035830078972E-16 ) ) ;
#3004 = DIRECTION ( 'NONE',  ( -0.000000000000000000, 1.000000000000000000, -0.000000000000000000 ) ) ;
#3005 = DIRECTION ( 'NONE',  ( -1.991948819549446952E-32, -1.000000000000000000, -1.541976423090495387E-16 ) ) ;
#3006 = ORIENTED_EDGE ( 'NONE', *, *, #1795, .F. ) ;
#3007 = LINE ( 'NONE', #2963, #712 ) ;
#3008 = DIRECTION ( 'NONE',  ( 1.000000000000000000, 0.000000000000000000, -2.392722035830078972E-16 ) ) ;
#3009 = CARTESIAN_POINT ( 'NONE',  ( 97.75000000000000000, 3.000000000000003997, -52.50000000000000000 ) ) ;
#3010 = LINE ( 'NONE', #2036, #774 ) ;
#3011 = EDGE_CURVE ( 'NONE', #1269, #717, #3936, .T. ) ;
#3012 = DIRECTION ( 'NONE',  ( 0.000000000000000000, 1.349229370204183433E-16, -1.000000000000000000 ) ) ;
#3013 = CONICAL_SURFACE ( 'NONE', #2450, 3.360000000000002096, 0.7853981633974503884 ) ;
#3014 = DIRECTION ( 'NONE',  ( -0.000000000000000000, -0.000000000000000000, 1.000000000000000000 ) ) ;
#3015 = DIRECTION ( 'NONE',  ( -1.000000000000000000, 6.641137739266326270E-31, 2.392722035830078972E-16 ) ) ;
#3016 = AXIS2_PLACEMENT_3D ( 'NONE', #2491, #256, #2260 ) ;
#3017 = LINE ( 'NONE', #4366, #3463 ) ;
#3018 = EDGE_LOOP ( 'NONE', ( #1069, #2050, #2097, #96, #2802, #865, #2126, #117, #199 ) ) ;
#3019 = CONICAL_SURFACE ( 'NONE', #3863, 3.360000000000000320, 0.7853981633974446153 ) ;
#3020 = ORIENTED_EDGE ( 'NONE', *, *, #3817, .F. ) ;
#3021 = ORIENTED_EDGE ( 'NONE', *, *, #2839, .T. ) ;
#3022 = AXIS2_PLACEMENT_3D ( 'NONE', #3479, #32, #2750 ) ;
#3023 = AXIS2_PLACEMENT_3D ( 'NONE', #2978, #929, #2291 ) ;
#3024 = SURFACE_SIDE_STYLE ('',( #3330 ) ) ;
#3025 = ORIENTED_EDGE ( 'NONE', *, *, #4037, .T. ) ;
#3026 = ORIENTED_EDGE ( 'NONE', *, *, #2895, .F. ) ;
#3027 = LINE ( 'NONE', #2051, #206 ) ;
#3028 = PLANE ( 'NONE',  #3584 ) ;
#3029 = CARTESIAN_POINT ( 'NONE',  ( 88.26000000000001933, 54.00000000000000000, -11.74000000000000199 ) ) ;
#3030 = VECTOR ( 'NONE', #572, 1000.000000000000000 ) ;
#3031 = EDGE_CURVE ( 'NONE', #2810, #1514, #3283, .T. ) ;
#3032 = ORIENTED_EDGE ( 'NONE', *, *, #2464, .T. ) ;
#3033 = CARTESIAN_POINT ( 'NONE',  ( 93.50000000000000000, 36.20000000000000995, -2.999999999999997335 ) ) ;
#3034 = CARTESIAN_POINT ( 'NONE',  ( 7.500000000000000000, 52.50000000000000000, 0.000000000000000000 ) ) ;
#3035 = ADVANCED_FACE ( 'NONE', ( #878 ), #3457, .F. ) ;
#3036 = AXIS2_PLACEMENT_3D ( 'NONE', #2686, #3674, #2662 ) ;
#3037 = DIRECTION ( 'NONE',  ( -0.000000000000000000, -0.000000000000000000, -1.000000000000000000 ) ) ;
#3038 = DIRECTION ( 'NONE',  ( 0.000000000000000000, -1.000000000000000000, -1.349229370204183433E-16 ) ) ;
#3039 = LINE ( 'NONE', #4385, #1502 ) ;
#3040 = DIRECTION ( 'NONE',  ( 1.000000000000000000, 0.000000000000000000, 0.000000000000000000 ) ) ;
#3041 = DIRECTION ( 'NONE',  ( 0.000000000000000000, 0.000000000000000000, -1.000000000000000000 ) ) ;
#3042 = EDGE_CURVE ( 'NONE', #4131, #2203, #236, .T. ) ;
#3043 = DIRECTION ( 'NONE',  ( -0.7071067811865474617, 0.000000000000000000, 0.7071067811865474617 ) ) ;
#3044 = ORIENTED_EDGE ( 'NONE', *, *, #79, .T. ) ;
#3045 = DIRECTION ( 'NONE',  ( 0.000000000000000000, 0.000000000000000000, 1.000000000000000000 ) ) ;
#3046 = ORIENTED_EDGE ( 'NONE', *, *, #3788, .T. ) ;
#3047 = DIRECTION ( 'NONE',  ( -0.000000000000000000, 1.000000000000000000, -0.000000000000000000 ) ) ;
#3048 = ORIENTED_EDGE ( 'NONE', *, *, #4016, .T. ) ;
#3049 = AXIS2_PLACEMENT_3D ( 'NONE', #2078, #1622, #2983 ) ;
#3050 = ORIENTED_EDGE ( 'NONE', *, *, #2936, .F. ) ;
#3051 = CARTESIAN_POINT ( 'NONE',  ( 2.250000000000000888, 48.24999999999999289, -49.96000000000000085 ) ) ;
#3052 = DIRECTION ( 'NONE',  ( 0.000000000000000000, 0.000000000000000000, -1.000000000000000000 ) ) ;
#3053 = VECTOR ( 'NONE', #1754, 1000.000000000000000 ) ;
#3054 = DIRECTION ( 'NONE',  ( 0.000000000000000000, 0.000000000000000000, 1.000000000000000000 ) ) ;
#3055 = ORIENTED_EDGE ( 'NONE', *, *, #2411, .T. ) ;
#3056 = VECTOR ( 'NONE', #1933, 1000.000000000000000 ) ;
#3057 = DIRECTION ( 'NONE',  ( 0.000000000000000000, 0.000000000000000000, -1.000000000000000000 ) ) ;
#3058 = DIRECTION ( 'NONE',  ( 0.000000000000000000, 0.000000000000000000, 1.000000000000000000 ) ) ;
#3059 = DIRECTION ( 'NONE',  ( 0.000000000000000000, 0.000000000000000000, 1.000000000000000000 ) ) ;
#3060 = DIRECTION ( 'NONE',  ( -1.000000000000000000, -0.000000000000000000, -0.000000000000000000 ) ) ;
#3061 = CARTESIAN_POINT ( 'NONE',  ( 6.500000000000001776, 60.00000000000000000, -1.879283765641541282E-15 ) ) ;
#3062 = EDGE_CURVE ( 'NONE', #2203, #3972, #4010, .T. ) ;
#3063 = CARTESIAN_POINT ( 'NONE',  ( 2.250000000000000000, 42.49999999999999289, -52.49999999999999289 ) ) ;
#3064 = FACE_OUTER_BOUND ( 'NONE', #1801, .T. ) ;
#3065 = LINE ( 'NONE', #1970, #2472 ) ;
#3066 = AXIS2_PLACEMENT_3D ( 'NONE', #1853, #1499, #3209 ) ;
#3067 = EDGE_LOOP ( 'NONE', ( #924, #4251 ) ) ;
#3068 = ORIENTED_EDGE ( 'NONE', *, *, #2792, .F. ) ;
#3069 = ORIENTED_EDGE ( 'NONE', *, *, #3543, .F. ) ;
#3070 = CIRCLE ( 'NONE', #3695, 3.360000000000002096 ) ;
#3071 = VECTOR ( 'NONE', #437, 1000.000000000000000 ) ;
#3072 = ORIENTED_EDGE ( 'NONE', *, *, #1772, .T. ) ;
#3073 = EDGE_CURVE ( 'NONE', #4346, #2436, #759, .T. ) ;
#3074 = EDGE_LOOP ( 'NONE', ( #1509, #3131, #2128, #1981 ) ) ;
#3075 = EDGE_CURVE ( 'NONE', #359, #463, #4176, .T. ) ;
#3076 = CARTESIAN_POINT ( 'NONE',  ( 100.0000000000000000, 48.25000000000000000, -8.389999999999995239 ) ) ;
#3077 = DIRECTION ( 'NONE',  ( -1.000000000000000000, 0.000000000000000000, -0.000000000000000000 ) ) ;
#3078 = CARTESIAN_POINT ( 'NONE',  ( 92.50000000000002842, 54.00000000000000000, -42.49999999999999289 ) ) ;
#3079 = ORIENTED_EDGE ( 'NONE', *, *, #859, .T. ) ;
#3080 = CARTESIAN_POINT ( 'NONE',  ( 2.250000000000000000, 52.50000000000000000, -17.49999999999999645 ) ) ;
#3081 = CARTESIAN_POINT ( 'NONE',  ( 6.500000000000000888, 60.00000000000000000, -57.74999999999997868 ) ) ;
#3082 = DIRECTION ( 'NONE',  ( 1.291815354450813925E-16, 0.000000000000000000, 1.000000000000000000 ) ) ;
#3083 = CARTESIAN_POINT ( 'NONE',  ( 93.50000000000000000, 60.00000000000000000, -57.75000000000000000 ) ) ;
#3084 = CARTESIAN_POINT ( 'NONE',  ( 11.75000000000000000, 54.00000000000000000, -48.25000000000000000 ) ) ;
#3085 = CARTESIAN_POINT ( 'NONE',  ( 92.50000000000000000, 2.999999999999995559, -54.75000000000000000 ) ) ;
#3086 = DIRECTION ( 'NONE',  ( -0.000000000000000000, 1.000000000000000000, -0.000000000000000000 ) ) ;
#3087 = LINE ( 'NONE', #3130, #897 ) ;
#3088 = ORIENTED_EDGE ( 'NONE', *, *, #3447, .T. ) ;
#3089 = ORIENTED_EDGE ( 'NONE', *, *, #2707, .F. ) ;
#3090 = AXIS2_PLACEMENT_3D ( 'NONE', #3100, #3223, #1198 ) ;
#3091 = CARTESIAN_POINT ( 'NONE',  ( 6.500000000000000000, 33.00000000000000000, -54.75000000000006395 ) ) ;
#3092 = ORIENTED_EDGE ( 'NONE', *, *, #3362, .F. ) ;
#3093 = CIRCLE ( 'NONE', #1316, 1.699999999999993072 ) ;
#3094 = VERTEX_POINT ( 'NONE', #1568 ) ;
#3095 = LINE ( 'NONE', #3179, #1982 ) ;
#3096 = LINE ( 'NONE', #650, #1469 ) ;
#3097 = CARTESIAN_POINT ( 'NONE',  ( 2.250000000000000000, 52.50000000000000000, -7.499999999999993783 ) ) ;
#3098 = VERTEX_POINT ( 'NONE', #446 ) ;
#3099 = VECTOR ( 'NONE', #4106, 1000.000000000000000 ) ;
#3100 = CARTESIAN_POINT ( 'NONE',  ( 88.26000000000000512, 48.25999999999999801, -60.00000000000000000 ) ) ;
#3101 = APPLICATION_PROTOCOL_DEFINITION ( 'draft international standard', 'automotive_design', 1998, #2964 ) ;
#3102 = ORIENTED_EDGE ( 'NONE', *, *, #4060, .T. ) ;
#3103 = LINE ( 'NONE', #4118, #464 ) ;
#3104 = PLANE ( 'NONE',  #2335 ) ;
#3105 = LINE ( 'NONE', #2729, #2570 ) ;
#3106 = DIRECTION ( 'NONE',  ( 1.000000000000000000, 0.000000000000000000, 0.000000000000000000 ) ) ;
#3107 = PLANE ( 'NONE',  #4317 ) ;
#3108 = CIRCLE ( 'NONE', #2889, 1.700000000000000178 ) ;
#3109 = EDGE_CURVE ( 'NONE', #982, #3184, #3180, .T. ) ;
#3110 = DIRECTION ( 'NONE',  ( 1.000000000000000000, -0.000000000000000000, -0.000000000000000000 ) ) ;
#3111 = ORIENTED_EDGE ( 'NONE', *, *, #2185, .T. ) ;
#3112 = ORIENTED_EDGE ( 'NONE', *, *, #938, .F. ) ;
#3113 = EDGE_CURVE ( 'NONE', #2561, #756, #426, .T. ) ;
#3114 = CARTESIAN_POINT ( 'NONE',  ( 7.500000000000006217, 8.972707634362802184E-16, 0.000000000000000000 ) ) ;
#3115 = EDGE_CURVE ( 'NONE', #586, #3806, #3140, .T. ) ;
#3116 = EDGE_LOOP ( 'NONE', ( #575, #286, #3050, #4397 ) ) ;
#3117 = LINE ( 'NONE', #1825, #496 ) ;
#3118 = CARTESIAN_POINT ( 'NONE',  ( 0.000000000000000000, 48.24999999999999289, -51.61999999999999744 ) ) ;
#3119 = CARTESIAN_POINT ( 'NONE',  ( 1.121588454295349287E-17, 40.00000000000000000, -2.249999999999999556 ) ) ;
#3120 = VERTEX_POINT ( 'NONE', #1803 ) ;
#3121 = AXIS2_PLACEMENT_3D ( 'NONE', #1653, #2703, #1374 ) ;
#3122 = CARTESIAN_POINT ( 'NONE',  ( 0.000000000000000000, 60.00000000000000000, -52.50000000000000000 ) ) ;
#3123 = ORIENTED_EDGE ( 'NONE', *, *, #2934, .T. ) ;
#3124 = FACE_OUTER_BOUND ( 'NONE', #3563, .T. ) ;
#3125 = CARTESIAN_POINT ( 'NONE',  ( 88.26000000000000512, 48.25999999999999801, -1.660000000000022569 ) ) ;
#3126 = LINE ( 'NONE', #1439, #2213 ) ;
#3127 = VECTOR ( 'NONE', #2872, 1000.000000000000000 ) ;
#3128 = LINE ( 'NONE', #748, #1835 ) ;
#3129 = LINE ( 'NONE', #15, #208 ) ;
#3130 = CARTESIAN_POINT ( 'NONE',  ( 92.50000000000000000, 52.50000000000000000, -60.00000000000000000 ) ) ;
#3131 = ORIENTED_EDGE ( 'NONE', *, *, #1954, .F. ) ;
#3132 = EDGE_LOOP ( 'NONE', ( #4059, #26 ) ) ;
#3133 = AXIS2_PLACEMENT_3D ( 'NONE', #3034, #2677, #316 ) ;
#3134 = AXIS2_PLACEMENT_3D ( 'NONE', #3084, #101, #767 ) ;
#3135 = ORIENTED_EDGE ( 'NONE', *, *, #364, .T. ) ;
#3136 = VECTOR ( 'NONE', #2386, 1000.000000000000000 ) ;
#3137 = EDGE_CURVE ( 'NONE', #2781, #2646, #4162, .T. ) ;
#3138 = AXIS2_PLACEMENT_3D ( 'NONE', #1208, #3520, #835 ) ;
#3139 = CARTESIAN_POINT ( 'NONE',  ( 92.50000000000000000, 52.50000000000000000, -57.74999999999999289 ) ) ;
#3140 = LINE ( 'NONE', #1929, #3807 ) ;
#3141 = EDGE_CURVE ( 'NONE', #2170, #3334, #135, .T. ) ;
#3142 = CARTESIAN_POINT ( 'NONE',  ( 0.000000000000000000, 52.50000000000000000, -52.50000000000000000 ) ) ;
#3143 = EDGE_LOOP ( 'NONE', ( #2448, #1951, #2763, #1407 ) ) ;
#3144 = FACE_OUTER_BOUND ( 'NONE', #282, .T. ) ;
#3145 = ORIENTED_EDGE ( 'NONE', *, *, #4222, .F. ) ;
#3146 = CARTESIAN_POINT ( 'NONE',  ( 100.0000000000000000, 36.20000000000000995, 0.000000000000000000 ) ) ;
#3147 = DIRECTION ( 'NONE',  ( 3.083952846180990774E-16, 0.000000000000000000, -1.000000000000000000 ) ) ;
#3148 = EDGE_CURVE ( 'NONE', #2470, #2224, #3660, .T. ) ;
#3149 = VERTEX_POINT ( 'NONE', #2144 ) ;
#3150 = CARTESIAN_POINT ( 'NONE',  ( 0.000000000000000000, 34.45000000000000284, -57.00000000000000000 ) ) ;
#3151 = FACE_OUTER_BOUND ( 'NONE', #3018, .T. ) ;
#3152 = CARTESIAN_POINT ( 'NONE',  ( 7.500000000000000888, 60.00000000000000000, -52.50000000000000000 ) ) ;
#3153 = ORIENTED_EDGE ( 'NONE', *, *, #344, .F. ) ;
#3154 = VECTOR ( 'NONE', #2105, 1000.000000000000000 ) ;
#3155 = ORIENTED_EDGE ( 'NONE', *, *, #3381, .T. ) ;
#3156 = VERTEX_POINT ( 'NONE', #1233 ) ;
#3157 = DIRECTION ( 'NONE',  ( -4.984837574645997858E-18, 0.000000000000000000, 1.000000000000000000 ) ) ;
#3158 = CARTESIAN_POINT ( 'NONE',  ( 88.26000000000000512, 48.25999999999999801, -60.00000000000000000 ) ) ;
#3159 = ORIENTED_EDGE ( 'NONE', *, *, #2826, .T. ) ;
#3160 = VECTOR ( 'NONE', #2282, 1000.000000000000000 ) ;
#3161 = LINE ( 'NONE', #118, #3920 ) ;
#3162 = ORIENTED_EDGE ( 'NONE', *, *, #2571, .T. ) ;
#3163 = VECTOR ( 'NONE', #122, 1000.000000000000000 ) ;
#3164 = DIRECTION ( 'NONE',  ( 0.000000000000000000, -1.000000000000000000, -1.541976423090495387E-16 ) ) ;
#3165 = CIRCLE ( 'NONE', #2241, 10.00000000000000888 ) ;
#3166 = CARTESIAN_POINT ( 'NONE',  ( 6.500000000000000000, 33.00000000000000000, -5.249999999999999112 ) ) ;
#3167 = EDGE_CURVE ( 'NONE', #4368, #400, #2597, .T. ) ;
#3168 = ORIENTED_EDGE ( 'NONE', *, *, #4149, .F. ) ;
#3169 = EDGE_CURVE ( 'NONE', #177, #1762, #3065, .T. ) ;
#3170 = FACE_BOUND ( 'NONE', #3883, .T. ) ;
#3171 = EDGE_CURVE ( 'NONE', #4034, #1788, #2619, .T. ) ;
#3172 = LINE ( 'NONE', #4268, #2079 ) ;
#3173 = AXIS2_PLACEMENT_3D ( 'NONE', #3248, #1623, #3315 ) ;
#3174 = LINE ( 'NONE', #106, #2399 ) ;
#3175 = LINE ( 'NONE', #1170, #3374 ) ;
#3176 = ORIENTED_EDGE ( 'NONE', *, *, #852, .F. ) ;
#3177 = EDGE_CURVE ( 'NONE', #309, #1688, #408, .T. ) ;
#3178 = ORIENTED_EDGE ( 'NONE', *, *, #499, .F. ) ;
#3179 = CARTESIAN_POINT ( 'NONE',  ( 17.50000000000000000, 52.50000000000000000, -2.250000000000000000 ) ) ;
#3180 = LINE ( 'NONE', #4297, #3237 ) ;
#3181 = VECTOR ( 'NONE', #14, 1000.000000000000000 ) ;
#3182 = EDGE_LOOP ( 'NONE', ( #430, #3862, #1386, #1936 ) ) ;
#3183 = DIRECTION ( 'NONE',  ( -0.000000000000000000, -0.000000000000000000, 1.000000000000000000 ) ) ;
#3184 = VERTEX_POINT ( 'NONE', #3396 ) ;
#3185 = LINE ( 'NONE', #1810, #2950 ) ;
#3186 = DIRECTION ( 'NONE',  ( -2.952720810173289112E-16, 0.000000000000000000, 1.000000000000000000 ) ) ;
#3187 = ORIENTED_EDGE ( 'NONE', *, *, #1342, .F. ) ;
#3188 = CARTESIAN_POINT ( 'NONE',  ( 7.500000000000000000, 32.99999999999998579, 9.159339953157546507E-14 ) ) ;
#3189 = CIRCLE ( 'NONE', #708, 1.700000000000000178 ) ;
#3190 = EDGE_CURVE ( 'NONE', #377, #3184, #638, .T. ) ;
#3191 = CARTESIAN_POINT ( 'NONE',  ( 6.500000000000000000, 60.00000000000000000, -54.74999999999997868 ) ) ;
#3192 = DIRECTION ( 'NONE',  ( -0.000000000000000000, 0.000000000000000000, 1.000000000000000000 ) ) ;
#3193 = VECTOR ( 'NONE', #1941, 1000.000000000000000 ) ;
#3194 = EDGE_CURVE ( 'NONE', #3200, #2307, #1635, .T. ) ;
#3195 = LINE ( 'NONE', #3874, #2072 ) ;
#3196 = DIRECTION ( 'NONE',  ( -0.000000000000000000, -0.000000000000000000, 1.000000000000000000 ) ) ;
#3197 = EDGE_LOOP ( 'NONE', ( #2941, #4347, #2629, #1713 ) ) ;
#3198 = VECTOR ( 'NONE', #554, 1000.000000000000000 ) ;
#3199 = VECTOR ( 'NONE', #483, 1000.000000000000000 ) ;
#3200 = VERTEX_POINT ( 'NONE', #1304 ) ;
#3201 = DIRECTION ( 'NONE',  ( 2.952720810173289112E-16, -2.775557561562889379E-15, -1.000000000000000000 ) ) ;
#3202 = VECTOR ( 'NONE', #3743, 1000.000000000000000 ) ;
#3203 = ORIENTED_EDGE ( 'NONE', *, *, #1663, .T. ) ;
#3204 = EDGE_CURVE ( 'NONE', #1638, #2383, #2287, .T. ) ;
#3205 = CARTESIAN_POINT ( 'NONE',  ( 92.50000000000000000, 36.20000000000000995, 0.000000000000000000 ) ) ;
#3206 = EDGE_CURVE ( 'NONE', #1590, #3400, #3589, .T. ) ;
#3207 = ORIENTED_EDGE ( 'NONE', *, *, #2542, .T. ) ;
#3208 = FACE_BOUND ( 'NONE', #363, .T. ) ;
#3209 = DIRECTION ( 'NONE',  ( 0.000000000000000000, -0.000000000000000000, -1.000000000000000000 ) ) ;
#3210 = ORIENTED_EDGE ( 'NONE', *, *, #2648, .T. ) ;
#3211 = CARTESIAN_POINT ( 'NONE',  ( 92.50000000000000000, 34.45000000000000284, -57.00000000000000000 ) ) ;
#3212 = CARTESIAN_POINT ( 'NONE',  ( 100.0000000000000000, 52.50000000000000000, -52.50000000000000711 ) ) ;
#3213 = CARTESIAN_POINT ( 'NONE',  ( 93.50000000000000000, 2.999999999999995559, 0.000000000000000000 ) ) ;
#3214 = DIRECTION ( 'NONE',  ( -1.000000000000000000, -0.000000000000000000, -0.000000000000000000 ) ) ;
#3215 = DIRECTION ( 'NONE',  ( 0.7071067811865453523, 8.659560562354906974E-17, -0.7071067811865496822 ) ) ;
#3216 = ORIENTED_EDGE ( 'NONE', *, *, #927, .T. ) ;
#3217 = EDGE_CURVE ( 'NONE', #3397, #3897, #3700, .T. ) ;
#3218 = VERTEX_POINT ( 'NONE', #2994 ) ;
#3219 = DIRECTION ( 'NONE',  ( -0.000000000000000000, 1.000000000000000000, -0.000000000000000000 ) ) ;
#3220 = VECTOR ( 'NONE', #3496, 1000.000000000000000 ) ;
#3221 = VERTEX_POINT ( 'NONE', #593 ) ;
#3222 = ADVANCED_FACE ( 'NONE', ( #4339 ), #1330, .F. ) ;
#3223 = DIRECTION ( 'NONE',  ( -0.000000000000000000, -0.000000000000000000, -1.000000000000000000 ) ) ;
#3224 = VERTEX_POINT ( 'NONE', #300 ) ;
#3225 = AXIS2_PLACEMENT_3D ( 'NONE', #1775, #989, #1377 ) ;
#3226 = PLANE ( 'NONE',  #2029 ) ;
#3227 = CARTESIAN_POINT ( 'NONE',  ( 7.500000000000000000, -4.506349856616228777, -3.267103646046777943 ) ) ;
#3228 = ORIENTED_EDGE ( 'NONE', *, *, #3525, .T. ) ;
#3229 = CARTESIAN_POINT ( 'NONE',  ( 11.75000000000000000, 48.25999999999999801, -60.00000000000000000 ) ) ;
#3230 = AXIS2_PLACEMENT_3D ( 'NONE', #1231, #592, #2594 ) ;
#3231 = LINE ( 'NONE', #3446, #3099 ) ;
#3232 = CARTESIAN_POINT ( 'NONE',  ( 0.000000000000000000, 52.50000000000000000, -60.00000000000000000 ) ) ;
#3233 = DIRECTION ( 'NONE',  ( 0.000000000000000000, 1.000000000000000000, 0.000000000000000000 ) ) ;
#3234 = FACE_OUTER_BOUND ( 'NONE', #1905, .T. ) ;
#3235 = ORIENTED_EDGE ( 'NONE', *, *, #20, .T. ) ;
#3236 = EDGE_CURVE ( 'NONE', #3156, #3895, #1017, .T. ) ;
#3237 = VECTOR ( 'NONE', #2124, 1000.000000000000000 ) ;
#3238 = ORIENTED_EDGE ( 'NONE', *, *, #4075, .T. ) ;
#3239 = ADVANCED_FACE ( 'NONE', ( #3306 ), #4318, .T. ) ;
#3240 = VERTEX_POINT ( 'NONE', #4030 ) ;
#3241 = ORIENTED_EDGE ( 'NONE', *, *, #942, .T. ) ;
#3242 = VECTOR ( 'NONE', #1084, 1000.000000000000000 ) ;
#3243 = CARTESIAN_POINT ( 'NONE',  ( 93.50000000000000000, 34.45000000000000284, -57.00000000000000000 ) ) ;
#3244 = EDGE_CURVE ( 'NONE', #3149, #99, #614, .T. ) ;
#3245 = EDGE_CURVE ( 'NONE', #3707, #1465, #2329, .T. ) ;
#3246 = ORIENTED_EDGE ( 'NONE', *, *, #2707, .T. ) ;
#3247 = ORIENTED_EDGE ( 'NONE', *, *, #3797, .T. ) ;
#3248 = CARTESIAN_POINT ( 'NONE',  ( 7.500000000000000888, 54.00000000000000000, -7.500000000000000000 ) ) ;
#3249 = LINE ( 'NONE', #3829, #3420 ) ;
#3250 = VERTEX_POINT ( 'NONE', #1657 ) ;
#3251 = DIRECTION ( 'NONE',  ( -2.952720810173289112E-16, -2.775557561562894507E-15, 1.000000000000000000 ) ) ;
#3252 = PLANE ( 'NONE',  #3328 ) ;
#3253 = CARTESIAN_POINT ( 'NONE',  ( 0.000000000000000000, 52.50000000000000000, -52.50000000000000711 ) ) ;
#3254 = DIRECTION ( 'NONE',  ( -0.000000000000000000, -0.000000000000000000, -1.000000000000000000 ) ) ;
#3255 = DIRECTION ( 'NONE',  ( -1.000000000000000000, -0.000000000000000000, -0.000000000000000000 ) ) ;
#3256 = ORIENTED_EDGE ( 'NONE', *, *, #2786, .F. ) ;
#3257 = AXIS2_PLACEMENT_3D ( 'NONE', #3125, #81, #2797 ) ;
#3258 = EDGE_CURVE ( 'NONE', #4368, #3467, #258, .T. ) ;
#3259 = EDGE_CURVE ( 'NONE', #1020, #970, #3017, .T. ) ;
#3260 = FACE_OUTER_BOUND ( 'NONE', #4171, .T. ) ;
#3261 = ORIENTED_EDGE ( 'NONE', *, *, #3753, .T. ) ;
#3262 = CIRCLE ( 'NONE', #1133, 1.699999999999989742 ) ;
#3263 = VERTEX_POINT ( 'NONE', #1279 ) ;
#3264 = EDGE_LOOP ( 'NONE', ( #3469, #1621, #3839, #2188, #582, #3587, #663, #832, #2473 ) ) ;
#3265 = EDGE_CURVE ( 'NONE', #824, #4202, #660, .T. ) ;
#3266 = LINE ( 'NONE', #1572, #3198 ) ;
#3267 = EDGE_CURVE ( 'NONE', #1523, #3726, #3372, .T. ) ;
#3268 = ORIENTED_EDGE ( 'NONE', *, *, #1260, .F. ) ;
#3269 = EDGE_LOOP ( 'NONE', ( #215, #2292, #595, #2819 ) ) ;
#3270 = AXIS2_PLACEMENT_3D ( 'NONE', #2172, #2190, #2507 ) ;
#3271 = CARTESIAN_POINT ( 'NONE',  ( 2.250000000000006217, 33.00000000000000711, -6.500000000000000000 ) ) ;
#3272 = CARTESIAN_POINT ( 'NONE',  ( 100.0000000000000000, 52.50000000000000000, -17.49999999999999645 ) ) ;
#3273 = ORIENTED_EDGE ( 'NONE', *, *, #2479, .T. ) ;
#3274 = CIRCLE ( 'NONE', #3840, 3.360000000000002096 ) ;
#3275 = DIRECTION ( 'NONE',  ( 0.000000000000000000, 0.000000000000000000, -1.000000000000000000 ) ) ;
#3276 = AXIS2_PLACEMENT_3D ( 'NONE', #1348, #1680, #3321 ) ;
#3277 = CARTESIAN_POINT ( 'NONE',  ( 0.000000000000000000, 48.25000000000000000, -11.74999999999999645 ) ) ;
#3278 = EDGE_CURVE ( 'NONE', #2478, #3184, #2092, .T. ) ;
#3279 = CARTESIAN_POINT ( 'NONE',  ( 0.000000000000000000, 36.20000000000000995, -5.000000000000039080 ) ) ;
#3280 = CARTESIAN_POINT ( 'NONE',  ( 10.05000000000001137, 48.25999999999999801, 0.000000000000000000 ) ) ;
#3281 = LINE ( 'NONE', #4362, #3371 ) ;
#3282 = LINE ( 'NONE', #3698, #1814 ) ;
#3283 = LINE ( 'NONE', #902, #2316 ) ;
#3284 = VERTEX_POINT ( 'NONE', #2114 ) ;
#3285 = ORIENTED_EDGE ( 'NONE', *, *, #3764, .F. ) ;
#3286 = ORIENTED_EDGE ( 'NONE', *, *, #3543, .T. ) ;
#3287 = DIRECTION ( 'NONE',  ( 1.000000000000000000, 0.000000000000000000, 4.984837574645997858E-18 ) ) ;
#3288 = ORIENTED_EDGE ( 'NONE', *, *, #3656, .T. ) ;
#3289 = ORIENTED_EDGE ( 'NONE', *, *, #877, .F. ) ;
#3290 = EDGE_CURVE ( 'NONE', #668, #3976, #4169, .T. ) ;
#3291 = DIRECTION ( 'NONE',  ( -1.000000000000000000, -0.000000000000000000, -0.000000000000000000 ) ) ;
#3292 = CARTESIAN_POINT ( 'NONE',  ( 100.0000000000000000, 48.24999999999999289, -49.96000000000000085 ) ) ;
#3293 = ORIENTED_EDGE ( 'NONE', *, *, #4252, .F. ) ;
#3294 = AXIS2_PLACEMENT_3D ( 'NONE', #1603, #3641, #606 ) ;
#3295 = PLANE ( 'NONE',  #3294 ) ;
#3296 = DIRECTION ( 'NONE',  ( 0.7071067811865460184, 0.000000000000000000, -0.7071067811865489050 ) ) ;
#3297 = EDGE_CURVE ( 'NONE', #3806, #2117, #2679, .T. ) ;
#3298 = DIRECTION ( 'NONE',  ( -0.000000000000000000, -0.000000000000000000, -1.000000000000000000 ) ) ;
#3299 = CARTESIAN_POINT ( 'NONE',  ( 0.000000000000000000, 54.00000000000000000, -52.50000000000000000 ) ) ;
#3300 = EDGE_CURVE ( 'NONE', #2332, #1256, #730, .T. ) ;
#3301 = CARTESIAN_POINT ( 'NONE',  ( 0.000000000000000000, 48.25000000000000000, -15.10999999999999766 ) ) ;
#3302 = VECTOR ( 'NONE', #3215, 1000.000000000000000 ) ;
#3303 = DIRECTION ( 'NONE',  ( -0.000000000000000000, -0.000000000000000000, 1.000000000000000000 ) ) ;
#3304 = EDGE_CURVE ( 'NONE', #140, #1191, #1892, .T. ) ;
#3305 = CIRCLE ( 'NONE', #3377, 1.699999999999987965 ) ;
#3306 = FACE_OUTER_BOUND ( 'NONE', #307, .T. ) ;
#3307 = ORIENTED_EDGE ( 'NONE', *, *, #4276, .T. ) ;
#3308 = VERTEX_POINT ( 'NONE', #1123 ) ;
#3309 = EDGE_CURVE ( 'NONE', #2803, #1269, #3087, .T. ) ;
#3310 = CONICAL_SURFACE ( 'NONE', #1399, 3.360000000000002096, 0.7853981633974482790 ) ;
#3311 = EDGE_LOOP ( 'NONE', ( #3405, #951, #2995, #2438 ) ) ;
#3312 = VERTEX_POINT ( 'NONE', #2400 ) ;
#3313 = VECTOR ( 'NONE', #2630, 1000.000000000000000 ) ;
#3314 = EDGE_LOOP ( 'NONE', ( #4012, #2692, #1596, #302 ) ) ;
#3315 = DIRECTION ( 'NONE',  ( 0.000000000000000000, 0.000000000000000000, 1.000000000000000000 ) ) ;
#3316 = DIRECTION ( 'NONE',  ( 0.000000000000000000, 1.000000000000000000, 0.000000000000000000 ) ) ;
#3317 = VERTEX_POINT ( 'NONE', #2069 ) ;
#3318 = LINE ( 'NONE', #271, #1094 ) ;
#3319 = CARTESIAN_POINT ( 'NONE',  ( 0.000000000000000000, 52.50000000000000000, -60.00000000000000000 ) ) ;
#3320 = CARTESIAN_POINT ( 'NONE',  ( 11.75000000000000711, 54.00000000000000000, -11.74000000000000021 ) ) ;
#3321 = DIRECTION ( 'NONE',  ( -0.000000000000000000, 0.000000000000000000, 1.000000000000000000 ) ) ;
#3322 = CARTESIAN_POINT ( 'NONE',  ( 11.75000000000000000, 48.25999999999999801, -60.00000000000000000 ) ) ;
#3323 = LINE ( 'NONE', #659, #2593 ) ;
#3324 = EDGE_CURVE ( 'NONE', #910, #1715, #2424, .T. ) ;
#3325 = DIRECTION ( 'NONE',  ( -1.000000000000000000, 0.000000000000000000, 0.000000000000000000 ) ) ;
#3326 = ORIENTED_EDGE ( 'NONE', *, *, #525, .T. ) ;
#3327 = ORIENTED_EDGE ( 'NONE', *, *, #4129, .T. ) ;
#3328 = AXIS2_PLACEMENT_3D ( 'NONE', #1250, #2925, #589 ) ;
#3329 = ORIENTED_EDGE ( 'NONE', *, *, #4343, .F. ) ;
#3330 = SURFACE_STYLE_FILL_AREA ( #620 ) ;
#3331 = VECTOR ( 'NONE', #3275, 1000.000000000000000 ) ;
#3332 = ORIENTED_EDGE ( 'NONE', *, *, #1303, .T. ) ;
#3333 = EDGE_CURVE ( 'NONE', #2243, #1831, #3390, .T. ) ;
#3334 = VERTEX_POINT ( 'NONE', #2159 ) ;
#3335 = DIRECTION ( 'NONE',  ( 0.000000000000000000, 0.000000000000000000, 1.000000000000000000 ) ) ;
#3336 = CARTESIAN_POINT ( 'NONE',  ( 84.90000000000000568, 48.25999999999999801, -60.00000000000000000 ) ) ;
#3337 = LINE ( 'NONE', #291, #1365 ) ;
#3338 = ORIENTED_EDGE ( 'NONE', *, *, #1954, .T. ) ;
#3339 = EDGE_CURVE ( 'NONE', #2383, #3397, #3465, .T. ) ;
#3340 = EDGE_CURVE ( 'NONE', #805, #1643, #3772, .T. ) ;
#3341 = PLANE ( 'NONE',  #1705 ) ;
#3342 = DIRECTION ( 'NONE',  ( 1.000000000000000000, 0.000000000000000000, 0.000000000000000000 ) ) ;
#3343 = DIRECTION ( 'NONE',  ( 1.000000000000000000, -0.000000000000000000, 0.000000000000000000 ) ) ;
#3344 = DIRECTION ( 'NONE',  ( 1.000000000000000000, 0.000000000000000000, 0.000000000000000000 ) ) ;
#3345 = LINE ( 'NONE', #2279, #1924 ) ;
#3346 = CIRCLE ( 'NONE', #1361, 1.699999999999987965 ) ;
#3347 = DIRECTION ( 'NONE',  ( 1.000000000000000000, 0.000000000000000000, 0.000000000000000000 ) ) ;
#3348 = LINE ( 'NONE', #1969, #1953 ) ;
#3349 = CARTESIAN_POINT ( 'NONE',  ( 7.500000000000006217, 2.999999999999996447, -2.249999999999999556 ) ) ;
#3350 = ORIENTED_EDGE ( 'NONE', *, *, #2820, .T. ) ;
#3351 = ORIENTED_EDGE ( 'NONE', *, *, #2554, .T. ) ;
#3352 = ORIENTED_EDGE ( 'NONE', *, *, #1687, .T. ) ;
#3353 = EDGE_CURVE ( 'NONE', #463, #3877, #2445, .T. ) ;
#3354 = DIRECTION ( 'NONE',  ( 1.000000000000000000, -0.000000000000000000, -0.000000000000000000 ) ) ;
#3355 = EDGE_LOOP ( 'NONE', ( #3386, #2539, #1415, #1310 ) ) ;
#3356 = ORIENTED_EDGE ( 'NONE', *, *, #2408, .T. ) ;
#3357 = CARTESIAN_POINT ( 'NONE',  ( 100.0000000000000000, 34.45000000000000995, -2.999999999999997335 ) ) ;
#3358 = CARTESIAN_POINT ( 'NONE',  ( 5.250000000000004441, 52.50000000000000000, -52.49999999999999289 ) ) ;
#3359 = DIRECTION ( 'NONE',  ( -0.000000000000000000, -0.000000000000000000, -1.000000000000000000 ) ) ;
#3360 = EDGE_CURVE ( 'NONE', #2953, #1973, #86, .T. ) ;
#3361 = ORIENTED_EDGE ( 'NONE', *, *, #2048, .F. ) ;
#3362 = EDGE_CURVE ( 'NONE', #717, #3639, #4076, .T. ) ;
#3363 = PLANE ( 'NONE',  #4072 ) ;
#3364 = DIRECTION ( 'NONE',  ( 0.000000000000000000, 0.000000000000000000, 1.000000000000000000 ) ) ;
#3365 = CARTESIAN_POINT ( 'NONE',  ( 7.500000000000000888, 42.49999999999999289, -57.74999999999999289 ) ) ;
#3366 = LINE ( 'NONE', #2110, #1270 ) ;
#3367 = FACE_OUTER_BOUND ( 'NONE', #2890, .T. ) ;
#3368 = VECTOR ( 'NONE', #4067, 1000.000000000000000 ) ;
#3369 = LINE ( 'NONE', #3085, #1261 ) ;
#3370 = LINE ( 'NONE', #2684, #3160 ) ;
#3371 = VECTOR ( 'NONE', #2235, 1000.000000000000000 ) ;
#3372 = LINE ( 'NONE', #1354, #2251 ) ;
#3373 = ORIENTED_EDGE ( 'NONE', *, *, #2240, .F. ) ;
#3374 = VECTOR ( 'NONE', #1507, 1000.000000000000000 ) ;
#3375 = ORIENTED_EDGE ( 'NONE', *, *, #1298, .F. ) ;
#3376 = EDGE_LOOP ( 'NONE', ( #2340, #2665, #2675, #995 ) ) ;
#3377 = AXIS2_PLACEMENT_3D ( 'NONE', #2393, #1057, #345 ) ;
#3378 = AXIS2_PLACEMENT_3D ( 'NONE', #1334, #1022, #284 ) ;
#3379 = ORIENTED_EDGE ( 'NONE', *, *, #3673, .F. ) ;
#3380 = ORIENTED_EDGE ( 'NONE', *, *, #1494, .F. ) ;
#3381 = EDGE_CURVE ( 'NONE', #2535, #2909, #1103, .T. ) ;
#3382 = FACE_BOUND ( 'NONE', #1872, .T. ) ;
#3383 = DIRECTION ( 'NONE',  ( 0.000000000000000000, 1.000000000000000000, 0.000000000000000000 ) ) ;
#3384 = LINE ( 'NONE', #3078, #4258 ) ;
#3385 = AXIS2_PLACEMENT_3D ( 'NONE', #558, #3004, #2252 ) ;
#3386 = ORIENTED_EDGE ( 'NONE', *, *, #2882, .F. ) ;
#3387 = AXIS2_PLACEMENT_3D ( 'NONE', #3856, #3233, #3558 ) ;
#3388 = DIRECTION ( 'NONE',  ( 0.000000000000000000, 1.541976423090495387E-16, -1.000000000000000000 ) ) ;
#3389 = FACE_OUTER_BOUND ( 'NONE', #3506, .T. ) ;
#3390 = CIRCLE ( 'NONE', #3812, 1.699999999999993072 ) ;
#3391 = LINE ( 'NONE', #1079, #3929 ) ;
#3392 = CARTESIAN_POINT ( 'NONE',  ( 7.500000000000001776, 56.99999999999999289, -42.49999999999999289 ) ) ;
#3393 = DIRECTION ( 'NONE',  ( -3.083952846180990774E-16, 0.000000000000000000, 1.000000000000000000 ) ) ;
#3394 = CARTESIAN_POINT ( 'NONE',  ( 7.500000000000000000, 52.50000000000000000, -7.499999999999993783 ) ) ;
#3395 = FACE_BOUND ( 'NONE', #1616, .T. ) ;
#3396 = CARTESIAN_POINT ( 'NONE',  ( 0.000000000000000000, 40.00000000000000000, -60.00000000000000000 ) ) ;
#3397 = VERTEX_POINT ( 'NONE', #1042 ) ;
#3398 = ORIENTED_EDGE ( 'NONE', *, *, #1257, .T. ) ;
#3399 = EDGE_CURVE ( 'NONE', #477, #1157, #1401, .T. ) ;
#3400 = VERTEX_POINT ( 'NONE', #2778 ) ;
#3401 = ADVANCED_FACE ( 'NONE', ( #1756 ), #4124, .F. ) ;
#3402 = FACE_OUTER_BOUND ( 'NONE', #338, .T. ) ;
#3403 = ORIENTED_EDGE ( 'NONE', *, *, #2164, .T. ) ;
#3404 = VECTOR ( 'NONE', #1050, 1000.000000000000000 ) ;
#3405 = ORIENTED_EDGE ( 'NONE', *, *, #153, .T. ) ;
#3406 = LINE ( 'NONE', #2, #3404 ) ;
#3407 = DIRECTION ( 'NONE',  ( 1.000000000000000000, 0.000000000000000000, 0.000000000000000000 ) ) ;
#3408 = CIRCLE ( 'NONE', #1489, 9.999999999999994671 ) ;
#3409 = DIRECTION ( 'NONE',  ( -1.000000000000000000, -0.000000000000000000, -0.000000000000000000 ) ) ;
#3410 = ORIENTED_EDGE ( 'NONE', *, *, #3512, .T. ) ;
#3411 = AXIS2_PLACEMENT_3D ( 'NONE', #1378, #750, #1083 ) ;
#3412 = PLANE ( 'NONE',  #1024 ) ;
#3413 = DIRECTION ( 'NONE',  ( -1.000000000000000000, -0.000000000000000000, -0.000000000000000000 ) ) ;
#3414 = DIRECTION ( 'NONE',  ( -1.000000000000000000, 0.000000000000000000, 0.000000000000000000 ) ) ;
#3415 = FACE_BOUND ( 'NONE', #2275, .T. ) ;
#3416 = DIRECTION ( 'NONE',  ( 1.000000000000000000, -0.000000000000000000, 3.083952846180990774E-16 ) ) ;
#3417 = PLANE ( 'NONE',  #1618 ) ;
#3418 = FACE_OUTER_BOUND ( 'NONE', #4216, .T. ) ;
#3419 = DIRECTION ( 'NONE',  ( 0.000000000000000000, 0.000000000000000000, -1.000000000000000000 ) ) ;
#3420 = VECTOR ( 'NONE', #3905, 1000.000000000000000 ) ;
#3421 = EDGE_LOOP ( 'NONE', ( #3733, #1201 ) ) ;
#3422 = VERTEX_POINT ( 'NONE', #3813 ) ;
#3423 = VERTEX_POINT ( 'NONE', #1797 ) ;
#3424 = AXIS2_PLACEMENT_3D ( 'NONE', #2315, #312, #625 ) ;
#3425 = CIRCLE ( 'NONE', #1928, 10.00000000000000888 ) ;
#3426 = DIRECTION ( 'NONE',  ( 1.000000000000000000, -0.000000000000000000, -0.000000000000000000 ) ) ;
#3427 = EDGE_LOOP ( 'NONE', ( #772, #313, #136, #4308 ) ) ;
#3428 = ORIENTED_EDGE ( 'NONE', *, *, #4113, .T. ) ;
#3429 = DIRECTION ( 'NONE',  ( -0.000000000000000000, -0.000000000000000000, -1.000000000000000000 ) ) ;
#3430 = CARTESIAN_POINT ( 'NONE',  ( 0.000000000000000000, 60.00000000000000000, -52.50000000000000000 ) ) ;
#3431 = DIRECTION ( 'NONE',  ( 0.000000000000000000, 1.000000000000000000, -0.000000000000000000 ) ) ;
#3432 = ORIENTED_EDGE ( 'NONE', *, *, #4016, .F. ) ;
#3433 = FACE_OUTER_BOUND ( 'NONE', #548, .T. ) ;
#3434 = CARTESIAN_POINT ( 'NONE',  ( 6.500000000000000888, 34.45000000000000995, -2.999999999999997335 ) ) ;
#3435 = EDGE_CURVE ( 'NONE', #1762, #3880, #63, .T. ) ;
#3436 = EDGE_LOOP ( 'NONE', ( #1171, #2007, #3777, #3046 ) ) ;
#3437 = DIRECTION ( 'NONE',  ( -1.000000000000000000, 0.000000000000000000, 0.000000000000000000 ) ) ;
#3438 = CARTESIAN_POINT ( 'NONE',  ( 7.500000000000000000, 33.00000000000000000, -7.499999999999996447 ) ) ;
#3439 = CARTESIAN_POINT ( 'NONE',  ( 94.75000000000000000, 33.00000000000000000, -53.50000000000000000 ) ) ;
#3440 = DIRECTION ( 'NONE',  ( 0.000000000000000000, 0.000000000000000000, -1.000000000000000000 ) ) ;
#3441 = CARTESIAN_POINT ( 'NONE',  ( 92.50000000000000000, 0.000000000000000000, -60.00000000000000000 ) ) ;
#3442 = ADVANCED_FACE ( 'NONE', ( #3151 ), #105, .T. ) ;
#3443 = CARTESIAN_POINT ( 'NONE',  ( 88.26000000000001933, 54.00000000000000000, -11.74000000000000199 ) ) ;
#3444 = ORIENTED_EDGE ( 'NONE', *, *, #890, .T. ) ;
#3445 = ORIENTED_EDGE ( 'NONE', *, *, #1326, .F. ) ;
#3446 = CARTESIAN_POINT ( 'NONE',  ( 0.000000000000000000, 33.00000000000000000, -5.249999999999999112 ) ) ;
#3447 = EDGE_CURVE ( 'NONE', #2909, #3224, #2510, .T. ) ;
#3448 = ORIENTED_EDGE ( 'NONE', *, *, #2869, .T. ) ;
#3449 = VECTOR ( 'NONE', #634, 1000.000000000000000 ) ;
#3450 = CARTESIAN_POINT ( 'NONE',  ( 93.50000000000000000, 36.20000000000000995, -54.99999999999995737 ) ) ;
#3451 = DIRECTION ( 'NONE',  ( 0.000000000000000000, 0.000000000000000000, 1.000000000000000000 ) ) ;
#3452 = CARTESIAN_POINT ( 'NONE',  ( 6.500000000000001776, 36.20000000000000995, -1.879283765641541282E-15 ) ) ;
#3453 = ORIENTED_EDGE ( 'NONE', *, *, #2245, .T. ) ;
#3454 = DIRECTION ( 'NONE',  ( 0.000000000000000000, 2.775557561562888984E-15, 1.000000000000000000 ) ) ;
#3455 = APPLICATION_PROTOCOL_DEFINITION ( 'draft international standard', 'automotive_design', 1998, #2000 ) ;
#3456 = ORIENTED_EDGE ( 'NONE', *, *, #1281, .F. ) ;
#3457 = CONICAL_SURFACE ( 'NONE', #1532, 3.360000000000002096, 0.7853981633974482790 ) ;
#3458 = FACE_OUTER_BOUND ( 'NONE', #4354, .T. ) ;
#3459 = FACE_OUTER_BOUND ( 'NONE', #281, .T. ) ;
#3460 = DIRECTION ( 'NONE',  ( 1.000000000000000000, 0.000000000000000000, 0.000000000000000000 ) ) ;
#3461 = LINE ( 'NONE', #4053, #3746 ) ;
#3462 = FACE_BOUND ( 'NONE', #4390, .T. ) ;
#3463 = VECTOR ( 'NONE', #2972, 1000.000000000000000 ) ;
#3464 = PRODUCT_DEFINITION ( 'UNKNOWN', '', #287, #3846 ) ;
#3465 = LINE ( 'NONE', #2134, #689 ) ;
#3466 = ORIENTED_EDGE ( 'NONE', *, *, #1235, .T. ) ;
#3467 = VERTEX_POINT ( 'NONE', #2195 ) ;
#3468 = EDGE_CURVE ( 'NONE', #3284, #910, #3872, .T. ) ;
#3469 = ORIENTED_EDGE ( 'NONE', *, *, #1302, .F. ) ;
#3470 = ADVANCED_FACE ( 'NONE', ( #3909 ), #3538, .T. ) ;
#3471 = LINE ( 'NONE', #2123, #714 ) ;
#3472 = DIRECTION ( 'NONE',  ( 1.000000000000000000, 0.000000000000000000, -0.000000000000000000 ) ) ;
#3473 = LINE ( 'NONE', #1786, #3136 ) ;
#3474 = VERTEX_POINT ( 'NONE', #544 ) ;
#3475 = AXIS2_PLACEMENT_3D ( 'NONE', #4119, #1080, #3038 ) ;
#3476 = EDGE_CURVE ( 'NONE', #3312, #2980, #3425, .T. ) ;
#3477 = DIRECTION ( 'NONE',  ( 1.000000000000000000, -0.000000000000000000, -0.000000000000000000 ) ) ;
#3478 = VERTEX_POINT ( 'NONE', #3933 ) ;
#3479 = CARTESIAN_POINT ( 'NONE',  ( 7.500000000000006217, 8.972707634362802184E-16, -60.00000000000000000 ) ) ;
#3480 = DIRECTION ( 'NONE',  ( 0.000000000000000000, 0.000000000000000000, -1.000000000000000000 ) ) ;
#3481 = CIRCLE ( 'NONE', #2555, 1.699999999999987965 ) ;
#3482 = PLANE ( 'NONE',  #2979 ) ;
#3483 = CARTESIAN_POINT ( 'NONE',  ( 0.000000000000000000, 52.50000000000000000, -5.249999999999999112 ) ) ;
#3484 = CARTESIAN_POINT ( 'NONE',  ( 7.500000000000000000, 32.99999999999998579, 9.159339953157546507E-14 ) ) ;
#3485 = EDGE_LOOP ( 'NONE', ( #261, #1906, #2493, #1408 ) ) ;
#3486 = ORIENTED_EDGE ( 'NONE', *, *, #508, .T. ) ;
#3487 = VECTOR ( 'NONE', #3005, 1000.000000000000000 ) ;
#3488 = AXIS2_PLACEMENT_3D ( 'NONE', #3645, #1945, #4001 ) ;
#3489 = ORIENTED_EDGE ( 'NONE', *, *, #551, .T. ) ;
#3490 = ADVANCED_FACE ( 'NONE', ( #1541 ), #169, .T. ) ;
#3491 = DIRECTION ( 'NONE',  ( 1.000000000000000000, -0.000000000000000000, -0.000000000000000000 ) ) ;
#3492 = DIRECTION ( 'NONE',  ( -1.742955217105765467E-32, -1.000000000000000000, -1.349229370204183433E-16 ) ) ;
#3493 = ADVANCED_FACE ( 'NONE', ( #1561 ), #4248, .F. ) ;
#3494 = DIRECTION ( 'NONE',  ( -0.000000000000000000, 1.000000000000000000, -0.000000000000000000 ) ) ;
#3495 = EDGE_LOOP ( 'NONE', ( #905, #4261, #1468, #3428, #3241, #672, #3238, #3665, #1219, #3327 ) ) ;
#3496 = DIRECTION ( 'NONE',  ( 0.000000000000000000, 1.000000000000000000, 0.000000000000000000 ) ) ;
#3497 = ORIENTED_EDGE ( 'NONE', *, *, #1303, .F. ) ;
#3498 = CARTESIAN_POINT ( 'NONE',  ( 92.50000000000000000, 36.20000000000000995, -5.000000000000039080 ) ) ;
#3499 = PLANE ( 'NONE',  #1002 ) ;
#3500 = EDGE_CURVE ( 'NONE', #1184, #1799, #4208, .T. ) ;
#3501 = ORIENTED_EDGE ( 'NONE', *, *, #156, .F. ) ;
#3502 = CARTESIAN_POINT ( 'NONE',  ( 2.250000000000007105, 2.999999999999995559, -2.906584547514340267E-16 ) ) ;
#3503 = CARTESIAN_POINT ( 'NONE',  ( 92.50000000000000000, 40.00000000000000000, 0.000000000000000000 ) ) ;
#3504 = CARTESIAN_POINT ( 'NONE',  ( 0.000000000000000000, 36.20000000000000995, -54.99999999999995737 ) ) ;
#3505 = DIRECTION ( 'NONE',  ( -0.000000000000000000, -0.000000000000000000, -1.000000000000000000 ) ) ;
#3506 = EDGE_LOOP ( 'NONE', ( #1950, #1412, #926, #2855 ) ) ;
#3507 = ORIENTED_EDGE ( 'NONE', *, *, #3673, .T. ) ;
#3508 = DIRECTION ( 'NONE',  ( 0.000000000000000000, 1.000000000000000000, 0.000000000000000000 ) ) ;
#3509 = DIRECTION ( 'NONE',  ( -1.000000000000000000, 0.000000000000000000, -0.000000000000000000 ) ) ;
#3510 = ORIENTED_EDGE ( 'NONE', *, *, #20, .F. ) ;
#3511 = CARTESIAN_POINT ( 'NONE',  ( 88.26000000000000512, 48.25999999999999801, -2.249999999999999112 ) ) ;
#3512 = EDGE_CURVE ( 'NONE', #2198, #1715, #873, .T. ) ;
#3513 = ORIENTED_EDGE ( 'NONE', *, *, #3704, .F. ) ;
#3514 = ADVANCED_FACE ( 'NONE', ( #1876 ), #1188, .T. ) ;
#3515 = DIRECTION ( 'NONE',  ( 1.000000000000000000, -0.000000000000000000, -0.000000000000000000 ) ) ;
#3516 = CARTESIAN_POINT ( 'NONE',  ( 97.74999999999998579, 2.999999999999995559, 2.886284591944389247E-14 ) ) ;
#3517 = ORIENTED_EDGE ( 'NONE', *, *, #3258, .F. ) ;
#3518 = DIRECTION ( 'NONE',  ( 1.000000000000000000, -0.000000000000000000, -0.000000000000000000 ) ) ;
#3519 = FACE_OUTER_BOUND ( 'NONE', #2621, .T. ) ;
#3520 = DIRECTION ( 'NONE',  ( 1.000000000000000000, 0.000000000000000000, 0.000000000000000000 ) ) ;
#3521 = AXIS2_PLACEMENT_3D ( 'NONE', #1244, #4018, #246 ) ;
#3522 = LINE ( 'NONE', #1463, #2426 ) ;
#3523 = LINE ( 'NONE', #3912, #318 ) ;
#3524 = VERTEX_POINT ( 'NONE', #1228 ) ;
#3525 = EDGE_CURVE ( 'NONE', #3942, #2909, #3172, .T. ) ;
#3526 = ORIENTED_EDGE ( 'NONE', *, *, #3512, .F. ) ;
#3527 = EDGE_CURVE ( 'NONE', #301, #1332, #4227, .T. ) ;
#3528 = LINE ( 'NONE', #489, #2271 ) ;
#3529 = PRESENTATION_LAYER_ASSIGNMENT (  '', '', ( #1056 ) ) ;
#3530 = ORIENTED_EDGE ( 'NONE', *, *, #2942, .F. ) ;
#3531 = CARTESIAN_POINT ( 'NONE',  ( 92.50000000000000000, 52.50000000000000000, 0.000000000000000000 ) ) ;
#3532 = ORIENTED_EDGE ( 'NONE', *, *, #742, .T. ) ;
#3533 = LINE ( 'NONE', #494, #2537 ) ;
#3534 = CARTESIAN_POINT ( 'NONE',  ( 7.500000000000000000, 52.50000000000000000, 0.000000000000000000 ) ) ;
#3535 = ORIENTED_EDGE ( 'NONE', *, *, #2553, .F. ) ;
#3536 = CARTESIAN_POINT ( 'NONE',  ( 0.000000000000000000, 33.00000000000000000, -4.999999999999997335 ) ) ;
#3537 = LINE ( 'NONE', #3191, #2954 ) ;
#3538 = PLANE ( 'NONE',  #2504 ) ;
#3539 = VECTOR ( 'NONE', #2569, 1000.000000000000000 ) ;
#3540 = DIRECTION ( 'NONE',  ( 2.551063935260009998E-16, 0.000000000000000000, 1.000000000000000000 ) ) ;
#3541 = CARTESIAN_POINT ( 'NONE',  ( 93.50000000000000000, 2.999999999999995559, -54.75000000000000000 ) ) ;
#3542 = ORIENTED_EDGE ( 'NONE', *, *, #4189, .F. ) ;
#3543 = EDGE_CURVE ( 'NONE', #2711, #2647, #2215, .T. ) ;
#3544 = ORIENTED_EDGE ( 'NONE', *, *, #399, .T. ) ;
#3545 = LINE ( 'NONE', #1239, #1199 ) ;
#3546 = AXIS2_PLACEMENT_3D ( 'NONE', #3516, #1833, #3186 ) ;
#3547 = EDGE_LOOP ( 'NONE', ( #3069, #2894, #2933, #3507 ) ) ;
#3548 = DIRECTION ( 'NONE',  ( 0.000000000000000000, 0.000000000000000000, -1.000000000000000000 ) ) ;
#3549 = ORIENTED_EDGE ( 'NONE', *, *, #4094, .T. ) ;
#3550 = CARTESIAN_POINT ( 'NONE',  ( 17.50000000000000355, 54.00000000000000000, -7.500000000000000000 ) ) ;
#3551 = DIRECTION ( 'NONE',  ( 2.392722035830078972E-16, 0.000000000000000000, 1.000000000000000000 ) ) ;
#3552 = ORIENTED_EDGE ( 'NONE', *, *, #2350, .T. ) ;
#3553 = EDGE_CURVE ( 'NONE', #55, #68, #1148, .T. ) ;
#3554 = CYLINDRICAL_SURFACE ( 'NONE', #3826, 1.699999999999987965 ) ;
#3555 = EDGE_CURVE ( 'NONE', #978, #1137, #1505, .T. ) ;
#3556 = DIRECTION ( 'NONE',  ( -0.000000000000000000, 0.000000000000000000, 1.000000000000000000 ) ) ;
#3557 = DIRECTION ( 'NONE',  ( 1.000000000000000000, 0.000000000000000000, -1.156482317317871478E-16 ) ) ;
#3558 = DIRECTION ( 'NONE',  ( 0.000000000000000000, 0.000000000000000000, 1.000000000000000000 ) ) ;
#3559 = FACE_OUTER_BOUND ( 'NONE', #2952, .T. ) ;
#3560 = ORIENTED_EDGE ( 'NONE', *, *, #4343, .T. ) ;
#3561 = ADVANCED_FACE ( 'NONE', ( #3855 ), #816, .T. ) ;
#3562 = ORIENTED_EDGE ( 'NONE', *, *, #2467, .F. ) ;
#3563 = EDGE_LOOP ( 'NONE', ( #1088, #1264, #3288, #3727 ) ) ;
#3564 = LINE ( 'NONE', #375, #357 ) ;
#3565 = AXIS2_PLACEMENT_3D ( 'NONE', #3122, #2056, #2033 ) ;
#3566 = ORIENTED_EDGE ( 'NONE', *, *, #2096, .F. ) ;
#3567 = DIRECTION ( 'NONE',  ( 0.000000000000000000, 0.000000000000000000, -1.000000000000000000 ) ) ;
#3568 = ORIENTED_EDGE ( 'NONE', *, *, #2942, .T. ) ;
#3569 = VECTOR ( 'NONE', #3601, 1000.000000000000000 ) ;
#3570 = LINE ( 'NONE', #3146, #3163 ) ;
#3571 = CARTESIAN_POINT ( 'NONE',  ( 100.0000000000000000, 36.20000000000000995, -5.000000000000039080 ) ) ;
#3572 = CIRCLE ( 'NONE', #3725, 3.360000000000002096 ) ;
#3573 = ORIENTED_EDGE ( 'NONE', *, *, #871, .T. ) ;
#3574 = CARTESIAN_POINT ( 'NONE',  ( 7.500000000000000000, 36.20000000000000995, -54.99999999999995737 ) ) ;
#3575 = AXIS2_PLACEMENT_3D ( 'NONE', #2506, #3849, #2525 ) ;
#3576 = CIRCLE ( 'NONE', #325, 1.700000000000000178 ) ;
#3577 = DIRECTION ( 'NONE',  ( -1.000000000000000000, 0.000000000000000000, 0.000000000000000000 ) ) ;
#3578 = DIRECTION ( 'NONE',  ( 1.000000000000000000, 0.000000000000000000, 0.000000000000000000 ) ) ;
#3579 = FACE_OUTER_BOUND ( 'NONE', #2920, .T. ) ;
#3580 = CARTESIAN_POINT ( 'NONE',  ( 0.000000000000000000, 48.25000000000000000, -11.74999999999999645 ) ) ;
#3581 = EDGE_LOOP ( 'NONE', ( #4159, #270 ) ) ;
#3582 = ADVANCED_FACE ( 'NONE', ( #1504 ), #2532, .T. ) ;
#3583 = CYLINDRICAL_SURFACE ( 'NONE', #1404, 1.699999999999993072 ) ;
#3584 = AXIS2_PLACEMENT_3D ( 'NONE', #1696, #2722, #3077 ) ;
#3585 = EDGE_LOOP ( 'NONE', ( #808, #976, #2746, #3510, #4138, #2791, #1085, #2664 ) ) ;
#3586 = ORIENTED_EDGE ( 'NONE', *, *, #3109, .F. ) ;
#3587 = ORIENTED_EDGE ( 'NONE', *, *, #350, .T. ) ;
#3588 = EDGE_CURVE ( 'NONE', #4374, #2803, #4292, .T. ) ;
#3589 = CIRCLE ( 'NONE', #127, 9.999999999999994671 ) ;
#3590 = DIRECTION ( 'NONE',  ( 1.000000000000000000, -0.000000000000000000, -0.000000000000000000 ) ) ;
#3591 = ORIENTED_EDGE ( 'NONE', *, *, #1989, .F. ) ;
#3592 = EDGE_CURVE ( 'NONE', #1259, #1939, #1251, .T. ) ;
#3593 = ORIENTED_EDGE ( 'NONE', *, *, #112, .F. ) ;
#3594 = PLANE ( 'NONE',  #2604 ) ;
#3595 = CARTESIAN_POINT ( 'NONE',  ( 92.50000000000000000, 0.000000000000000000, -54.99999999999995737 ) ) ;
#3596 = ORIENTED_EDGE ( 'NONE', *, *, #4309, .F. ) ;
#3597 = DIRECTION ( 'NONE',  ( 0.000000000000000000, -1.000000000000000000, 0.000000000000000000 ) ) ;
#3598 = FACE_OUTER_BOUND ( 'NONE', #1234, .T. ) ;
#3599 = PLANE ( 'NONE',  #1041 ) ;
#3600 = DIRECTION ( 'NONE',  ( -0.000000000000000000, -0.000000000000000000, 1.000000000000000000 ) ) ;
#3601 = DIRECTION ( 'NONE',  ( -1.000000000000000000, -0.000000000000000000, -0.000000000000000000 ) ) ;
#3602 = DIRECTION ( 'NONE',  ( -0.000000000000000000, 1.000000000000000000, -0.000000000000000000 ) ) ;
#3603 = CIRCLE ( 'NONE', #3257, 1.699999999999993072 ) ;
#3604 = VECTOR ( 'NONE', #1813, 1000.000000000000000 ) ;
#3605 = DIRECTION ( 'NONE',  ( 0.000000000000000000, 1.000000000000000000, -0.000000000000000000 ) ) ;
#3606 = VERTEX_POINT ( 'NONE', #944 ) ;
#3607 = CIRCLE ( 'NONE', #1781, 1.699999999999993072 ) ;
#3608 = ORIENTED_EDGE ( 'NONE', *, *, #742, .F. ) ;
#3609 = ORIENTED_EDGE ( 'NONE', *, *, #3042, .F. ) ;
#3610 = ADVANCED_FACE ( 'NONE', ( #2300 ), #1276, .T. ) ;
#3611 = DIRECTION ( 'NONE',  ( 0.000000000000000000, 0.000000000000000000, -1.000000000000000000 ) ) ;
#3612 = ORIENTED_EDGE ( 'NONE', *, *, #751, .T. ) ;
#3613 = ADVANCED_FACE ( 'NONE', ( #3367 ), #438, .F. ) ;
#3614 = ORIENTED_EDGE ( 'NONE', *, *, #1376, .F. ) ;
#3615 = EDGE_CURVE ( 'NONE', #99, #218, #1791, .T. ) ;
#3616 = VECTOR ( 'NONE', #7, 1000.000000000000000 ) ;
#3617 = CARTESIAN_POINT ( 'NONE',  ( 0.000000000000000000, 40.00000000000000000, -5.000000000000039968 ) ) ;
#3618 = CARTESIAN_POINT ( 'NONE',  ( 6.500000000000000000, 36.20000000000000995, -5.000000000000039080 ) ) ;
#3619 = EDGE_CURVE ( 'NONE', #1544, #805, #3693, .T. ) ;
#3620 = ORIENTED_EDGE ( 'NONE', *, *, #3642, .T. ) ;
#3621 = VECTOR ( 'NONE', #1672, 1000.000000000000000 ) ;
#3622 = LINE ( 'NONE', #3666, #3331 ) ;
#3623 = VECTOR ( 'NONE', #2926, 1000.000000000000000 ) ;
#3624 = LINE ( 'NONE', #588, #4078 ) ;
#3625 = ADVANCED_FACE ( 'NONE', ( #2325 ), #3980, .T. ) ;
#3626 = PLANE ( 'NONE',  #4033 ) ;
#3627 = LINE ( 'NONE', #1654, #2854 ) ;
#3628 = DIRECTION ( 'NONE',  ( 0.000000000000000000, 0.000000000000000000, -1.000000000000000000 ) ) ;
#3629 = FACE_OUTER_BOUND ( 'NONE', #4331, .T. ) ;
#3630 = DIRECTION ( 'NONE',  ( 0.000000000000000000, 6.938893903907222461E-16, -1.000000000000000000 ) ) ;
#3631 = EDGE_LOOP ( 'NONE', ( #3917, #735, #904, #3851 ) ) ;
#3632 = VERTEX_POINT ( 'NONE', #1988 ) ;
#3633 = ORIENTED_EDGE ( 'NONE', *, *, #1298, .T. ) ;
#3634 =( LENGTH_UNIT ( ) NAMED_UNIT ( * ) SI_UNIT ( .MILLI., .METRE. ) );
#3635 = ORIENTED_EDGE ( 'NONE', *, *, #3265, .T. ) ;
#3636 = ORIENTED_EDGE ( 'NONE', *, *, #1663, .F. ) ;
#3637 = CARTESIAN_POINT ( 'NONE',  ( 7.500000000000000000, -1.141265444721593569E-15, -5.000000000000030198 ) ) ;
#3638 = CARTESIAN_POINT ( 'NONE',  ( 88.26000000000000512, 48.25999999999999801, -58.33999999999997499 ) ) ;
#3639 = VERTEX_POINT ( 'NONE', #2658 ) ;
#3640 = EDGE_CURVE ( 'NONE', #3895, #1427, #3670, .T. ) ;
#3641 = DIRECTION ( 'NONE',  ( 1.000000000000000000, -0.000000000000000000, 3.083952846180990774E-16 ) ) ;
#3642 = EDGE_CURVE ( 'NONE', #2360, #3120, #1967, .T. ) ;
#3643 = CARTESIAN_POINT ( 'NONE',  ( 100.0000000000000000, 52.50000000000000000, -7.499999999999993783 ) ) ;
#3644 = FACE_OUTER_BOUND ( 'NONE', #4117, .T. ) ;
#3645 = CARTESIAN_POINT ( 'NONE',  ( 88.26000000000000512, 48.25999999999999801, -60.00000000000000000 ) ) ;
#3646 = DIRECTION ( 'NONE',  ( 0.000000000000000000, 0.000000000000000000, 1.000000000000000000 ) ) ;
#3647 = AXIS2_PLACEMENT_3D ( 'NONE', #3580, #3255, #171 ) ;
#3648 = CARTESIAN_POINT ( 'NONE',  ( 7.500000000000007105, 60.00000000000000000, -8.673617379884043361E-16 ) ) ;
#3649 = CARTESIAN_POINT ( 'NONE',  ( 97.74999999999998579, 2.999999999999995559, -6.500000000000000000 ) ) ;
#3650 = ORIENTED_EDGE ( 'NONE', *, *, #2122, .T. ) ;
#3651 = ORIENTED_EDGE ( 'NONE', *, *, #382, .F. ) ;
#3652 = VECTOR ( 'NONE', #3751, 1000.000000000000000 ) ;
#3653 = EDGE_CURVE ( 'NONE', #1716, #2828, #3345, .T. ) ;
#3654 = ORIENTED_EDGE ( 'NONE', *, *, #1661, .F. ) ;
#3655 = AXIS2_PLACEMENT_3D ( 'NONE', #1221, #3924, #2650 ) ;
#3656 = EDGE_CURVE ( 'NONE', #3707, #3738, #3627, .T. ) ;
#3657 = FACE_OUTER_BOUND ( 'NONE', #3116, .T. ) ;
#3658 = ADVANCED_FACE ( 'NONE', ( #274 ), #1323, .F. ) ;
#3659 = ORIENTED_EDGE ( 'NONE', *, *, #339, .T. ) ;
#3660 = CIRCLE ( 'NONE', #4228, 10.00000000000000888 ) ;
#3661 = ORIENTED_EDGE ( 'NONE', *, *, #3324, .F. ) ;
#3662 = DIRECTION ( 'NONE',  ( -1.000000000000000000, -0.000000000000000000, -0.000000000000000000 ) ) ;
#3663 = CARTESIAN_POINT ( 'NONE',  ( 88.26000000000001933, 56.99999999999999289, -10.04000000000000981 ) ) ;
#3664 = DIRECTION ( 'NONE',  ( -1.000000000000000000, 0.000000000000000000, 0.000000000000000000 ) ) ;
#3665 = ORIENTED_EDGE ( 'NONE', *, *, #1364, .F. ) ;
#3666 = CARTESIAN_POINT ( 'NONE',  ( 92.50000000000000000, 42.49999999999999289, -57.74999999999999289 ) ) ;
#3667 = CYLINDRICAL_SURFACE ( 'NONE', #1001, 10.00000000000000178 ) ;
#3668 = DIRECTION ( 'NONE',  ( 1.000000000000000000, 0.000000000000000000, 0.000000000000000000 ) ) ;
#3669 = CARTESIAN_POINT ( 'NONE',  ( 94.75000000000000000, 52.50000000000000000, -52.49999999999999289 ) ) ;
#3670 = LINE ( 'NONE', #988, #3973 ) ;
#3671 = DIRECTION ( 'NONE',  ( 1.000000000000000000, -0.000000000000000000, -0.000000000000000000 ) ) ;
#3672 = FACE_OUTER_BOUND ( 'NONE', #2999, .T. ) ;
#3673 = EDGE_CURVE ( 'NONE', #3312, #2647, #321, .T. ) ;
#3674 = DIRECTION ( 'NONE',  ( 1.000000000000000000, -0.000000000000000000, -0.000000000000000000 ) ) ;
#3675 = EDGE_LOOP ( 'NONE', ( #3176, #527, #4062, #2290 ) ) ;
#3676 = ORIENTED_EDGE ( 'NONE', *, *, #2610, .F. ) ;
#3677 = VECTOR ( 'NONE', #1987, 1000.000000000000000 ) ;
#3678 = ORIENTED_EDGE ( 'NONE', *, *, #3362, .T. ) ;
#3679 = EDGE_CURVE ( 'NONE', #3098, #2425, #4336, .T. ) ;
#3680 = LINE ( 'NONE', #1309, #2832 ) ;
#3681 = VECTOR ( 'NONE', #509, 1000.000000000000000 ) ;
#3682 = EDGE_LOOP ( 'NONE', ( #4174, #3659, #1105, #2768 ) ) ;
#3683 = ORIENTED_EDGE ( 'NONE', *, *, #1735, .T. ) ;
#3684 = ORIENTED_EDGE ( 'NONE', *, *, #2579, .T. ) ;
#3685 = CARTESIAN_POINT ( 'NONE',  ( 92.50000000000000000, 0.000000000000000000, -57.00000000000000000 ) ) ;
#3686 = CARTESIAN_POINT ( 'NONE',  ( 92.50000000000000000, 33.00000000000000711, -52.49999999999999289 ) ) ;
#3687 = PLANE ( 'NONE',  #1209 ) ;
#3688 = EDGE_LOOP ( 'NONE', ( #1881, #3816, #2551, #1497, #2310, #666, #2900, #789, #3398, #1531, #3293, #1403 ) ) ;
#3689 = DIRECTION ( 'NONE',  ( -1.000000000000000000, 0.000000000000000000, -0.000000000000000000 ) ) ;
#3690 = VECTOR ( 'NONE', #2274, 1000.000000000000000 ) ;
#3691 = CARTESIAN_POINT ( 'NONE',  ( 15.10999999999999943, 48.25999999999999801, 1.734723475976807883E-15 ) ) ;
#3692 = DIRECTION ( 'NONE',  ( 0.000000000000000000, 1.000000000000000000, -2.282530889443172938E-16 ) ) ;
#3693 = LINE ( 'NONE', #4050, #3773 ) ;
#3694 = EDGE_CURVE ( 'NONE', #1834, #1698, #3039, .T. ) ;
#3695 = AXIS2_PLACEMENT_3D ( 'NONE', #29, #337, #3054 ) ;
#3696 = VECTOR ( 'NONE', #4145, 1000.000000000000000 ) ;
#3697 = LINE ( 'NONE', #3720, #3181 ) ;
#3698 = CARTESIAN_POINT ( 'NONE',  ( 92.50000000000000000, 1.011922027653137735E-15, -7.500000000000000888 ) ) ;
#3699 = EDGE_CURVE ( 'NONE', #3308, #161, #3346, .T. ) ;
#3700 = LINE ( 'NONE', #1710, #333 ) ;
#3701 = ORIENTED_EDGE ( 'NONE', *, *, #1581, .F. ) ;
#3702 = ORIENTED_EDGE ( 'NONE', *, *, #1494, .T. ) ;
#3703 = VERTEX_POINT ( 'NONE', #233 ) ;
#3704 = EDGE_CURVE ( 'NONE', #4346, #3156, #1583, .T. ) ;
#3705 = CARTESIAN_POINT ( 'NONE',  ( 6.500000000000001776, 2.999999999999995559, -1.879283765641541282E-15 ) ) ;
#3706 = VERTEX_POINT ( 'NONE', #2111 ) ;
#3707 = VERTEX_POINT ( 'NONE', #82 ) ;
#3708 = CARTESIAN_POINT ( 'NONE',  ( 97.74999999999998579, 42.49999999999999289, -7.499999999999995559 ) ) ;
#3709 = LINE ( 'NONE', #2696, #3937 ) ;
#3710 = DIRECTION ( 'NONE',  ( 1.000000000000000000, 0.000000000000000000, 4.984837574645997858E-18 ) ) ;
#3711 = ORIENTED_EDGE ( 'NONE', *, *, #3115, .T. ) ;
#3712 = CARTESIAN_POINT ( 'NONE',  ( 11.75000000000000000, 48.25999999999999801, -60.00000000000000000 ) ) ;
#3713 = LINE ( 'NONE', #3081, #2916 ) ;
#3714 = DIRECTION ( 'NONE',  ( 1.000000000000000000, -0.000000000000000000, -0.000000000000000000 ) ) ;
#3715 = DIRECTION ( 'NONE',  ( -1.000000000000000000, -0.000000000000000000, -0.000000000000000000 ) ) ;
#3716 = ADVANCED_FACE ( 'NONE', ( #11 ), #59, .F. ) ;
#3717 = DIRECTION ( 'NONE',  ( 2.392722035830078972E-16, 0.000000000000000000, 1.000000000000000000 ) ) ;
#3718 = AXIS2_PLACEMENT_3D ( 'NONE', #3712, #674, #1030 ) ;
#3719 = EDGE_CURVE ( 'NONE', #1854, #1685, #155, .T. ) ;
#3720 = CARTESIAN_POINT ( 'NONE',  ( 6.500000000000000000, 60.00000000000000000, -54.74999999999997868 ) ) ;
#3721 = CARTESIAN_POINT ( 'NONE',  ( 0.000000000000000000, 52.50000000000000000, -7.500000000000000000 ) ) ;
#3722 = CARTESIAN_POINT ( 'NONE',  ( 92.50000000000000000, 24.00655469070046522, -17.40475215075791837 ) ) ;
#3723 = ORIENTED_EDGE ( 'NONE', *, *, #4127, .T. ) ;
#3724 = EDGE_CURVE ( 'NONE', #1762, #688, #3768, .T. ) ;
#3725 = AXIS2_PLACEMENT_3D ( 'NONE', #2887, #2161, #2550 ) ;
#3726 = VERTEX_POINT ( 'NONE', #1375 ) ;
#3727 = ORIENTED_EDGE ( 'NONE', *, *, #611, .T. ) ;
#3728 = EDGE_CURVE ( 'NONE', #3149, #668, #3126, .T. ) ;
#3729 = VECTOR ( 'NONE', #368, 1000.000000000000000 ) ;
#3730 = MECHANICAL_DESIGN_GEOMETRIC_PRESENTATION_REPRESENTATION (  '', ( #1056 ), #2031 ) ;
#3731 = CARTESIAN_POINT ( 'NONE',  ( 7.500000000000000000, 52.50000000000000000, -5.249999999999997335 ) ) ;
#3732 = AXIS2_PLACEMENT_3D ( 'NONE', #232, #3298, #3577 ) ;
#3733 = ORIENTED_EDGE ( 'NONE', *, *, #933, .T. ) ;
#3734 = ORIENTED_EDGE ( 'NONE', *, *, #1530, .T. ) ;
#3735 = CARTESIAN_POINT ( 'NONE',  ( 2.250000000000007105, 52.50000000000000000, -2.906584547514340267E-16 ) ) ;
#3736 = CARTESIAN_POINT ( 'NONE',  ( 0.000000000000000000, 60.00000000000000000, -53.50000000000000000 ) ) ;
#3737 = FACE_BOUND ( 'NONE', #2959, .T. ) ;
#3738 = VERTEX_POINT ( 'NONE', #2419 ) ;
#3739 = CARTESIAN_POINT ( 'NONE',  ( 92.50000000000000000, 33.00000000000000000, -4.999999999999997335 ) ) ;
#3740 = CARTESIAN_POINT ( 'NONE',  ( 93.50000000000000000, 33.00000000000000000, -4.999999999999997335 ) ) ;
#3741 = CARTESIAN_POINT ( 'NONE',  ( 97.75000000000000000, 42.49999999999999289, -52.49999999999999289 ) ) ;
#3742 = CARTESIAN_POINT ( 'NONE',  ( 7.500000000000000000, 40.00000000000000000, 0.000000000000000000 ) ) ;
#3743 = DIRECTION ( 'NONE',  ( 0.000000000000000000, -1.000000000000000000, 0.000000000000000000 ) ) ;
#3744 = DIRECTION ( 'NONE',  ( -1.000000000000000000, 0.000000000000000000, 1.291815354450813925E-16 ) ) ;
#3745 = LINE ( 'NONE', #2466, #3053 ) ;
#3746 = VECTOR ( 'NONE', #395, 1000.000000000000000 ) ;
#3747 = DIRECTION ( 'NONE',  ( -0.000000000000000000, -0.000000000000000000, -1.000000000000000000 ) ) ;
#3748 = ORIENTED_EDGE ( 'NONE', *, *, #3555, .T. ) ;
#3749 = VERTEX_POINT ( 'NONE', #4099 ) ;
#3750 = ORIENTED_EDGE ( 'NONE', *, *, #3031, .F. ) ;
#3751 = DIRECTION ( 'NONE',  ( 0.000000000000000000, 1.000000000000000000, 1.541976423090495387E-16 ) ) ;
#3752 = VERTEX_POINT ( 'NONE', #414 ) ;
#3753 = EDGE_CURVE ( 'NONE', #1427, #812, #2087, .T. ) ;
#3754 = AXIS2_PLACEMENT_3D ( 'NONE', #2313, #2337, #2742 ) ;
#3755 = EDGE_LOOP ( 'NONE', ( #1243, #1216 ) ) ;
#3756 = DIRECTION ( 'NONE',  ( -1.291815354450813925E-16, 0.000000000000000000, -1.000000000000000000 ) ) ;
#3757 = CYLINDRICAL_SURFACE ( 'NONE', #1181, 9.999999999999994671 ) ;
#3758 = AXIS2_PLACEMENT_3D ( 'NONE', #2706, #3086, #37 ) ;
#3759 = FACE_OUTER_BOUND ( 'NONE', #821, .T. ) ;
#3760 = ORIENTED_EDGE ( 'NONE', *, *, #1075, .T. ) ;
#3761 = AXIS2_PLACEMENT_3D ( 'NONE', #2452, #3821, #1135 ) ;
#3762 = FACE_OUTER_BOUND ( 'NONE', #3547, .T. ) ;
#3763 = LINE ( 'NONE', #4068, #2922 ) ;
#3764 = EDGE_CURVE ( 'NONE', #4079, #1698, #370, .T. ) ;
#3765 = EDGE_CURVE ( 'NONE', #3877, #3783, #1097, .T. ) ;
#3766 = DIRECTION ( 'NONE',  ( 0.000000000000000000, 0.000000000000000000, 1.000000000000000000 ) ) ;
#3767 = DIRECTION ( 'NONE',  ( 1.000000000000000000, 0.000000000000000000, 0.000000000000000000 ) ) ;
#3768 = LINE ( 'NONE', #3809, #2352 ) ;
#3769 = CARTESIAN_POINT ( 'NONE',  ( 97.74999999999998579, 60.00000000000000000, -6.500000000000000000 ) ) ;
#3770 = FACE_OUTER_BOUND ( 'NONE', #1116, .T. ) ;
#3771 = EDGE_CURVE ( 'NONE', #327, #2868, #2147, .T. ) ;
#3772 = LINE ( 'NONE', #3503, #3242 ) ;
#3773 = VECTOR ( 'NONE', #2682, 1000.000000000000000 ) ;
#3774 = ORIENTED_EDGE ( 'NONE', *, *, #3141, .T. ) ;
#3775 = ORIENTED_EDGE ( 'NONE', *, *, #4246, .T. ) ;
#3776 = CARTESIAN_POINT ( 'NONE',  ( 97.74999999999998579, 48.25000000000000000, -11.74999999999999645 ) ) ;
#3777 = ORIENTED_EDGE ( 'NONE', *, *, #2514, .T. ) ;
#3778 = CARTESIAN_POINT ( 'NONE',  ( 17.50000000000000000, 52.50000000000000000, -57.74999999999999289 ) ) ;
#3779 = CARTESIAN_POINT ( 'NONE',  ( 1.660000000000001696, 48.24999999999999289, -48.25999999999999801 ) ) ;
#3780 = LINE ( 'NONE', #3452, #4196 ) ;
#3781 = VERTEX_POINT ( 'NONE', #3439 ) ;
#3782 = DIRECTION ( 'NONE',  ( 0.000000000000000000, 0.000000000000000000, 1.000000000000000000 ) ) ;
#3783 = VERTEX_POINT ( 'NONE', #394 ) ;
#3784 = LINE ( 'NONE', #2727, #113 ) ;
#3785 = CARTESIAN_POINT ( 'NONE',  ( 10.05000000000001137, 48.25999999999999801, -58.33999999999997499 ) ) ;
#3786 = LINE ( 'NONE', #1455, #577 ) ;
#3787 = CARTESIAN_POINT ( 'NONE',  ( 6.499999999999995559, 22.54526833265049035, -40.57968045882832087 ) ) ;
#3788 = EDGE_CURVE ( 'NONE', #205, #949, #2463, .T. ) ;
#3789 = DIRECTION ( 'NONE',  ( 1.291815354450813678E-16, 0.000000000000000000, 1.000000000000000000 ) ) ;
#3790 = AXIS2_PLACEMENT_3D ( 'NONE', #3847, #3183, #138 ) ;
#3791 = CARTESIAN_POINT ( 'NONE',  ( 92.50000000000001421, 54.00000000000000000, 2.852656382717416251E-14 ) ) ;
#3792 = EDGE_LOOP ( 'NONE', ( #4008, #2720, #1952, #997 ) ) ;
#3793 = EDGE_LOOP ( 'NONE', ( #2250, #3573, #2760, #4260 ) ) ;
#3794 = VECTOR ( 'NONE', #4270, 1000.000000000000000 ) ;
#3795 = LINE ( 'NONE', #1738, #3652 ) ;
#3796 = VECTOR ( 'NONE', #1611, 1000.000000000000000 ) ;
#3797 = EDGE_CURVE ( 'NONE', #1009, #102, #1284, .T. ) ;
#3798 = ORIENTED_EDGE ( 'NONE', *, *, #3324, .T. ) ;
#3799 = VECTOR ( 'NONE', #4289, 1000.000000000000000 ) ;
#3800 = EDGE_CURVE ( 'NONE', #2155, #639, #3105, .T. ) ;
#3801 = DIRECTION ( 'NONE',  ( 0.000000000000000000, 0.000000000000000000, 1.000000000000000000 ) ) ;
#3802 = CARTESIAN_POINT ( 'NONE',  ( 7.500000000000000000, 34.45000000000000995, -2.999999999999997335 ) ) ;
#3803 = DIRECTION ( 'NONE',  ( 0.000000000000000000, 1.000000000000000000, 0.000000000000000000 ) ) ;
#3804 = ORIENTED_EDGE ( 'NONE', *, *, #3300, .F. ) ;
#3805 = DIRECTION ( 'NONE',  ( 0.000000000000000000, 0.000000000000000000, -1.000000000000000000 ) ) ;
#3806 = VERTEX_POINT ( 'NONE', #1752 ) ;
#3807 = VECTOR ( 'NONE', #3844, 1000.000000000000000 ) ;
#3808 = LINE ( 'NONE', #1345, #1597 ) ;
#3809 = CARTESIAN_POINT ( 'NONE',  ( 93.50000000000000000, 2.999999999999995559, -2.999999999999997335 ) ) ;
#3810 = CARTESIAN_POINT ( 'NONE',  ( 100.0000000000000000, 48.25000000000000000, -11.74999999999999645 ) ) ;
#3811 = DIRECTION ( 'NONE',  ( -1.000000000000000000, -0.000000000000000000, -0.000000000000000000 ) ) ;
#3812 = AXIS2_PLACEMENT_3D ( 'NONE', #3443, #2822, #376 ) ;
#3813 = CARTESIAN_POINT ( 'NONE',  ( 98.34000000000001762, 48.24999999999999289, -49.96000000000000085 ) ) ;
#3814 = EDGE_CURVE ( 'NONE', #2974, #55, #1418, .T. ) ;
#3815 = ORIENTED_EDGE ( 'NONE', *, *, #1627, .F. ) ;
#3816 = ORIENTED_EDGE ( 'NONE', *, *, #2869, .F. ) ;
#3817 = EDGE_CURVE ( 'NONE', #1215, #1834, #432, .T. ) ;
#3818 = ORIENTED_EDGE ( 'NONE', *, *, #3304, .T. ) ;
#3819 = ORIENTED_EDGE ( 'NONE', *, *, #2554, .F. ) ;
#3820 = EDGE_CURVE ( 'NONE', #2016, #3467, #34, .T. ) ;
#3821 = DIRECTION ( 'NONE',  ( 0.000000000000000000, 1.000000000000000000, 0.000000000000000000 ) ) ;
#3822 = CARTESIAN_POINT ( 'NONE',  ( 86.56000000000001648, 48.25999999999999801, -2.249999999999999112 ) ) ;
#3823 = LINE ( 'NONE', #2477, #2568 ) ;
#3824 = ORIENTED_EDGE ( 'NONE', *, *, #842, .T. ) ;
#3825 = CARTESIAN_POINT ( 'NONE',  ( 100.0000000000000000, 48.24999999999999289, -48.25999999999999801 ) ) ;
#3826 = AXIS2_PLACEMENT_3D ( 'NONE', #3229, #4286, #915 ) ;
#3827 = ORIENTED_EDGE ( 'NONE', *, *, #342, .F. ) ;
#3828 = LINE ( 'NONE', #3884, #1462 ) ;
#3829 = CARTESIAN_POINT ( 'NONE',  ( 92.50000000000001421, 60.00000000000000000, -7.500000000000000000 ) ) ;
#3830 = AXIS2_PLACEMENT_3D ( 'NONE', #198, #4278, #1887 ) ;
#3831 = EDGE_LOOP ( 'NONE', ( #125, #2210, #3501, #1500 ) ) ;
#3832 = LINE ( 'NONE', #498, #1845 ) ;
#3833 = DIRECTION ( 'NONE',  ( 0.000000000000000000, 0.000000000000000000, 1.000000000000000000 ) ) ;
#3834 = DIRECTION ( 'NONE',  ( 0.000000000000000000, 1.000000000000000000, 0.000000000000000000 ) ) ;
#3835 = LINE ( 'NONE', #837, #1172 ) ;
#3836 = ORIENTED_EDGE ( 'NONE', *, *, #1735, .F. ) ;
#3837 = VECTOR ( 'NONE', #4307, 1000.000000000000000 ) ;
#3838 = EDGE_CURVE ( 'NONE', #4374, #2307, #3786, .T. ) ;
#3839 = ORIENTED_EDGE ( 'NONE', *, *, #339, .F. ) ;
#3840 = AXIS2_PLACEMENT_3D ( 'NONE', #407, #1744, #2698 ) ;
#3841 = AXIS2_PLACEMENT_3D ( 'NONE', #3213, #520, #1859 ) ;
#3842 = EDGE_LOOP ( 'NONE', ( #4272, #3448, #2293 ) ) ;
#3843 = CARTESIAN_POINT ( 'NONE',  ( 11.75000000000000711, 56.99999999999999289, -11.74000000000000021 ) ) ;
#3844 = DIRECTION ( 'NONE',  ( -1.000000000000000000, -0.000000000000000000, -0.000000000000000000 ) ) ;
#3845 = ORIENTED_EDGE ( 'NONE', *, *, #3995, .T. ) ;
#3846 = PRODUCT_DEFINITION_CONTEXT ( 'detailed design', #2964, 'design' ) ;
#3847 = CARTESIAN_POINT ( 'NONE',  ( 11.75000000000000000, 48.25999999999999801, 0.000000000000000000 ) ) ;
#3848 = ORIENTED_EDGE ( 'NONE', *, *, #486, .F. ) ;
#3849 = DIRECTION ( 'NONE',  ( -0.000000000000000000, -0.000000000000000000, 1.000000000000000000 ) ) ;
#3850 = FACE_OUTER_BOUND ( 'NONE', #641, .T. ) ;
#3851 = ORIENTED_EDGE ( 'NONE', *, *, #3137, .T. ) ;
#3852 = PLANE ( 'NONE',  #2626 ) ;
#3853 = ADVANCED_FACE ( 'NONE', ( #1120, #2484 ), #2395, .T. ) ;
#3854 = EDGE_CURVE ( 'NONE', #756, #2828, #1704, .T. ) ;
#3855 = FACE_OUTER_BOUND ( 'NONE', #3269, .T. ) ;
#3856 = CARTESIAN_POINT ( 'NONE',  ( 92.50000000000001421, 54.00000000000000000, -52.50000000000000000 ) ) ;
#3857 = CARTESIAN_POINT ( 'NONE',  ( 6.500000000000000888, 36.20000000000000995, -2.999999999999997335 ) ) ;
#3858 = EDGE_LOOP ( 'NONE', ( #292, #172, #1864, #1759 ) ) ;
#3859 = AXIS2_PLACEMENT_3D ( 'NONE', #2700, #3388, #54 ) ;
#3860 = EDGE_LOOP ( 'NONE', ( #1615, #2331, #4032, #378 ) ) ;
#3861 = DIRECTION ( 'NONE',  ( -0.000000000000000000, 1.000000000000000000, -0.000000000000000000 ) ) ;
#3862 = ORIENTED_EDGE ( 'NONE', *, *, #2199, .T. ) ;
#3863 = AXIS2_PLACEMENT_3D ( 'NONE', #1947, #3303, #3668 ) ;
#3864 = CARTESIAN_POINT ( 'NONE',  ( 17.50000000000000355, 54.00000000000000000, -7.500000000000000000 ) ) ;
#3865 = ORIENTED_EDGE ( 'NONE', *, *, #974, .T. ) ;
#3866 = CARTESIAN_POINT ( 'NONE',  ( 7.500000000000000888, 56.99999999999999289, -7.500000000000000000 ) ) ;
#3867 = FACE_OUTER_BOUND ( 'NONE', #4152, .T. ) ;
#3868 = ORIENTED_EDGE ( 'NONE', *, *, #3177, .T. ) ;
#3869 = VECTOR ( 'NONE', #2449, 1000.000000000000000 ) ;
#3870 = DIRECTION ( 'NONE',  ( 1.291815354450813925E-16, 0.000000000000000000, 1.000000000000000000 ) ) ;
#3871 = CARTESIAN_POINT ( 'NONE',  ( 7.500000000000007105, 54.00000000000000000, -8.673617379884043361E-16 ) ) ;
#3872 = LINE ( 'NONE', #1520, #2716 ) ;
#3873 = VECTOR ( 'NONE', #1090, 1000.000000000000000 ) ;
#3874 = CARTESIAN_POINT ( 'NONE',  ( 92.50000000000002842, 60.00000000000000000, -52.50000000000000000 ) ) ;
#3875 = DIRECTION ( 'NONE',  ( 0.000000000000000000, -2.775557561562894507E-15, 1.000000000000000000 ) ) ;
#3876 = EDGE_LOOP ( 'NONE', ( #3072, #973, #3456, #2413 ) ) ;
#3877 = VERTEX_POINT ( 'NONE', #2526 ) ;
#3878 = LINE ( 'NONE', #578, #565 ) ;
#3879 = ADVANCED_FACE ( 'NONE', ( #495, #123 ), #3885, .F. ) ;
#3880 = VERTEX_POINT ( 'NONE', #1811 ) ;
#3881 = CARTESIAN_POINT ( 'NONE',  ( 11.75000000000000000, 48.25999999999999801, -1.660000000000022569 ) ) ;
#3882 = EDGE_CURVE ( 'NONE', #1043, #3966, #182, .T. ) ;
#3883 = EDGE_LOOP ( 'NONE', ( #3815, #2407, #4205, #3991 ) ) ;
#3884 = CARTESIAN_POINT ( 'NONE',  ( 92.50000000000001421, 56.99999999999999289, -7.500000000000000000 ) ) ;
#3885 = PLANE ( 'NONE',  #3066 ) ;
#3886 = ORIENTED_EDGE ( 'NONE', *, *, #2199, .F. ) ;
#3887 = VECTOR ( 'NONE', #57, 1000.000000000000000 ) ;
#3888 = EDGE_CURVE ( 'NONE', #1475, #3921, #3249, .T. ) ;
#3889 = CARTESIAN_POINT ( 'NONE',  ( 92.50000000000000000, 42.49999999999999289, -60.00000000000000000 ) ) ;
#3890 = LINE ( 'NONE', #2194, #2817 ) ;
#3891 = CARTESIAN_POINT ( 'NONE',  ( 7.500000000000000000, 33.00000000000000711, -52.49999999999999289 ) ) ;
#3892 = CIRCLE ( 'NONE', #2135, 1.700000000000000178 ) ;
#3893 = DIRECTION ( 'NONE',  ( 0.000000000000000000, 0.000000000000000000, 1.000000000000000000 ) ) ;
#3894 = DIRECTION ( 'NONE',  ( -1.000000000000000000, 0.000000000000000000, 0.000000000000000000 ) ) ;
#3895 = VERTEX_POINT ( 'NONE', #3166 ) ;
#3896 = ORIENTED_EDGE ( 'NONE', *, *, #3435, .F. ) ;
#3897 = VERTEX_POINT ( 'NONE', #165 ) ;
#3898 = CARTESIAN_POINT ( 'NONE',  ( 2.250000000000006217, 48.25000000000000000, -10.04999999999999716 ) ) ;
#3899 = VECTOR ( 'NONE', #1320, 1000.000000000000000 ) ;
#3900 = VECTOR ( 'NONE', #1916, 1000.000000000000000 ) ;
#3901 = ORIENTED_EDGE ( 'NONE', *, *, #3640, .F. ) ;
#3902 = LINE ( 'NONE', #864, #2587 ) ;
#3903 = ORIENTED_EDGE ( 'NONE', *, *, #3525, .F. ) ;
#3904 = CARTESIAN_POINT ( 'NONE',  ( 100.0000000000000000, 60.00000000000000000, 0.000000000000000000 ) ) ;
#3905 = DIRECTION ( 'NONE',  ( -0.000000000000000000, -1.000000000000000000, -0.000000000000000000 ) ) ;
#3906 = ORIENTED_EDGE ( 'NONE', *, *, #3527, .F. ) ;
#3907 = LINE ( 'NONE', #3574, #563 ) ;
#3908 = FACE_OUTER_BOUND ( 'NONE', #3842, .T. ) ;
#3909 = FACE_OUTER_BOUND ( 'NONE', #2374, .T. ) ;
#3910 = EDGE_CURVE ( 'NONE', #359, #3240, #453, .T. ) ;
#3911 = DIRECTION ( 'NONE',  ( -1.000000000000000000, 0.000000000000000000, 0.000000000000000000 ) ) ;
#3912 = CARTESIAN_POINT ( 'NONE',  ( 97.75000000000000000, 2.999999999999995559, -53.50000000000000000 ) ) ;
#3913 = EDGE_LOOP ( 'NONE', ( #1197, #4304, #621 ) ) ;
#3914 = CARTESIAN_POINT ( 'NONE',  ( 88.26000000000001933, 56.99999999999999289, -46.55000000000001137 ) ) ;
#3915 = ORIENTED_EDGE ( 'NONE', *, *, #3204, .F. ) ;
#3916 = EDGE_CURVE ( 'NONE', #424, #2332, #1145, .T. ) ;
#3917 = ORIENTED_EDGE ( 'NONE', *, *, #2020, .F. ) ;
#3918 = ORIENTED_EDGE ( 'NONE', *, *, #3244, .F. ) ;
#3919 = CARTESIAN_POINT ( 'NONE',  ( 92.50000000000000000, 52.50000000000000000, 0.000000000000000000 ) ) ;
#3920 = VECTOR ( 'NONE', #1850, 1000.000000000000000 ) ;
#3921 = VERTEX_POINT ( 'NONE', #475 ) ;
#3922 = ORIENTED_EDGE ( 'NONE', *, *, #2936, .T. ) ;
#3923 = VECTOR ( 'NONE', #568, 1000.000000000000000 ) ;
#3924 = DIRECTION ( 'NONE',  ( -0.000000000000000000, 1.000000000000000000, -0.000000000000000000 ) ) ;
#3925 = CARTESIAN_POINT ( 'NONE',  ( 93.50000000000000000, 60.00000000000000000, -2.249999999999999112 ) ) ;
#3926 = AXIS2_PLACEMENT_3D ( 'NONE', #3648, #299, #4364 ) ;
#3927 = EDGE_LOOP ( 'NONE', ( #583, #1130, #2915, #1660 ) ) ;
#3928 = DIRECTION ( 'NONE',  ( 1.000000000000000000, 0.000000000000000000, 0.000000000000000000 ) ) ;
#3929 = VECTOR ( 'NONE', #699, 1000.000000000000000 ) ;
#3930 = VECTOR ( 'NONE', #4226, 1000.000000000000000 ) ;
#3931 = DIRECTION ( 'NONE',  ( -1.000000000000000000, -0.000000000000000000, -0.000000000000000000 ) ) ;
#3932 = CARTESIAN_POINT ( 'NONE',  ( 88.26000000000000512, 48.25999999999999801, 1.734723475976807883E-15 ) ) ;
#3933 = CARTESIAN_POINT ( 'NONE',  ( 97.74999999999998579, 48.25000000000000000, -13.44999999999999751 ) ) ;
#3934 = DIRECTION ( 'NONE',  ( -1.000000000000000000, 0.000000000000000000, 0.000000000000000000 ) ) ;
#3935 = CARTESIAN_POINT ( 'NONE',  ( 0.000000000000000000, 60.00000000000000000, -7.500000000000000000 ) ) ;
#3936 = LINE ( 'NONE', #1903, #1964 ) ;
#3937 = VECTOR ( 'NONE', #72, 1000.000000000000000 ) ;
#3938 = ORIENTED_EDGE ( 'NONE', *, *, #2689, .F. ) ;
#3939 = ADVANCED_FACE ( 'NONE', ( #1516, #2228 ), #2566, .T. ) ;
#3940 = ORIENTED_EDGE ( 'NONE', *, *, #4037, .F. ) ;
#3941 = VECTOR ( 'NONE', #2179, 1000.000000000000000 ) ;
#3942 = VERTEX_POINT ( 'NONE', #3571 ) ;
#3943 = ADVANCED_FACE ( 'NONE', ( #1537 ), #3499, .F. ) ;
#3944 = AXIS2_PLACEMENT_3D ( 'NONE', #3722, #2015, #4006 ) ;
#3945 = EDGE_CURVE ( 'NONE', #2528, #2647, #2861, .T. ) ;
#3946 = DIRECTION ( 'NONE',  ( 0.000000000000000000, -1.000000000000000000, 0.000000000000000000 ) ) ;
#3947 = EDGE_LOOP ( 'NONE', ( #4300, #594, #1658, #3261, #1473, #65, #1363, #2795, #1018 ) ) ;
#3948 = EDGE_CURVE ( 'NONE', #400, #173, #1871, .T. ) ;
#3949 = ORIENTED_EDGE ( 'NONE', *, *, #4168, .F. ) ;
#3950 = VECTOR ( 'NONE', #2730, 1000.000000000000000 ) ;
#3951 = DIRECTION ( 'NONE',  ( 0.000000000000000000, 1.000000000000000000, 0.000000000000000000 ) ) ;
#3952 = DIRECTION ( 'NONE',  ( -0.000000000000000000, -0.000000000000000000, -1.000000000000000000 ) ) ;
#3953 = VERTEX_POINT ( 'NONE', #2544 ) ;
#3954 = DIRECTION ( 'NONE',  ( 1.000000000000000000, 0.000000000000000000, -0.000000000000000000 ) ) ;
#3955 = DIRECTION ( 'NONE',  ( 0.000000000000000000, 1.000000000000000000, 0.000000000000000000 ) ) ;
#3956 = FACE_OUTER_BOUND ( 'NONE', #2986, .T. ) ;
#3957 = DIRECTION ( 'NONE',  ( 1.000000000000000000, 0.000000000000000000, -2.392722035830078972E-16 ) ) ;
#3958 = CARTESIAN_POINT ( 'NONE',  ( 100.0000000000000000, 48.24999999999999289, -51.61999999999999744 ) ) ;
#3959 = CARTESIAN_POINT ( 'NONE',  ( 2.250000000000000000, 52.50000000000000000, -42.49999999999999289 ) ) ;
#3960 = VECTOR ( 'NONE', #943, 1000.000000000000000 ) ;
#3961 = VECTOR ( 'NONE', #1874, 1000.000000000000000 ) ;
#3962 = CARTESIAN_POINT ( 'NONE',  ( 92.50000000000000000, 52.50000000000000000, -60.00000000000000000 ) ) ;
#3963 = ORIENTED_EDGE ( 'NONE', *, *, #2921, .F. ) ;
#3964 = VECTOR ( 'NONE', #3491, 1000.000000000000000 ) ;
#3965 = ORIENTED_EDGE ( 'NONE', *, *, #2467, .T. ) ;
#3966 = VERTEX_POINT ( 'NONE', #4185 ) ;
#3967 = DIRECTION ( 'NONE',  ( -2.891205793294675861E-16, -0.000000000000000000, 1.000000000000000000 ) ) ;
#3968 = ADVANCED_FACE ( 'NONE', ( #3867 ), #539, .T. ) ;
#3969 = EDGE_LOOP ( 'NONE', ( #1306, #2605, #285, #1722 ) ) ;
#3970 = ADVANCED_FACE ( 'NONE', ( #2919 ), #831, .F. ) ;
#3971 = ORIENTED_EDGE ( 'NONE', *, *, #2514, .F. ) ;
#3972 = VERTEX_POINT ( 'NONE', #2899 ) ;
#3973 = VECTOR ( 'NONE', #610, 1000.000000000000000 ) ;
#3974 = DIRECTION ( 'NONE',  ( 0.7071067811865441310, 0.000000000000000000, 0.7071067811865507924 ) ) ;
#3975 = DIRECTION ( 'NONE',  ( -1.000000000000000000, 0.000000000000000000, -0.000000000000000000 ) ) ;
#3976 = VERTEX_POINT ( 'NONE', #1142 ) ;
#3977 = PLANE ( 'NONE',  #1385 ) ;
#3978 = FACE_OUTER_BOUND ( 'NONE', #3182, .T. ) ;
#3979 = CARTESIAN_POINT ( 'NONE',  ( 7.500000000000000000, 36.20000000000000995, 0.000000000000000000 ) ) ;
#3980 = CYLINDRICAL_SURFACE ( 'NONE', #1787, 10.00000000000000888 ) ;
#3981 = CYLINDRICAL_SURFACE ( 'NONE', #1666, 10.00000000000000178 ) ;
#3982 = CARTESIAN_POINT ( 'NONE',  ( 100.0000000000000000, 24.00655469070046522, -17.40475215075791837 ) ) ;
#3983 = ADVANCED_FACE ( 'NONE', ( #1203, #4263, #3850 ), #810, .T. ) ;
#3984 = EDGE_CURVE ( 'NONE', #2957, #3422, #2631, .T. ) ;
#3985 = DIRECTION ( 'NONE',  ( 1.196361017915039239E-16, -1.000000000000000000, 5.963665354944621749E-34 ) ) ;
#3986 = ORIENTED_EDGE ( 'NONE', *, *, #3204, .T. ) ;
#3987 = EDGE_LOOP ( 'NONE', ( #111, #934, #3032 ) ) ;
#3988 = VERTEX_POINT ( 'NONE', #1292 ) ;
#3989 = FACE_BOUND ( 'NONE', #403, .T. ) ;
#3990 = EDGE_LOOP ( 'NONE', ( #617, #1436, #1573, #224, #2997, #3774, #4301, #3901 ) ) ;
#3991 = ORIENTED_EDGE ( 'NONE', *, *, #952, .F. ) ;
#3992 = CYLINDRICAL_SURFACE ( 'NONE', #4320, 1.699999999999993072 ) ;
#3993 = LINE ( 'NONE', #2939, #4092 ) ;
#3994 = FACE_OUTER_BOUND ( 'NONE', #1649, .T. ) ;
#3995 = EDGE_CURVE ( 'NONE', #932, #3880, #2585, .T. ) ;
#3996 = VERTEX_POINT ( 'NONE', #3925 ) ;
#3997 = PLANE ( 'NONE',  #457 ) ;
#3998 = DIRECTION ( 'NONE',  ( -1.000000000000000000, -0.000000000000000000, -0.000000000000000000 ) ) ;
#3999 = CARTESIAN_POINT ( 'NONE',  ( 6.500000000000000888, 60.00000000000000000, -57.74999999999997868 ) ) ;
#4000 = DIRECTION ( 'NONE',  ( 0.000000000000000000, -1.000000000000000000, 0.000000000000000000 ) ) ;
#4001 = DIRECTION ( 'NONE',  ( -1.000000000000000000, 0.000000000000000000, 0.000000000000000000 ) ) ;
#4002 = DIRECTION ( 'NONE',  ( 0.000000000000000000, 0.000000000000000000, 1.000000000000000000 ) ) ;
#4003 = AXIS2_PLACEMENT_3D ( 'NONE', #894, #564, #1986 ) ;
#4004 = DIRECTION ( 'NONE',  ( 0.000000000000000000, -1.000000000000000000, -1.349229370204183433E-16 ) ) ;
#4005 = ADVANCED_FACE ( 'NONE', ( #2985 ), #604, .T. ) ;
#4006 = DIRECTION ( 'NONE',  ( 0.000000000000000000, -0.5869675714609328132, -0.8096104433943862588 ) ) ;
#4007 = EDGE_LOOP ( 'NONE', ( #3542, #265, #2931, #3123 ) ) ;
#4008 = ORIENTED_EDGE ( 'NONE', *, *, #3360, .F. ) ;
#4009 = ORIENTED_EDGE ( 'NONE', *, *, #1921, .F. ) ;
#4010 = CIRCLE ( 'NONE', #2115, 1.699999999999993072 ) ;
#4011 = PLANE ( 'NONE',  #4365 ) ;
#4012 = ORIENTED_EDGE ( 'NONE', *, *, #3814, .F. ) ;
#4013 = ORIENTED_EDGE ( 'NONE', *, *, #2090, .T. ) ;
#4014 = VECTOR ( 'NONE', #770, 1000.000000000000000 ) ;
#4015 = EDGE_LOOP ( 'NONE', ( #3906, #2263, #876, #2070 ) ) ;
#4016 = EDGE_CURVE ( 'NONE', #2957, #301, #858, .T. ) ;
#4017 = DIRECTION ( 'NONE',  ( -0.000000000000000000, 1.000000000000000000, -0.000000000000000000 ) ) ;
#4018 = DIRECTION ( 'NONE',  ( 0.000000000000000000, -1.000000000000000000, -2.775557561562894112E-15 ) ) ;
#4019 = LINE ( 'NONE', #1961, #3837 ) ;
#4020 = ORIENTED_EDGE ( 'NONE', *, *, #480, .F. ) ;
#4021 = EDGE_CURVE ( 'NONE', #1256, #2155, #1435, .T. ) ;
#4022 = LINE ( 'NONE', #1271, #2420 ) ;
#4023 = DIRECTION ( 'NONE',  ( -0.000000000000000000, 1.000000000000000000, -0.000000000000000000 ) ) ;
#4024 = LINE ( 'NONE', #1013, #4243 ) ;
#4025 = EDGE_CURVE ( 'NONE', #1854, #3726, #585, .T. ) ;
#4026 = DIRECTION ( 'NONE',  ( -0.000000000000000000, -0.000000000000000000, -1.000000000000000000 ) ) ;
#4027 = ADVANCED_FACE ( 'NONE', ( #1624 ), #3687, .F. ) ;
#4028 = CARTESIAN_POINT ( 'NONE',  ( 2.250000000000006217, 2.999999999999995559, -6.500000000000000000 ) ) ;
#4029 = PLANE ( 'NONE',  #754 ) ;
#4030 = CARTESIAN_POINT ( 'NONE',  ( 7.500000000000000000, 52.50000000000000000, -52.49999999999999289 ) ) ;
#4031 = ORIENTED_EDGE ( 'NONE', *, *, #112, .T. ) ;
#4032 = ORIENTED_EDGE ( 'NONE', *, *, #2557, .T. ) ;
#4033 = AXIS2_PLACEMENT_3D ( 'NONE', #2232, #2945, #872 ) ;
#4034 = VERTEX_POINT ( 'NONE', #937 ) ;
#4035 = DIRECTION ( 'NONE',  ( 0.000000000000000000, 0.000000000000000000, 1.000000000000000000 ) ) ;
#4036 = ORIENTED_EDGE ( 'NONE', *, *, #3694, .T. ) ;
#4037 = EDGE_CURVE ( 'NONE', #3478, #1009, #1647, .T. ) ;
#4038 = VERTEX_POINT ( 'NONE', #3272 ) ;
#4039 = EDGE_CURVE ( 'NONE', #1223, #1973, #4019, .T. ) ;
#4040 = DIRECTION ( 'NONE',  ( -1.000000000000000000, 0.000000000000000000, -0.000000000000000000 ) ) ;
#4041 = LINE ( 'NONE', #1743, #1604 ) ;
#4042 = DIRECTION ( 'NONE',  ( 1.291815354450813678E-16, 0.000000000000000000, 1.000000000000000000 ) ) ;
#4043 = ORIENTED_EDGE ( 'NONE', *, *, #3113, .F. ) ;
#4044 = CARTESIAN_POINT ( 'NONE',  ( 11.75000000000000711, 56.99999999999999289, -11.74000000000000021 ) ) ;
#4045 = CARTESIAN_POINT ( 'NONE',  ( 7.500000000000000000, 52.50000000000000000, -60.00000000000000000 ) ) ;
#4046 = AXIS2_PLACEMENT_3D ( 'NONE', #3227, #1894, #1556 ) ;
#4047 = ADVANCED_FACE ( 'NONE', ( #3994 ), #2280, .F. ) ;
#4048 = DIRECTION ( 'NONE',  ( -1.000000000000000000, 0.000000000000000000, 1.291815354450813925E-16 ) ) ;
#4049 = LINE ( 'NONE', #2086, #1194 ) ;
#4050 = CARTESIAN_POINT ( 'NONE',  ( 92.50000000000000000, 2.999999999999995559, -2.249999999999999112 ) ) ;
#4051 = AXIS2_PLACEMENT_3D ( 'NONE', #3029, #2608, #2253 ) ;
#4052 = ADVANCED_FACE ( 'NONE', ( #4329 ), #1927, .F. ) ;
#4053 = CARTESIAN_POINT ( 'NONE',  ( 93.50000000000000000, 2.999999999999995559, -57.00000000000000000 ) ) ;
#4054 = DIRECTION ( 'NONE',  ( -1.000000000000000000, 0.000000000000000000, -0.000000000000000000 ) ) ;
#4055 = EDGE_CURVE ( 'NONE', #3897, #2383, #2715, .T. ) ;
#4056 = DIRECTION ( 'NONE',  ( 0.000000000000000000, 2.775557561562893718E-15, -1.000000000000000000 ) ) ;
#4057 = ORIENTED_EDGE ( 'NONE', *, *, #1917, .T. ) ;
#4058 = VERTEX_POINT ( 'NONE', #1980 ) ;
#4059 = ORIENTED_EDGE ( 'NONE', *, *, #404, .T. ) ;
#4060 = EDGE_CURVE ( 'NONE', #4369, #2528, #3337, .T. ) ;
#4061 = ORIENTED_EDGE ( 'NONE', *, *, #1575, .F. ) ;
#4062 = ORIENTED_EDGE ( 'NONE', *, *, #747, .T. ) ;
#4063 = CARTESIAN_POINT ( 'NONE',  ( 5.250000000000000888, 3.000000000000003997, -52.50000000000000000 ) ) ;
#4064 = LINE ( 'NONE', #1027, #2757 ) ;
#4065 = DIRECTION ( 'NONE',  ( 0.000000000000000000, 0.000000000000000000, 1.000000000000000000 ) ) ;
#4066 = ORIENTED_EDGE ( 'NONE', *, *, #840, .T. ) ;
#4067 = DIRECTION ( 'NONE',  ( 0.000000000000000000, -1.000000000000000000, -1.541976423090495387E-16 ) ) ;
#4068 = CARTESIAN_POINT ( 'NONE',  ( 7.500000000000000000, 40.00000000000000000, 0.000000000000000000 ) ) ;
#4069 = CARTESIAN_POINT ( 'NONE',  ( 0.000000000000000000, 48.24999999999999289, -44.89999999999999858 ) ) ;
#4070 = DIRECTION ( 'NONE',  ( 1.000000000000000000, 0.000000000000000000, 0.000000000000000000 ) ) ;
#4071 = CARTESIAN_POINT ( 'NONE',  ( 92.50000000000001421, 60.00000000000000000, 2.852656382717416882E-14 ) ) ;
#4072 = AXIS2_PLACEMENT_3D ( 'NONE', #2437, #4136, #340 ) ;
#4073 = DIRECTION ( 'NONE',  ( 2.340750404253721460E-16, 0.5869675714609323691, -0.8096104433943865919 ) ) ;
#4074 = CARTESIAN_POINT ( 'NONE',  ( 6.500000000000000000, 60.00000000000000000, -5.249999999999999112 ) ) ;
#4075 = EDGE_CURVE ( 'NONE', #309, #2711, #4378, .T. ) ;
#4076 = LINE ( 'NONE', #1443, #3696 ) ;
#4077 = ORIENTED_EDGE ( 'NONE', *, *, #2708, .F. ) ;
#4078 = VECTOR ( 'NONE', #3296, 1000.000000000000114 ) ;
#4079 = VERTEX_POINT ( 'NONE', #4353 ) ;
#4080 = ORIENTED_EDGE ( 'NONE', *, *, #2792, .T. ) ;
#4081 = VECTOR ( 'NONE', #866, 1000.000000000000000 ) ;
#4082 = DIRECTION ( 'NONE',  ( -1.000000000000000000, -0.000000000000000000, -0.000000000000000000 ) ) ;
#4083 = EDGE_CURVE ( 'NONE', #2996, #2910, #2673, .T. ) ;
#4084 = AXIS2_PLACEMENT_3D ( 'NONE', #1761, #189, #4130 ) ;
#4085 = EDGE_CURVE ( 'NONE', #1831, #2243, #792, .T. ) ;
#4086 = EDGE_LOOP ( 'NONE', ( #2622, #4020, #353, #3818 ) ) ;
#4087 = EDGE_CURVE ( 'NONE', #3524, #639, #2150, .T. ) ;
#4088 = VERTEX_POINT ( 'NONE', #3618 ) ;
#4089 = CARTESIAN_POINT ( 'NONE',  ( 92.50000000000001421, 60.00000000000000000, -7.500000000000000000 ) ) ;
#4090 = DIRECTION ( 'NONE',  ( -1.000000000000000000, -0.000000000000000000, -0.000000000000000000 ) ) ;
#4091 = CARTESIAN_POINT ( 'NONE',  ( 2.250000000000007105, 60.00000000000000000, -2.906584547514340267E-16 ) ) ;
#4092 = VECTOR ( 'NONE', #4352, 1000.000000000000000 ) ;
#4093 = ORIENTED_EDGE ( 'NONE', *, *, #1559, .T. ) ;
#4094 = EDGE_CURVE ( 'NONE', #263, #3094, #3274, .T. ) ;
#4095 = CARTESIAN_POINT ( 'NONE',  ( 100.0000000000000000, 8.095376221225100300E-15, -52.50000000000000000 ) ) ;
#4096 = DIRECTION ( 'NONE',  ( -0.000000000000000000, -0.000000000000000000, 1.000000000000000000 ) ) ;
#4097 = FACE_BOUND ( 'NONE', #3581, .T. ) ;
#4098 = DIRECTION ( 'NONE',  ( 0.000000000000000000, 0.000000000000000000, 1.000000000000000000 ) ) ;
#4099 = CARTESIAN_POINT ( 'NONE',  ( 7.500000000000000000, 40.00000000000000000, 0.000000000000000000 ) ) ;
#4100 = DIRECTION ( 'NONE',  ( 2.551063935260009998E-16, 0.000000000000000000, 1.000000000000000000 ) ) ;
#4101 = CARTESIAN_POINT ( 'NONE',  ( 7.500000000000000000, 40.00000000000000000, -2.249999999999999556 ) ) ;
#4102 = AXIS2_PLACEMENT_3D ( 'NONE', #3705, #2691, #642 ) ;
#4103 = DIRECTION ( 'NONE',  ( 0.000000000000000000, 0.000000000000000000, -1.000000000000000000 ) ) ;
#4104 = VERTEX_POINT ( 'NONE', #74 ) ;
#4105 = VERTEX_POINT ( 'NONE', #50 ) ;
#4106 = DIRECTION ( 'NONE',  ( -1.000000000000000000, -0.000000000000000000, 0.000000000000000000 ) ) ;
#4107 = VERTEX_POINT ( 'NONE', #1765 ) ;
#4108 = ORIENTED_EDGE ( 'NONE', *, *, #2347, .T. ) ;
#4109 = EDGE_CURVE ( 'NONE', #1269, #3240, #2723, .T. ) ;
#4110 = DIRECTION ( 'NONE',  ( 0.000000000000000000, 0.000000000000000000, 1.000000000000000000 ) ) ;
#4111 = CARTESIAN_POINT ( 'NONE',  ( 7.500000000000000000, 33.00000000000000000, -5.249999999999999112 ) ) ;
#4112 = CIRCLE ( 'NONE', #2775, 9.999999999999994671 ) ;
#4113 = EDGE_CURVE ( 'NONE', #1994, #1748, #2503, .T. ) ;
#4114 = LINE ( 'NONE', #1072, #1717 ) ;
#4115 = EDGE_LOOP ( 'NONE', ( #1602, #1067, #3922, #517, #107, #1869, #850, #4367, #4280, #2221, #2862, #3591, #1711, #3356, #1910, #3379, #881, #1932, #225, #1355 ) ) ;
#4116 = CARTESIAN_POINT ( 'NONE',  ( 0.000000000000000000, 60.00000000000000000, -5.249999999999999112 ) ) ;
#4117 = EDGE_LOOP ( 'NONE', ( #47, #1766, #3568, #1644 ) ) ;
#4118 = CARTESIAN_POINT ( 'NONE',  ( 92.50000000000001421, 56.99999999999999289, -52.50000000000000000 ) ) ;
#4119 = CARTESIAN_POINT ( 'NONE',  ( 92.50000000000000000, 1.011922027653137735E-15, -7.500000000000000888 ) ) ;
#4120 = DIRECTION ( 'NONE',  ( -0.000000000000000000, -0.000000000000000000, 1.000000000000000000 ) ) ;
#4121 = CARTESIAN_POINT ( 'NONE',  ( 7.500000000000000000, 52.50000000000000000, 0.000000000000000000 ) ) ;
#4122 = LINE ( 'NONE', #2863, #3961 ) ;
#4123 = ADVANCED_FACE ( 'NONE', ( #1411, #3737, #694 ), #2790, .T. ) ;
#4124 = CYLINDRICAL_SURFACE ( 'NONE', #931, 1.700000000000000178 ) ;
#4125 = VECTOR ( 'NONE', #3316, 1000.000000000000000 ) ;
#4126 = EDGE_LOOP ( 'NONE', ( #1931, #1691, #388, #1446 ) ) ;
#4127 = EDGE_CURVE ( 'NONE', #3240, #4236, #387, .T. ) ;
#4128 = ORIENTED_EDGE ( 'NONE', *, *, #3300, .T. ) ;
#4129 = EDGE_CURVE ( 'NONE', #1246, #514, #2053, .T. ) ;
#4130 = DIRECTION ( 'NONE',  ( -1.000000000000000000, 0.000000000000000000, 0.000000000000000000 ) ) ;
#4131 = VERTEX_POINT ( 'NONE', #1340 ) ;
#4132 = CARTESIAN_POINT ( 'NONE',  ( 100.0000000000000000, 48.25000000000000000, -15.10999999999999766 ) ) ;
#4133 = LINE ( 'NONE', #1368, #893 ) ;
#4134 = LINE ( 'NONE', #2744, #2285 ) ;
#4135 = EDGE_LOOP ( 'NONE', ( #3048, #2401, #2244, #2405 ) ) ;
#4136 = DIRECTION ( 'NONE',  ( -0.000000000000000000, 0.000000000000000000, -1.000000000000000000 ) ) ;
#4137 = PRODUCT_CONTEXT ( 'NONE', #2000, 'mechanical' ) ;
#4138 = ORIENTED_EDGE ( 'NONE', *, *, #3399, .T. ) ;
#4139 = CARTESIAN_POINT ( 'NONE',  ( 92.50000000000000000, 34.45000000000000995, -2.999999999999997335 ) ) ;
#4140 = EDGE_CURVE ( 'NONE', #3976, #218, #3384, .T. ) ;
#4141 = DIRECTION ( 'NONE',  ( 0.000000000000000000, -0.5869675714609324801, 0.8096104433943864809 ) ) ;
#4142 = DIRECTION ( 'NONE',  ( 0.000000000000000000, 0.000000000000000000, -1.000000000000000000 ) ) ;
#4143 = CARTESIAN_POINT ( 'NONE',  ( 98.34000000000001762, 48.24999999999999289, -46.55999999999999517 ) ) ;
#4144 = AXIS2_PLACEMENT_3D ( 'NONE', #512, #1474, #1451 ) ;
#4145 = DIRECTION ( 'NONE',  ( 0.000000000000000000, 0.000000000000000000, 1.000000000000000000 ) ) ;
#4146 = ADVANCED_FACE ( 'NONE', ( #2028 ), #2412, .T. ) ;
#4147 = ORIENTED_EDGE ( 'NONE', *, *, #2879, .T. ) ;
#4148 = ORIENTED_EDGE ( 'NONE', *, *, #3592, .T. ) ;
#4149 = EDGE_CURVE ( 'NONE', #201, #2495, #3070, .T. ) ;
#4150 = VECTOR ( 'NONE', #3440, 1000.000000000000000 ) ;
#4151 = CONICAL_SURFACE ( 'NONE', #4003, 3.360000000000002096, 0.7853981633974503884 ) ;
#4152 = EDGE_LOOP ( 'NONE', ( #3102, #1740, #2447, #1867 ) ) ;
#4153 = CIRCLE ( 'NONE', #1882, 3.360000000000002096 ) ;
#4154 = ORIENTED_EDGE ( 'NONE', *, *, #187, .F. ) ;
#4155 = VECTOR ( 'NONE', #1858, 1000.000000000000000 ) ;
#4156 = DIRECTION ( 'NONE',  ( -1.000000000000000000, 0.000000000000000000, 0.000000000000000000 ) ) ;
#4157 = CARTESIAN_POINT ( 'NONE',  ( 11.75000000000000711, 54.00000000000000000, -13.44000000000000128 ) ) ;
#4158 = CARTESIAN_POINT ( 'NONE',  ( 7.500000000000000000, 33.00000000000000711, -52.49999999999999289 ) ) ;
#4159 = ORIENTED_EDGE ( 'NONE', *, *, #2121, .F. ) ;
#4160 = FACE_OUTER_BOUND ( 'NONE', #4086, .T. ) ;
#4161 = ORIENTED_EDGE ( 'NONE', *, *, #3500, .F. ) ;
#4162 = CIRCLE ( 'NONE', #2040, 1.699999999999993072 ) ;
#4163 = DIRECTION ( 'NONE',  ( 1.000000000000000000, -0.000000000000000000, -0.000000000000000000 ) ) ;
#4164 = CARTESIAN_POINT ( 'NONE',  ( 98.34000000000001762, 48.25000000000000000, -11.74999999999999645 ) ) ;
#4165 = ORIENTED_EDGE ( 'NONE', *, *, #3882, .T. ) ;
#4166 = CARTESIAN_POINT ( 'NONE',  ( 6.500000000000000000, 2.999999999999995559, -54.99999999999995737 ) ) ;
#4167 = VECTOR ( 'NONE', #2709, 1000.000000000000000 ) ;
#4168 = EDGE_CURVE ( 'NONE', #4183, #1465, #1389, .T. ) ;
#4169 = LINE ( 'NONE', #3791, #2119 ) ;
#4170 = DIRECTION ( 'NONE',  ( 0.000000000000000000, 0.000000000000000000, 1.000000000000000000 ) ) ;
#4171 = EDGE_LOOP ( 'NONE', ( #1737, #1569, #3235, #4213 ) ) ;
#4172 = VECTOR ( 'NONE', #3106, 1000.000000000000000 ) ;
#4173 = VERTEX_POINT ( 'NONE', #4 ) ;
#4174 = ORIENTED_EDGE ( 'NONE', *, *, #618, .F. ) ;
#4175 = DIRECTION ( 'NONE',  ( 0.000000000000000000, 0.000000000000000000, 1.000000000000000000 ) ) ;
#4176 = LINE ( 'NONE', #1136, #186 ) ;
#4177 = EDGE_LOOP ( 'NONE', ( #1258, #4009, #2545, #2870, #1620, #2734, #3865, #2265, #1693, #1904 ) ) ;
#4178 = VECTOR ( 'NONE', #33, 1000.000000000000000 ) ;
#4179 = EDGE_CURVE ( 'NONE', #2536, #1715, #4114, .T. ) ;
#4180 = DIRECTION ( 'NONE',  ( 1.000000000000000000, -0.000000000000000000, -0.000000000000000000 ) ) ;
#4181 = EDGE_CURVE ( 'NONE', #2071, #4088, #3780, .T. ) ;
#4182 = VECTOR ( 'NONE', #2509, 1000.000000000000000 ) ;
#4183 = VERTEX_POINT ( 'NONE', #2081 ) ;
#4184 = DIRECTION ( 'NONE',  ( 1.000000000000000000, -0.000000000000000000, -0.000000000000000000 ) ) ;
#4185 = CARTESIAN_POINT ( 'NONE',  ( 100.0000000000000000, 36.20000000000000995, -54.99999999999995737 ) ) ;
#4186 = VECTOR ( 'NONE', #802, 1000.000000000000000 ) ;
#4187 = ORIENTED_EDGE ( 'NONE', *, *, #2122, .F. ) ;
#4188 = CARTESIAN_POINT ( 'NONE',  ( 2.250000000000007105, 32.99999999999998579, 8.297606839213537671E-14 ) ) ;
#4189 = EDGE_CURVE ( 'NONE', #4319, #3263, #4134, .T. ) ;
#4190 = CARTESIAN_POINT ( 'NONE',  ( 92.50000000000000000, 40.00000000000000000, 0.000000000000000000 ) ) ;
#4191 = DIRECTION ( 'NONE',  ( 0.000000000000000000, -2.775557561562894112E-15, 1.000000000000000000 ) ) ;
#4192 = FACE_OUTER_BOUND ( 'NONE', #3143, .T. ) ;
#4193 = ORIENTED_EDGE ( 'NONE', *, *, #891, .F. ) ;
#4194 = AXIS2_PLACEMENT_3D ( 'NONE', #2339, #227, #1601 ) ;
#4195 = EDGE_LOOP ( 'NONE', ( #3612, #485, #3162 ) ) ;
#4196 = VECTOR ( 'NONE', #738, 1000.000000000000000 ) ;
#4197 = AXIS2_PLACEMENT_3D ( 'NONE', #2704, #3012, #2967 ) ;
#4198 = LINE ( 'NONE', #1742, #3964 ) ;
#4199 = DIRECTION ( 'NONE',  ( -0.000000000000000000, -0.000000000000000000, -1.000000000000000000 ) ) ;
#4200 = EDGE_LOOP ( 'NONE', ( #75, #3775, #239, #3701 ) ) ;
#4201 = LINE ( 'NONE', #1158, #1308 ) ;
#4202 = VERTEX_POINT ( 'NONE', #1432 ) ;
#4203 = CARTESIAN_POINT ( 'NONE',  ( 92.50000000000000000, 33.00000000000000000, -7.499999999999996447 ) ) ;
#4204 = CARTESIAN_POINT ( 'NONE',  ( 0.000000000000000000, 60.00000000000000000, -6.500000000000000000 ) ) ;
#4205 = ORIENTED_EDGE ( 'NONE', *, *, #3948, .T. ) ;
#4206 = CARTESIAN_POINT ( 'NONE',  ( 2.250000000000006217, 2.999999999999996447, -7.500000000000000888 ) ) ;
#4207 = CARTESIAN_POINT ( 'NONE',  ( 2.250000000000000000, 52.50000000000000000, -52.50000000000000711 ) ) ;
#4208 = LINE ( 'NONE', #1168, #3623 ) ;
#4209 = PLANE ( 'NONE',  #2758 ) ;
#4210 = DIRECTION ( 'NONE',  ( -0.000000000000000000, 1.000000000000000000, -0.000000000000000000 ) ) ;
#4211 = VERTEX_POINT ( 'NONE', #2364 ) ;
#4212 = ADVANCED_FACE ( 'NONE', ( #362, #3759 ), #760, .F. ) ;
#4213 = ORIENTED_EDGE ( 'NONE', *, *, #2902, .F. ) ;
#4214 = CARTESIAN_POINT ( 'NONE',  ( 6.500000000000000888, 2.999999999999995559, -57.74999999999997868 ) ) ;
#4215 = EDGE_CURVE ( 'NONE', #4104, #3996, #3473, .T. ) ;
#4216 = EDGE_LOOP ( 'NONE', ( #440, #1288, #2242, #2376, #5, #3526, #695, #2962, #827, #3596 ) ) ;
#4217 = CIRCLE ( 'NONE', #39, 10.00000000000000533 ) ;
#4218 = DIRECTION ( 'NONE',  ( 0.000000000000000000, -1.000000000000000000, -0.000000000000000000 ) ) ;
#4219 = ORIENTED_EDGE ( 'NONE', *, *, #901, .T. ) ;
#4220 = LINE ( 'NONE', #4203, #2387 ) ;
#4221 = CARTESIAN_POINT ( 'NONE',  ( 6.500000000000000000, 2.999999999999995559, -54.74999999999997868 ) ) ;
#4222 = EDGE_CURVE ( 'NONE', #1891, #1939, #2857, .T. ) ;
#4223 = ORIENTED_EDGE ( 'NONE', *, *, #3653, .F. ) ;
#4224 = DIRECTION ( 'NONE',  ( 0.000000000000000000, 1.000000000000000000, -0.000000000000000000 ) ) ;
#4225 = AXIS2_PLACEMENT_3D ( 'NONE', #3779, #719, #3451 ) ;
#4226 = DIRECTION ( 'NONE',  ( 0.000000000000000000, -1.000000000000000000, -1.349229370204183433E-16 ) ) ;
#4227 = LINE ( 'NONE', #501, #2357 ) ;
#4228 = AXIS2_PLACEMENT_3D ( 'NONE', #2167, #3509, #2853 ) ;
#4229 = FACE_OUTER_BOUND ( 'NONE', #497, .T. ) ;
#4230 = DIRECTION ( 'NONE',  ( -0.000000000000000000, 1.000000000000000000, -0.000000000000000000 ) ) ;
#4231 = ORIENTED_EDGE ( 'NONE', *, *, #1554, .T. ) ;
#4232 = ORIENTED_EDGE ( 'NONE', *, *, #16, .T. ) ;
#4233 = VERTEX_POINT ( 'NONE', #1449 ) ;
#4234 = PRODUCT_DEFINITION_SHAPE ( 'NONE', 'NONE',  #3464 ) ;
#4235 = LINE ( 'NONE', #1195, #4245 ) ;
#4236 = VERTEX_POINT ( 'NONE', #4158 ) ;
#4237 = DIRECTION ( 'NONE',  ( -1.000000000000000000, -0.000000000000000000, -2.952720810173289112E-16 ) ) ;
#4238 = ORIENTED_EDGE ( 'NONE', *, *, #1400, .T. ) ;
#4239 = EDGE_CURVE ( 'NONE', #2224, #3703, #1114, .T. ) ;
#4240 = DIRECTION ( 'NONE',  ( 0.000000000000000000, -0.000000000000000000, -1.000000000000000000 ) ) ;
#4241 = DIRECTION ( 'NONE',  ( 0.000000000000000000, 1.000000000000000000, -2.282530889443172938E-16 ) ) ;
#4242 = ORIENTED_EDGE ( 'NONE', *, *, #877, .T. ) ;
#4243 = VECTOR ( 'NONE', #986, 1000.000000000000000 ) ;
#4244 = CARTESIAN_POINT ( 'NONE',  ( 92.50000000000000000, 52.50000000000000000, -57.74999999999999289 ) ) ;
#4245 = VECTOR ( 'NONE', #2560, 1000.000000000000000 ) ;
#4246 = EDGE_CURVE ( 'NONE', #1895, #765, #3823, .T. ) ;
#4247 = DIRECTION ( 'NONE',  ( -0.000000000000000000, -0.000000000000000000, 1.000000000000000000 ) ) ;
#4248 = PLANE ( 'NONE',  #3138 ) ;
#4249 = DIRECTION ( 'NONE',  ( -1.000000000000000000, 0.000000000000000000, 0.000000000000000000 ) ) ;
#4250 = DIRECTION ( 'NONE',  ( -0.000000000000000000, 1.000000000000000000, -0.000000000000000000 ) ) ;
#4251 = ORIENTED_EDGE ( 'NONE', *, *, #1134, .T. ) ;
#4252 = EDGE_CURVE ( 'NONE', #4233, #949, #95, .T. ) ;
#4253 = EDGE_LOOP ( 'NONE', ( #2850, #2355, #131, #1625 ) ) ;
#4254 = ORIENTED_EDGE ( 'NONE', *, *, #2312, .F. ) ;
#4255 = VERTEX_POINT ( 'NONE', #697 ) ;
#4256 = VECTOR ( 'NONE', #2753, 1000.000000000000000 ) ;
#4257 = LINE ( 'NONE', #843, #3127 ) ;
#4258 = VECTOR ( 'NONE', #3803, 1000.000000000000000 ) ;
#4259 = VECTOR ( 'NONE', #418, 1000.000000000000000 ) ;
#4260 = ORIENTED_EDGE ( 'NONE', *, *, #3115, .F. ) ;
#4261 = ORIENTED_EDGE ( 'NONE', *, *, #1496, .T. ) ;
#4262 = DIRECTION ( 'NONE',  ( -0.000000000000000000, 2.282530889443172938E-16, 1.000000000000000000 ) ) ;
#4263 = FACE_BOUND ( 'NONE', #1819, .T. ) ;
#4264 = EDGE_LOOP ( 'NONE', ( #2937, #3273, #3845, #3896 ) ) ;
#4265 = DIRECTION ( 'NONE',  ( -0.000000000000000000, 1.000000000000000000, -0.000000000000000000 ) ) ;
#4266 = CARTESIAN_POINT ( 'NONE',  ( 93.50000000000000000, 2.999999999999995559, -54.99999999999995737 ) ) ;
#4267 = CARTESIAN_POINT ( 'NONE',  ( 0.000000000000000000, 48.25000000000000000, -11.74999999999999645 ) ) ;
#4268 = CARTESIAN_POINT ( 'NONE',  ( 100.0000000000000000, -1.141265444721593569E-15, -5.000000000000030198 ) ) ;
#4269 = ADVANCED_FACE ( 'NONE', ( #628 ), #2749, .F. ) ;
#4270 = DIRECTION ( 'NONE',  ( 1.000000000000000000, -0.000000000000000000, 0.000000000000000000 ) ) ;
#4271 = CARTESIAN_POINT ( 'NONE',  ( 100.0000000000000000, 36.20000000000000995, 0.000000000000000000 ) ) ;
#4272 = ORIENTED_EDGE ( 'NONE', *, *, #2786, .T. ) ;
#4273 = CARTESIAN_POINT ( 'NONE',  ( 0.000000000000000000, 36.20000000000000995, 0.000000000000000000 ) ) ;
#4274 = ORIENTED_EDGE ( 'NONE', *, *, #3259, .T. ) ;
#4275 = ORIENTED_EDGE ( 'NONE', *, *, #200, .T. ) ;
#4276 = EDGE_CURVE ( 'NONE', #1465, #3749, #3763, .T. ) ;
#4277 = VERTEX_POINT ( 'NONE', #2654 ) ;
#4278 = DIRECTION ( 'NONE',  ( 0.000000000000000000, 1.000000000000000000, 0.000000000000000000 ) ) ;
#4279 = CIRCLE ( 'NONE', #1165, 1.700000000000000178 ) ;
#4280 = ORIENTED_EDGE ( 'NONE', *, *, #3190, .T. ) ;
#4281 = ORIENTED_EDGE ( 'NONE', *, *, #826, .F. ) ;
#4282 = LINE ( 'NONE', #2273, #686 ) ;
#4283 = DIRECTION ( 'NONE',  ( -1.000000000000000000, -0.000000000000000000, -0.000000000000000000 ) ) ;
#4284 = AXIS2_PLACEMENT_3D ( 'NONE', #1861, #1211, #2867 ) ;
#4285 = ORIENTED_EDGE ( 'NONE', *, *, #1252, .T. ) ;
#4286 = DIRECTION ( 'NONE',  ( -0.000000000000000000, -0.000000000000000000, -1.000000000000000000 ) ) ;
#4287 = AXIS2_PLACEMENT_3D ( 'NONE', #1536, #474, #1119 ) ;
#4288 = AXIS2_PLACEMENT_3D ( 'NONE', #1714, #4344, #2046 ) ;
#4289 = DIRECTION ( 'NONE',  ( -1.000000000000000000, -0.000000000000000000, -0.000000000000000000 ) ) ;
#4291 = AXIS2_PLACEMENT_3D ( 'NONE', #4267, #2614, #2278 ) ;
#4290 = DIRECTION ( 'NONE',  ( -0.000000000000000000, 1.000000000000000000, -0.000000000000000000 ) ) ;
#4292 = LINE ( 'NONE', #4314, #158 ) ;
#4293 = CARTESIAN_POINT ( 'NONE',  ( 11.75000000000000000, 48.25999999999999801, -1.660000000000022569 ) ) ;
#4294 = CARTESIAN_POINT ( 'NONE',  ( 88.26000000000001933, 54.00000000000000000, -13.43999999999999595 ) ) ;
#4295 = ADVANCED_FACE ( 'NONE', ( #1700 ), #1055, .F. ) ;
#4296 = ADVANCED_FACE ( 'NONE', ( #984 ), #2084, .F. ) ;
#4297 = CARTESIAN_POINT ( 'NONE',  ( 7.500000000000000000, 40.00000000000000000, -60.00000000000000000 ) ) ;
#4298 = VECTOR ( 'NONE', #4090, 1000.000000000000000 ) ;
#4299 = VERTEX_POINT ( 'NONE', #723 ) ;
#4300 = ORIENTED_EDGE ( 'NONE', *, *, #3704, .T. ) ;
#4301 = ORIENTED_EDGE ( 'NONE', *, *, #1772, .F. ) ;
#4302 = CARTESIAN_POINT ( 'NONE',  ( 7.500000000000000888, 56.99999999999999289, -7.500000000000000000 ) ) ;
#4303 = ORIENTED_EDGE ( 'NONE', *, *, #1178, .F. ) ;
#4304 = ORIENTED_EDGE ( 'NONE', *, *, #3339, .T. ) ;
#4305 = AXIS2_PLACEMENT_3D ( 'NONE', #1753, #702, #2348 ) ;
#4306 = FACE_OUTER_BOUND ( 'NONE', #2264, .T. ) ;
#4307 = DIRECTION ( 'NONE',  ( 0.000000000000000000, 2.775557561562893718E-15, -1.000000000000000000 ) ) ;
#4308 = ORIENTED_EDGE ( 'NONE', *, *, #2579, .F. ) ;
#4309 = EDGE_CURVE ( 'NONE', #4107, #3606, #2145, .T. ) ;
#4310 = ADVANCED_FACE ( 'NONE', ( #3389 ), #3667, .T. ) ;
#4311 = LINE ( 'NONE', #2923, #2269 ) ;
#4312 = CARTESIAN_POINT ( 'NONE',  ( 11.75000000000000000, 56.99999999999999289, -48.25000000000000000 ) ) ;
#4313 = FACE_OUTER_BOUND ( 'NONE', #1212, .T. ) ;
#4314 = CARTESIAN_POINT ( 'NONE',  ( 6.500000000000000000, 52.50000000000000000, -54.74999999999997868 ) ) ;
#4315 = CARTESIAN_POINT ( 'NONE',  ( 7.500000000000000000, 40.00000000000000000, 0.000000000000000000 ) ) ;
#4316 = DIRECTION ( 'NONE',  ( 1.196361017915039239E-16, -1.000000000000000000, 0.000000000000000000 ) ) ;
#4317 = AXIS2_PLACEMENT_3D ( 'NONE', #62, #1420, #2777 ) ;
#4318 = PLANE ( 'NONE',  #3944 ) ;
#4319 = VERTEX_POINT ( 'NONE', #2009 ) ;
#4320 = AXIS2_PLACEMENT_3D ( 'NONE', #954, #4017, #2003 ) ;
#4321 = EDGE_LOOP ( 'NONE', ( #4066, #4147, #469, #1132 ) ) ;
#4322 = VERTEX_POINT ( 'NONE', #2392 ) ;
#4323 = CARTESIAN_POINT ( 'NONE',  ( 98.34000000000001762, 48.24999999999999289, -48.25999999999999801 ) ) ;
#4324 = ORIENTED_EDGE ( 'NONE', *, *, #1186, .F. ) ;
#4325 = ORIENTED_EDGE ( 'NONE', *, *, #2738, .T. ) ;
#4326 = CARTESIAN_POINT ( 'NONE',  ( 7.500000000000000000, 40.00000000000000000, -60.00000000000000000 ) ) ;
#4327 = AXIS2_PLACEMENT_3D ( 'NONE', #4164, #2130, #3480 ) ;
#4328 = CARTESIAN_POINT ( 'NONE',  ( 92.50000000000001421, 54.00000000000000000, 2.852656382717416251E-14 ) ) ;
#4329 = FACE_OUTER_BOUND ( 'NONE', #1176, .T. ) ;
#4330 = EDGE_CURVE ( 'NONE', #3263, #4034, #1639, .T. ) ;
#4331 = EDGE_LOOP ( 'NONE', ( #3915, #238, #1736, #1488, #3593, #1780, #4232, #3836, #3002, #2311, #600, #2017 ) ) ;
#4332 = FACE_OUTER_BOUND ( 'NONE', #2054, .T. ) ;
#4333 = DIRECTION ( 'NONE',  ( -2.952720810173288619E-16, 0.000000000000000000, 1.000000000000000000 ) ) ;
#4334 = LINE ( 'NONE', #4266, #2236 ) ;
#4335 = FACE_OUTER_BOUND ( 'NONE', #2603, .T. ) ;
#4336 = LINE ( 'NONE', #1632, #87 ) ;
#4337 = FACE_OUTER_BOUND ( 'NONE', #3990, .T. ) ;
#4338 = PLANE ( 'NONE',  #3230 ) ;
#4339 = FACE_OUTER_BOUND ( 'NONE', #1, .T. ) ;
#4340 = EDGE_LOOP ( 'NONE', ( #4254, #1125, #2699, #925 ) ) ;
#4341 = VERTEX_POINT ( 'NONE', #3740 ) ;
#4342 = ORIENTED_EDGE ( 'NONE', *, *, #2121, .T. ) ;
#4343 = EDGE_CURVE ( 'NONE', #2878, #1643, #2057, .T. ) ;
#4344 = DIRECTION ( 'NONE',  ( 0.000000000000000000, 0.8096104433943864809, 0.5869675714609324801 ) ) ;
#4345 = EDGE_CURVE ( 'NONE', #3240, #2897, #654, .T. ) ;
#4346 = VERTEX_POINT ( 'NONE', #3434 ) ;
#4347 = ORIENTED_EDGE ( 'NONE', *, *, #935, .T. ) ;
#4348 = CIRCLE ( 'NONE', #524, 1.700000000000000178 ) ;
#4349 = ORIENTED_EDGE ( 'NONE', *, *, #3206, .F. ) ;
#4350 = EDGE_CURVE ( 'NONE', #715, #400, #4381, .T. ) ;
#4351 = FACE_OUTER_BOUND ( 'NONE', #4200, .T. ) ;
#4352 = DIRECTION ( 'NONE',  ( 1.196361017915039239E-16, -1.000000000000000000, 0.000000000000000000 ) ) ;
#4353 = CARTESIAN_POINT ( 'NONE',  ( 100.0000000000000000, 34.45000000000000284, -57.00000000000000000 ) ) ;
#4354 = EDGE_LOOP ( 'NONE', ( #3963, #556, #4128, #1962 ) ) ;
#4355 = CARTESIAN_POINT ( 'NONE',  ( 0.000000000000000000, 60.00000000000000000, -53.50000000000000000 ) ) ;
#4356 = LINE ( 'NONE', #1372, #3899 ) ;
#4357 = AXIS2_PLACEMENT_3D ( 'NONE', #1900, #874, #4002 ) ;
#4358 = AXIS2_PLACEMENT_3D ( 'NONE', #1033, #2060, #3766 ) ;
#4359 = CARTESIAN_POINT ( 'NONE',  ( 0.000000000000000000, 48.24999999999999289, -44.89999999999999858 ) ) ;
#4360 = DIRECTION ( 'NONE',  ( 0.000000000000000000, 0.000000000000000000, 1.000000000000000000 ) ) ;
#4361 = DIRECTION ( 'NONE',  ( 0.000000000000000000, 0.000000000000000000, 1.000000000000000000 ) ) ;
#4362 = CARTESIAN_POINT ( 'NONE',  ( 11.75000000000000000, 56.99999999999999289, -46.55000000000001137 ) ) ;
#4363 = VECTOR ( 'NONE', #1373, 1000.000000000000000 ) ;
#4364 = DIRECTION ( 'NONE',  ( -1.156482317317871478E-16, 0.000000000000000000, -1.000000000000000000 ) ) ;
#4365 = AXIS2_PLACEMENT_3D ( 'NONE', #1619, #4035, #331 ) ;
#4366 = CARTESIAN_POINT ( 'NONE',  ( 1.121588454295349287E-17, 52.50000000000000000, -2.249999999999999556 ) ) ;
#4367 = ORIENTED_EDGE ( 'NONE', *, *, #1362, .T. ) ;
#4368 = VERTEX_POINT ( 'NONE', #390 ) ;
#4369 = VERTEX_POINT ( 'NONE', #1651 ) ;
#4370 = VECTOR ( 'NONE', #1492, 1000.000000000000000 ) ;
#4371 = VERTEX_POINT ( 'NONE', #2701 ) ;
#4372 = EDGE_LOOP ( 'NONE', ( #996, #3651, #3711, #1424 ) ) ;
#4373 = VECTOR ( 'NONE', #3747, 1000.000000000000000 ) ;
#4374 = VERTEX_POINT ( 'NONE', #1011 ) ;
#4375 = DIRECTION ( 'NONE',  ( 0.000000000000000000, 0.000000000000000000, -1.000000000000000000 ) ) ;
#4376 = EDGE_CURVE ( 'NONE', #4104, #805, #1724, .T. ) ;
#4377 = CARTESIAN_POINT ( 'NONE',  ( 11.75000000000000000, 54.00000000000000000, -46.55000000000000426 ) ) ;
#4378 = LINE ( 'NONE', #1245, #3487 ) ;
#4379 = ORIENTED_EDGE ( 'NONE', *, *, #1317, .F. ) ;
#4380 = CARTESIAN_POINT ( 'NONE',  ( 92.50000000000000000, 33.00000000000015632, -9.159339953157576799E-14 ) ) ;
#4381 = LINE ( 'NONE', #2416, #154 ) ;
#4382 = EDGE_CURVE ( 'NONE', #2288, #857, #3713, .T. ) ;
#4383 = DIRECTION ( 'NONE',  ( -1.000000000000000000, 0.000000000000000000, 0.000000000000000000 ) ) ;
#4384 = DIRECTION ( 'NONE',  ( -0.7071067811865474617, 8.659560562354932858E-17, -0.7071067811865474617 ) ) ;
#4385 = CARTESIAN_POINT ( 'NONE',  ( 92.50000000000000000, 33.00000000000000000, -55.00000000000000000 ) ) ;
#4386 = CARTESIAN_POINT ( 'NONE',  ( 100.0000000000000000, 52.50000000000000000, 0.000000000000000000 ) ) ;
#4387 = DIRECTION ( 'NONE',  ( 0.000000000000000000, 0.000000000000000000, 1.000000000000000000 ) ) ;
#4388 = EDGE_CURVE ( 'NONE', #4079, #765, #4356, .T. ) ;
#4389 = CARTESIAN_POINT ( 'NONE',  ( 82.50000000000000000, 54.00000000000000000, -52.50000000000000000 ) ) ;
#4390 = EDGE_LOOP ( 'NONE', ( #507, #1107 ) ) ;
#4391 = LINE ( 'NONE', #1655, #3569 ) ;
#4392 = AXIS2_PLACEMENT_3D ( 'NONE', #979, #623, #3335 ) ;
#4393 = ORIENTED_EDGE ( 'NONE', *, *, #4388, .T. ) ;
#4394 = VECTOR ( 'NONE', #681, 1000.000000000000000 ) ;
#4395 = PLANE ( 'NONE',  #2462 ) ;
#4396 = VECTOR ( 'NONE', #3611, 1000.000000000000000 ) ;
#4397 = ORIENTED_EDGE ( 'NONE', *, *, #3073, .F. ) ;
ENDSEC;
END-ISO-10303-21;
